RL000319	ID=RLCSvm1G00294;Parent=repeat_region_58;Name=TE_00000818;Classification=LTR/Copia;Sequence_ontology=SO:0002264;ltr_identity=0.9440;Method=structural;motif=TGCA;tsd=AATTG::Chr09:49215876-49220902(+)
RL000009	ID=RLGSvm1G00234;Parent=repeat_region_57;Name=TE_00000621;Classification=LTR/Gypsy;Sequence_ontology=SO:0002265;ltr_identity=0.9931;Method=structural;motif=TGCA;tsd=TTTCC::Chr09:48504154-48508660(-)
RL000318	ID=RLGSvm1G00233;Parent=repeat_region_56;Name=TE_00000700;Classification=LTR/Gypsy;Sequence_ontology=SO:0002265;ltr_identity=0.9735;Method=structural;motif=TGCA;tsd=GCTCT::Chr09:46622550-46627694(+)
RL000317	ID=LTRRT_RLXSvm1G00073;Parent=repeat_region_55;Name=TE_00000947;Classification=LTR/unknown;Sequence_ontology=SO:0000186;ltr_identity=0.9273;Method=structural;motif=TGCA;tsd=GATTG::Chr09:45830694-45833552(?)
RL000012	ID=RLGSvm1G00232;Parent=repeat_region_54;Name=TE_00000805;Classification=LTR/Gypsy;Sequence_ontology=SO:0002265;ltr_identity=0.9864;Method=structural;motif=TGCA;tsd=CCATC::Chr09:43647127-43660460(+)
RL000035	ID=LTRRT_RLXSvm1G00072;Parent=repeat_region_53;Name=TE_00001093;Classification=LTR/unknown;Sequence_ontology=SO:0000186;ltr_identity=0.9930;Method=structural;motif=TGCA;tsd=ATTAC::Chr09:42699977-42704932(?)
RL000316	ID=LTRRT_RLXSvm1G00071;Parent=repeat_region_51;Name=TE_00001112;Classification=LTR/unknown;Sequence_ontology=SO:0000186;ltr_identity=0.9675;Method=structural;motif=TGCA;tsd=CTTTT::Chr09:41488690-41492215(?)
RL000003	ID=RLCSvm1G00292;Parent=repeat_region_49;Name=TE_00001202;Classification=LTR/Copia;Sequence_ontology=SO:0002264;ltr_identity=0.9676;Method=structural;motif=TGCA;tsd=ATAAT::Chr09:40596657-40608250(+)
RL000315	ID=RLCSvm1G00291;Parent=repeat_region_48;Name=TE_00000723;Classification=LTR/Copia;Sequence_ontology=SO:0002264;ltr_identity=1.0000;Method=structural;motif=TGTA;tsd=ATTTC::Chr09:40257050-40262313(+)
RL000312	ID=LTRRT_RLXSvm1G00070;Parent=repeat_region_42;Name=TE_00000770;Classification=LTR/unknown;Sequence_ontology=SO:0000186;ltr_identity=0.9257;Method=structural;motif=TGCA;tsd=CTCCC::Chr09:35629594-35632265(?)
RL000009	ID=RLGSvm1G00223;Parent=repeat_region_35;Name=TE_00000736;Classification=LTR/Gypsy;Sequence_ontology=SO:0002265;ltr_identity=0.9694;Method=structural;motif=TGCA;tsd=CAGGG::Chr09:29362569-29366856(-)
RL000307	ID=RLCSvm1G00286;Parent=repeat_region_34;Name=TE_00000715;Classification=LTR/Copia;Sequence_ontology=SO:0002264;ltr_identity=0.9571;Method=structural;motif=TGCA;tsd=ATATG::Chr09:28484819-28490125(-)
RL000022	ID=RLGSvm1G00222;Parent=repeat_region_32;Name=TE_00000678;Classification=LTR/Gypsy;Sequence_ontology=SO:0002265;ltr_identity=0.9554;Method=structural;motif=TGCA;tsd=AAAGT::Chr09:28202135-28208938(+)
RL000007	ID=RLCSvm1G00283;Parent=repeat_region_30;Name=TE_00000729;Classification=LTR/Copia;Sequence_ontology=SO:0002264;ltr_identity=0.9293;Method=structural;motif=TGCA;tsd=CATAC::Chr09:27838909-27846877(-)
RL000305	ID=RLCSvm1G00282;Parent=repeat_region_28;Name=TE_00000665;Classification=LTR/Copia;Sequence_ontology=SO:0002264;ltr_identity=0.9560;Method=structural;motif=TGCA;tsd=CCAAC::Chr09:27433611-27444888(+)
RL000304	ID=LTRRT_RLXSvm1G00069;Parent=repeat_region_27;Name=TE_00001014;Classification=LTR/unknown;Sequence_ontology=SO:0000186;ltr_identity=0.9375;Method=structural;motif=TGCA;tsd=GCACA::Chr09:27173458-27177524(?)
RL000303	ID=RLCSvm1G00281;Parent=repeat_region_25;Name=TE_00000752;Classification=LTR/Copia;Sequence_ontology=SO:0002264;ltr_identity=0.9956;Method=structural;motif=TGTA;tsd=GACCG::Chr09:26909348-26914174(+)
RL000302	ID=RLCSvm1G00280;Parent=repeat_region_24;Name=TE_00000840;Classification=LTR/Copia;Sequence_ontology=SO:0002264;ltr_identity=0.9795;Method=structural;motif=TGCA;tsd=TGT::Chr09:26410940-26425060(+)
RL000298	ID=RLCSvm1G00278;Parent=repeat_region_20;Name=TE_00000991;Classification=LTR/Copia;Sequence_ontology=SO:0002264;ltr_identity=0.9698;Method=structural;motif=TGCA;tsd=GTCTT::Chr09:24453986-24459600(+)
RL000296	ID=RLCSvm1G00277;Parent=repeat_region_18;Name=TE_00000880;Classification=LTR/Copia;Sequence_ontology=SO:0002264;ltr_identity=0.9831;Method=structural;motif=TGCA;tsd=TCTTC::Chr09:22368835-22373715(+)
RL000009	ID=RLGSvm1G00218;Parent=repeat_region_17;Name=TE_00000612;Classification=LTR/Gypsy;Sequence_ontology=SO:0002265;ltr_identity=0.9941;Method=structural;motif=TGCA;tsd=TCCGG::Chr09:22355444-22359765(+)
RL000019	ID=LTRRT_RLXSvm1G00066;Parent=repeat_region_16;Name=TE_00000962;Classification=LTR/unknown;Sequence_ontology=SO:0000186;ltr_identity=0.9697;Method=structural;motif=TGCA;tsd=ATTTC::Chr09:19305918-19311186(-)
RL000046	ID=RLGSvm1G00217;Parent=repeat_region_15;Name=TE_00000784;Classification=LTR/Gypsy;Sequence_ontology=SO:0002265;ltr_identity=0.9176;Method=structural;motif=TGCA;tsd=ACGAC::Chr09:19163600-19175892(?)
RL000294	ID=RLCSvm1G00275;Parent=repeat_region_13;Name=TE_00000859;Classification=LTR/Copia;Sequence_ontology=SO:0002264;ltr_identity=0.9500;Method=structural;motif=TACA;tsd=AAGAG::Chr09:16699979-16704950(-)
RL000293	ID=RLCSvm1G00274;Parent=repeat_region_12;Name=TE_00000906;Classification=LTR/Copia;Sequence_ontology=SO:0002264;ltr_identity=0.9814;Method=structural;motif=TGCA;tsd=CAGGA::Chr09:15389446-15394543(-)
RL000004	ID=RLCSvm1G00271;Parent=repeat_region_8;Name=TE_00000955;Classification=LTR/Copia;Sequence_ontology=SO:0002264;ltr_identity=0.9792;Method=structural;motif=TGCA;tsd=TTATG::Chr09:11501608-11509582(-)
RL000012	ID=RLGSvm1G00215;Parent=repeat_region_7;Name=TE_00000949;Classification=LTR/Gypsy;Sequence_ontology=SO:0002265;ltr_identity=0.9789;Method=structural;motif=TGCA;tsd=AAATG::Chr09:11207858-11221046(+)
RL000022	ID=RLGSvm1G00214;Parent=repeat_region_5;Name=TE_00000678;Classification=LTR/Gypsy;Sequence_ontology=SO:0002265;ltr_identity=0.9729;Method=structural;motif=TGCA;tsd=TGTGG::Chr09:8231910-8238705(-)
RL000053	ID=RLCSvm1G00269;Parent=repeat_region_4;Name=TE_00000701;Classification=LTR/Copia;Sequence_ontology=SO:0002264;ltr_identity=0.9576;Method=structural;motif=TGCA;tsd=TGAAT::Chr09:6110547-6115467(-)
RL000290	ID=RLCSvm1G00268;Parent=repeat_region_3;Name=TE_00001157;Classification=LTR/Copia;Sequence_ontology=SO:0002264;ltr_identity=0.9964;Method=structural;motif=TGCA;tsd=CTCGT::Chr09:4211054-4215993(-)
RL000007	ID=RLCSvm1G00266;Parent=repeat_region_85;Name=TE_00000719;Classification=LTR/Copia;Sequence_ontology=SO:0002264;ltr_identity=0.9673;Method=structural;motif=TGCA;tsd=CTCCC::Chr08:42037206-42045300(-)
RL000042	ID=RLCSvm1G00265;Parent=repeat_region_84;Name=TE_00000662;Classification=LTR/Copia;Sequence_ontology=SO:0002264;ltr_identity=0.9842;Method=structural;motif=TGCA;tsd=CAGGC::Chr08:41911908-41917315(+)
RL000311	ID=RLGSvm1G00227;Parent=repeat_region_39;Name=TE_00001008;Classification=LTR/Gypsy;Sequence_ontology=SO:0002265;ltr_identity=0.9151;Method=structural;motif=TGCA;tsd=ATTTG::Chr09:31791700-31805051(-)
RL000018	ID=RLCSvm1G00264;Parent=repeat_region_81;Name=TE_00000631;Classification=LTR/Copia;Sequence_ontology=SO:0002264;ltr_identity=0.9664;Method=structural;motif=TGCA;tsd=GGTCC::Chr08:40106964-40113666(-)
RL000018	ID=RLCSvm1G00263;Parent=repeat_region_80;Name=TE_00000919;Classification=LTR/Copia;Sequence_ontology=SO:0002264;ltr_identity=0.9300;Method=structural;motif=TGCA;tsd=CCAAG::Chr08:39033406-39040021(-)
RL000018	ID=RLCSvm1G00262;Parent=repeat_region_79;Name=TE_00000599;Classification=LTR/Copia;Sequence_ontology=SO:0002264;ltr_identity=0.9933;Method=structural;motif=TGCA;tsd=GACGC::Chr08:38668091-38674733(-)
RL000028	ID=RLCSvm1G00260;Parent=repeat_region_76;Name=TE_00000552;Classification=LTR/Copia;Sequence_ontology=SO:0002264;ltr_identity=0.9830;Method=structural;motif=TGCA;tsd=TATTG::Chr08:37979711-37984333(+)
RL000039	ID=RLCSvm1G00259;Parent=repeat_region_75;Name=TE_00000736;Classification=LTR/Copia;Sequence_ontology=SO:0002264;ltr_identity=0.9731;Method=structural;motif=TGCA;tsd=TGCAG::Chr08:37222409-37227288(+)
RL000287	ID=RLGSvm1G00210;Parent=repeat_region_74;Name=TE_00000806;Classification=LTR/Gypsy;Sequence_ontology=SO:0002265;ltr_identity=0.9437;Method=structural;motif=TGCA;tsd=TGCAG::Chr08:36965378-36977517(-)
RL000297	ID=RLGSvm1G00219;Parent=repeat_region_19;Name=TE_00000779;Classification=LTR/Gypsy;Sequence_ontology=SO:0002265;ltr_identity=0.9324;Method=structural;motif=TGCA;tsd=AGTAT::Chr09:22980600-22989328(-)
RL000286	ID=RLGSvm1G00209;Parent=repeat_region_72;Name=TE_00000829;Classification=LTR/Gypsy;Sequence_ontology=SO:0002265;ltr_identity=1.0000;Method=structural;motif=TGCA;tsd=GCCTC::Chr08:35735384-35740787(-)
RL000018	ID=RLCSvm1G00257;Parent=repeat_region_71;Name=TE_00000599;Classification=LTR/Copia;Sequence_ontology=SO:0002264;ltr_identity=0.9933;Method=structural;motif=TGCA;tsd=TAAGC::Chr08:35164129-35170813(+)
RL000292	ID=RLCSvm1G00272;Parent=repeat_region_9;Name=TE_00000646;Classification=LTR/Copia;Sequence_ontology=SO:0002264;ltr_identity=0.9815;Method=structural;motif=TGCA;tsd=ATGTA::Chr09:11709256-11711171(-)
RL000285	ID=RLGSvm1G00208;Parent=repeat_region_70;Name=TE_00000977;Classification=LTR/Gypsy;Sequence_ontology=SO:0002265;ltr_identity=1.0000;Method=structural;motif=TGCA;tsd=CAACT::Chr08:35018134-35023825(-)
RL000004	ID=RLCSvm1G00256;Parent=repeat_region_69;Name=TE_00000887;Classification=LTR/Copia;Sequence_ontology=SO:0002264;ltr_identity=0.9920;Method=structural;motif=TGCA;tsd=GGATC::Chr08:34973524-34982883(-)
RL000007	ID=RLCSvm1G00255;Parent=repeat_region_68;Name=TE_00000719;Classification=LTR/Copia;Sequence_ontology=SO:0002264;ltr_identity=0.9903;Method=structural;motif=TGCA;tsd=AGCG::Chr08:34108806-34115949(-)
RL000284	ID=LTRRT_RLXSvm1G00064;Parent=repeat_region_67;Name=TE_00000920;Classification=LTR/unknown;Sequence_ontology=SO:0000186;ltr_identity=0.9965;Method=structural;motif=TGCA;tsd=TTGT::Chr08:33885497-33891778(?)
RL000032	ID=RLCSvm1G00250;Parent=repeat_region_61;Name=TE_00001060;Classification=LTR/Copia;Sequence_ontology=SO:0002264;ltr_identity=0.9969;Method=structural;motif=TGCA;tsd=AACGC::Chr08:32641508-32646576(-)
RL000281	ID=RLGSvm1G00206;Parent=repeat_region_56;Name=TE_00000955;Classification=LTR/Gypsy;Sequence_ontology=SO:0002265;ltr_identity=0.9670;Method=structural;motif=TGCA;tsd=CCGAT::Chr08:29146804-29163205(+)
RL000022	ID=RLGSvm1G00204;Parent=repeat_region_53;Name=TE_00000762;Classification=LTR/Gypsy;Sequence_ontology=SO:0002265;ltr_identity=0.9681;Method=structural;motif=TGCA;tsd=TCGGG::Chr08:28889569-28896315(-)
RL000280	ID=RLGSvm1G00203;Parent=repeat_region_51;Name=TE_00000837;Classification=LTR/Gypsy;Sequence_ontology=SO:0002265;ltr_identity=0.9495;Method=structural;motif=TGCA;tsd=NA::Chr08:26142774-26147820(-)
RL000276	ID=RLCSvm1G00242;Parent=repeat_region_47;Name=TE_00001000;Classification=LTR/Copia;Sequence_ontology=SO:0002264;ltr_identity=0.9081;Method=structural;motif=TGCA;tsd=TCTC::Chr08:24338294-24342723(+)
RL000275	ID=LTRRT_RLXSvm1G00061;Parent=repeat_region_45;Name=TE_00000581;Classification=LTR/unknown;Sequence_ontology=SO:0000186;ltr_identity=0.9782;Method=structural;motif=TGCA;tsd=AACAT::Chr08:23905815-23916159(?)
RL000274	ID=LTRRT_RLXSvm1G00060;Parent=repeat_region_43;Name=TE_00000854;Classification=LTR/unknown;Sequence_ontology=SO:0000186;ltr_identity=1.0000;Method=structural;motif=TGCA;tsd=TGAAC::Chr08:22918708-22923698(+)
RL000007	ID=RLCSvm1G00240;Parent=repeat_region_41;Name=TE_00000719;Classification=LTR/Copia;Sequence_ontology=SO:0002264;ltr_identity=0.9465;Method=structural;motif=TGCA;tsd=TCTCC::Chr08:22755170-22763293(+)
RL000291	ID=RLCSvm1G00270;Parent=repeat_region_6;Name=TE_00000881;Classification=LTR/Copia;Sequence_ontology=SO:0002264;ltr_identity=0.9919;Method=structural;motif=TGCA;tsd=CGATG::Chr09:9929263-9934197(+)
RL000038	ID=RLGSvm1G00200;Parent=repeat_region_40;Name=TE_00000675;Classification=LTR/Gypsy;Sequence_ontology=SO:0002265;ltr_identity=0.9329;Method=structural;motif=TGCA;tsd=CTACA::Chr08:22305599-22318591(-)
RL000044	ID=RLGSvm1G00199;Parent=repeat_region_39;Name=TE_00000560;Classification=LTR/Gypsy;Sequence_ontology=SO:0002265;ltr_identity=0.9130;Method=structural;motif=TGCA;tsd=TTTGG::Chr08:22125046-22132646(-)
RL000279	ID=RLCSvm1G00244;Parent=repeat_region_50;Name=TE_00000761;Classification=LTR/Copia;Sequence_ontology=SO:0002264;ltr_identity=0.9764;Method=structural;motif=TGCA;tsd=TGCTA::Chr08:26079728-26084547(+)
RL000273	ID=RLCSvm1G00239;Parent=repeat_region_38;Name=TE_00000544;Classification=LTR/Copia;Sequence_ontology=SO:0002264;ltr_identity=0.9580;Method=structural;motif=TGCA;tsd=AAGAA::Chr08:21953505-21958427(-)
RL000007	ID=RLCSvm1G00238;Parent=repeat_region_37;Name=TE_00000719;Classification=LTR/Copia;Sequence_ontology=SO:0002264;ltr_identity=0.9281;Method=structural;motif=TGCA;tsd=GTTCG::Chr08:21845176-21853354(+)
RL000051	ID=RLCSvm1G00295;Parent=repeat_region_59;Name=TE_00001084;Classification=LTR/Copia;Sequence_ontology=SO:0002264;ltr_identity=1.0000;Method=structural;motif=TGCA;tsd=CATAA::Chr09:50119079-50124187(-)
RL000046	ID=RLGSvm1G00197;Parent=repeat_region_35;Name=TE_00001066;Classification=LTR/Gypsy;Sequence_ontology=SO:0002265;ltr_identity=0.9379;Method=structural;motif=TGCA;tsd=CTAAC::Chr08:20998301-21010187(?)
RL000022	ID=RLGSvm1G00196;Parent=repeat_region_34;Name=TE_00000830;Classification=LTR/Gypsy;Sequence_ontology=SO:0002265;ltr_identity=0.9611;Method=structural;motif=TGCA;tsd=GTGTC::Chr08:20363209-20369670(+)
RL000022	ID=RLGSvm1G00192;Parent=repeat_region_30;Name=TE_00000762;Classification=LTR/Gypsy;Sequence_ontology=SO:0002265;ltr_identity=0.9541;Method=structural;motif=TGCA;tsd=CCCTG::Chr08:19117727-19124397(-)
RL000007	ID=RLCSvm1G00237;Parent=repeat_region_29;Name=TE_00000719;Classification=LTR/Copia;Sequence_ontology=SO:0002264;ltr_identity=0.9633;Method=structural;motif=TGCA;tsd=ACAAC::Chr08:18945621-18953773(+)
RL000271	ID=RLGSvm1G00191;Parent=repeat_region_28;Name=TE_00000641;Classification=LTR/Gypsy;Sequence_ontology=SO:0002265;ltr_identity=0.9420;Method=structural;motif=TGCA;tsd=GTTGG::Chr08:18804238-18817991(?)
RL000012	ID=RLGSvm1G00190;Parent=repeat_region_27;Name=TE_00000936;Classification=LTR/Gypsy;Sequence_ontology=SO:0002265;ltr_identity=0.9728;Method=structural;motif=TGCA;tsd=CATAC::Chr08:18303953-18317237(-)
RL000022	ID=RLGSvm1G00187;Parent=repeat_region_24;Name=TE_00000739;Classification=LTR/Gypsy;Sequence_ontology=SO:0002265;ltr_identity=0.9541;Method=structural;motif=TGCA;tsd=TGCAC::Chr08:17761538-17768367(+)
RL000288	ID=RLCSvm1G00261;Parent=repeat_region_77;Name=TE_00000707;Classification=LTR/Copia;Sequence_ontology=SO:0002264;ltr_identity=0.9653;Method=structural;motif=TGCA;tsd=ATAGC::Chr08:38521461-38526881(+)
RL000269	ID=RLGSvm1G00186;Parent=repeat_region_23;Name=TE_00000642;Classification=LTR/Gypsy;Sequence_ontology=SO:0002265;ltr_identity=0.8740;Method=structural;motif=TGCA;tsd=CTCTC::Chr08:15750287-15763398(-)
RL000266	ID=RLCSvm1G00235;Parent=repeat_region_20;Name=TE_00000869;Classification=LTR/Copia;Sequence_ontology=SO:0002264;ltr_identity=0.9677;Method=structural;motif=TGCA;tsd=TACAC::Chr08:15151530-15156778(+)
RL000007	ID=RLCSvm1G00234;Parent=repeat_region_19;Name=TE_00000719;Classification=LTR/Copia;Sequence_ontology=SO:0002264;ltr_identity=0.9189;Method=structural;motif=TGCA;tsd=TTCCA::Chr08:14635834-14643841(-)
RL000264	ID=LTRRT_RLXSvm1G00058;Parent=repeat_region_15;Name=TE_00000735;Classification=LTR/unknown;Sequence_ontology=SO:0000186;ltr_identity=0.9618;Method=structural;motif=TGCA;tsd=GTATA::Chr08:12632703-12636436(-)
RL000009	ID=RLGSvm1G00185;Parent=repeat_region_14;Name=TE_00000827;Classification=LTR/Gypsy;Sequence_ontology=SO:0002265;ltr_identity=0.9595;Method=structural;motif=TGCA;tsd=CCACC::Chr08:10572240-10576521(+)
RL000007	ID=RLCSvm1G00284;Parent=repeat_region_31;Name=TE_00000717;Classification=LTR/Copia;Sequence_ontology=SO:0002264;ltr_identity=0.9678;Method=structural;motif=TGCA;tsd=AGTTC::Chr09:28157545-28165774(-)
RL000263	ID=RLCSvm1G00229;Parent=repeat_region_12;Name=TE_00000659;Classification=LTR/Copia;Sequence_ontology=SO:0002264;ltr_identity=0.9350;Method=structural;motif=TGCA;tsd=GGTTT::Chr08:9387285-9392396(+)
RL000018	ID=RLCSvm1G00228;Parent=repeat_region_11;Name=TE_00000773;Classification=LTR/Copia;Sequence_ontology=SO:0002264;ltr_identity=0.9776;Method=structural;motif=TGCA;tsd=CAATT::Chr08:7779816-7786494(-)
RL000262	ID=RLCSvm1G00227;Parent=repeat_region_10;Name=TE_00000617;Classification=LTR/Copia;Sequence_ontology=SO:0002264;ltr_identity=0.9031;Method=structural;motif=TGCA;tsd=AGCCT::Chr08:6747451-6753400(+)
RL000037	ID=RLGSvm1G00184;Parent=repeat_region_9;Name=TE_00000927;Classification=LTR/Gypsy;Sequence_ontology=SO:0002265;ltr_identity=0.9647;Method=structural;motif=TGCA;tsd=GTATC::Chr08:5613839-5626784(+)
RL000261	ID=RLCSvm1G00226;Parent=repeat_region_8;Name=TE_00001095;Classification=LTR/Copia;Sequence_ontology=SO:0002264;ltr_identity=0.9976;Method=structural;motif=TGCA;tsd=GGCAG::Chr08:5283651-5288949(+)
RL000012	ID=RLGSvm1G00198;Parent=repeat_region_36;Name=TE_00000936;Classification=LTR/Gypsy;Sequence_ontology=SO:0002265;ltr_identity=0.9864;Method=structural;motif=TGCA;tsd=GAAGG::Chr08:21382141-21395412(-)
RL000018	ID=RLCSvm1G00224;Parent=repeat_region_4;Name=TE_00000773;Classification=LTR/Copia;Sequence_ontology=SO:0002264;ltr_identity=0.9620;Method=structural;motif=TGCA;tsd=CTTGG::Chr08:4360169-4366821(+)
RL000260	ID=LTRRT_RLXSvm1G00057;Parent=repeat_region_3;Name=TE_00000834;Classification=LTR/unknown;Sequence_ontology=SO:0000186;ltr_identity=0.9104;Method=structural;motif=TGCA;tsd=GTCAT::Chr08:4038436-4041459(?)
RL000259	ID=RLGSvm1G00181;Parent=repeat_region_2;Name=TE_00000591;Classification=LTR/Gypsy;Sequence_ontology=SO:0002265;ltr_identity=0.9202;Method=structural;motif=TCCC;tsd=CACTG::Chr08:3429250-3441774(?)
RL000257	ID=LTRRT_RLXSvm1G00055;Parent=repeat_region_49;Name=TE_00000613;Classification=LTR/unknown;Sequence_ontology=SO:0000186;ltr_identity=0.9700;Method=structural;motif=TACA;tsd=CTGAT::Chr07:33020903-33026345(?)
RL000256	ID=LTRRT_RLXSvm1G00054;Parent=repeat_region_48;Name=Chr07:31165722..31178490;Classification=LTR/unknown;Sequence_ontology=SO:0000186;ltr_identity=0.9699;Method=structural;motif=TGCA;tsd=AGCCT::Chr07:31165722-31178490(?)
RL000002	ID=RLCSvm1G00220;Parent=repeat_region_45;Name=TE_00000775;Classification=LTR/Copia;Sequence_ontology=SO:0002264;ltr_identity=0.9962;Method=structural;motif=TGCA;tsd=CCTCC::Chr07:28230184-28235102(-)
RL000019	ID=RLCSvm1G00219;Parent=repeat_region_44;Name=TE_00000508;Classification=LTR/Copia;Sequence_ontology=SO:0002264;ltr_identity=0.9771;Method=structural;motif=TGCA;tsd=CAAAC::Chr07:27764839-27770311(-)
RL000018	ID=RLCSvm1G00253;Parent=repeat_region_64;Name=TE_00000599;Classification=LTR/Copia;Sequence_ontology=SO:0002264;ltr_identity=0.9774;Method=structural;motif=TGCA;tsd=GACAC::Chr08:33287833-33294530(+)
RL000033	ID=RLCSvm1G00217;Parent=repeat_region_41;Name=TE_00000711;Classification=LTR/Copia;Sequence_ontology=SO:0002264;ltr_identity=0.9920;Method=structural;motif=TGCA;tsd=TTTTG::Chr07:19423438-19428372(+)
RL000252	ID=RLCSvm1G00216;Parent=repeat_region_40;Name=TE_00000791;Classification=LTR/Copia;Sequence_ontology=SO:0002264;ltr_identity=0.9538;Method=structural;motif=TGCA;tsd=GTCCT::Chr07:19342258-19346378(+)
RL000250	ID=LTRRT_RLXSvm1G00051;Parent=repeat_region_38;Name=TE_00000480;Classification=LTR/unknown;Sequence_ontology=SO:0000186;ltr_identity=0.9294;Method=structural;motif=TGCA;tsd=GTTAG::Chr07:15645493-15647290(?)
RL000012	ID=RLGSvm1G00180;Parent=repeat_region_37;Name=TE_00000691;Classification=LTR/Gypsy;Sequence_ontology=SO:0002265;ltr_identity=0.9653;Method=structural;motif=TGCA;tsd=ACTCT::Chr07:14524621-14537737(-)
RL000249	ID=RLCSvm1G00215;Parent=repeat_region_36;Name=TE_00000640;Classification=LTR/Copia;Sequence_ontology=SO:0002264;ltr_identity=0.9949;Method=structural;motif=TGCA;tsd=ATCAG::Chr07:13869712-13873264(+)
RL000248	ID=RLCSvm1G00214;Parent=repeat_region_35;Name=TE_00000853;Classification=LTR/Copia;Sequence_ontology=SO:0002264;ltr_identity=0.9283;Method=structural;motif=TGCA;tsd=CTATC::Chr07:13634954-13639359(+)
RL000247	ID=LTRRT_RLXSvm1G00050;Parent=repeat_region_31;Name=TE_00000592;Classification=LTR/unknown;Sequence_ontology=SO:0000186;ltr_identity=1.0000;Method=structural;motif=TGTA;tsd=TCCAG::Chr07:13273987-13279455(?)
RL000246	ID=LTRRT_RLXSvm1G00049;Parent=repeat_region_29;Name=TE_00000481;Classification=LTR/unknown;Sequence_ontology=SO:0000186;ltr_identity=1.0000;Method=structural;motif=TGTA;tsd=GTATT::Chr07:12859075-12863493(+)
RL000244	ID=RLCSvm1G00210;Parent=repeat_region_27;Name=TE_00000660;Classification=LTR/Copia;Sequence_ontology=SO:0002264;ltr_identity=1.0000;Method=structural;motif=TGTA;tsd=GTATT::Chr07:12594057-12598479(+)
RL000014	ID=RLGSvm1G00177;Parent=repeat_region_25;Name=TE_00000864;Classification=LTR/Gypsy;Sequence_ontology=SO:0002265;ltr_identity=0.9691;Method=structural;motif=TGCA;tsd=ATGAG::Chr07:12199534-12211345(-)
RL000019	ID=RLCSvm1G00287;Parent=repeat_region_40;Name=TE_00000656;Classification=LTR/Copia;Sequence_ontology=SO:0002264;ltr_identity=0.9771;Method=structural;motif=TGCA;tsd=AACAC::Chr09:32755174-32760359(+)
RL000242	ID=RLCSvm1G00209;Parent=repeat_region_24;Name=TE_00000854;Classification=LTR/Copia;Sequence_ontology=SO:0002264;ltr_identity=0.9929;Method=structural;motif=TGCA;tsd=CCTTC::Chr07:11517264-11523199(+)
RL000012	ID=RLGSvm1G00176;Parent=repeat_region_23;Name=TE_00000685;Classification=LTR/Gypsy;Sequence_ontology=SO:0002265;ltr_identity=0.9581;Method=structural;motif=TGCA;tsd=CACAG::Chr07:10983494-10996939(+)
RL000017	ID=RLGSvm1G00175;Parent=repeat_region_22;Name=TE_00000457;Classification=LTR/Gypsy;Sequence_ontology=SO:0002265;ltr_identity=0.9879;Method=structural;motif=TGCA;tsd=AGCAC::Chr07:10210848-10220181(+)
RL000007	ID=RLCSvm1G00208;Parent=repeat_region_20;Name=TE_00000463;Classification=LTR/Copia;Sequence_ontology=SO:0002264;ltr_identity=0.9617;Method=structural;motif=TGCA;tsd=TTGAG::Chr07:9332022-9340124(-)
RL000022	ID=RLGSvm1G00173;Parent=repeat_region_19;Name=TE_00000736;Classification=LTR/Gypsy;Sequence_ontology=SO:0002265;ltr_identity=0.9658;Method=structural;motif=TGCA;tsd=GAGGC::Chr07:9234301-9241052(+)
RL000007	ID=RLCSvm1G00207;Parent=repeat_region_18;Name=TE_00000463;Classification=LTR/Copia;Sequence_ontology=SO:0002264;ltr_identity=0.9670;Method=structural;motif=TGCA;tsd=ACAAG::Chr07:8101784-8109881(-)
RL000254	ID=RLCSvm1G00218;Parent=repeat_region_43;Name=TE_00000678;Classification=LTR/Copia;Sequence_ontology=SO:0002264;ltr_identity=0.9177;Method=structural;motif=TGCA;tsd=GTTGC::Chr07:22961666-22967690(+)
RL000022	ID=RLGSvm1G00172;Parent=repeat_region_17;Name=TE_00000472;Classification=LTR/Gypsy;Sequence_ontology=SO:0002265;ltr_identity=0.9277;Method=structural;motif=TGCA;tsd=CATGG::Chr07:7575460-7581849(-)
RL000010	ID=RLCSvm1G00211;Parent=repeat_region_30;Name=TE_00000789;Classification=LTR/Copia;Sequence_ontology=SO:0002264;ltr_identity=1.0000;Method=structural;motif=TGCA;tsd=CAACC::Chr07:13190418-13195666(-)
RL000009	ID=RLGSvm1G00171;Parent=repeat_region_16;Name=TE_00000622;Classification=LTR/Gypsy;Sequence_ontology=SO:0002265;ltr_identity=0.9862;Method=structural;motif=TGCA;tsd=CCAGC::Chr07:7114614-7118898(+)
RL000009	ID=RLGSvm1G00170;Parent=repeat_region_15;Name=TE_00000501;Classification=LTR/Gypsy;Sequence_ontology=SO:0002265;ltr_identity=0.9862;Method=structural;motif=TGCA;tsd=CGTAA::Chr07:7085834-7090151(-)
RL000241	ID=LTRRT_RLXSvm1G00047;Parent=repeat_region_14;Name=TE_00000611;Classification=LTR/unknown;Sequence_ontology=SO:0000186;ltr_identity=0.9862;Method=structural;motif=TGCA;tsd=TGCA::Chr07:6594972-6598439(?)
RL000240	ID=RLCSvm1G00205;Parent=repeat_region_12;Name=TE_00000689;Classification=LTR/Copia;Sequence_ontology=SO:0002264;ltr_identity=0.9772;Method=structural;motif=TGCA;tsd=TACTG::Chr07:6273784-6279135(+)
RL000309	ID=RLGSvm1G00225;Parent=repeat_region_37;Name=TE_00000631;Classification=LTR/Gypsy;Sequence_ontology=SO:0002265;ltr_identity=0.9213;Method=structural;motif=TGCA;tsd=GATGG::Chr09:31237597-31241855(-)
RL000040	ID=RLGSvm1G00195;Parent=repeat_region_33;Name=TE_00000539;Classification=LTR/Gypsy;Sequence_ontology=SO:0002265;ltr_identity=0.9575;Method=structural;motif=TGCA;tsd=TAGGG::Chr08:19747672-19762267(+)
RL000007	ID=RLCSvm1G00204;Parent=repeat_region_11;Name=TE_00000463;Classification=LTR/Copia;Sequence_ontology=SO:0002264;ltr_identity=0.9608;Method=structural;motif=TGCA;tsd=GATTC::Chr07:6217734-6225920(-)
RL000022	ID=RLGSvm1G00169;Parent=repeat_region_10;Name=TE_00000728;Classification=LTR/Gypsy;Sequence_ontology=SO:0002265;ltr_identity=0.9372;Method=structural;motif=TGCA;tsd=GAGAT::Chr07:5214891-5221599(-)
RL000018	ID=RLCSvm1G00249;Parent=repeat_region_60;Name=TE_00000773;Classification=LTR/Copia;Sequence_ontology=SO:0002264;ltr_identity=0.9392;Method=structural;motif=TGCA;tsd=GTACA::Chr08:32378545-32385178(-)
RL000008	ID=RLGSvm1G00167;Parent=repeat_region_7;Name=TE_00000432;Classification=LTR/Gypsy;Sequence_ontology=SO:0002265;ltr_identity=0.9914;Method=structural;motif=TGCA;tsd=CCGGT::Chr07:3773339-3781010(-)
RL000237	ID=RLGSvm1G00166;Parent=repeat_region_4;Name=TE_00000554;Classification=LTR/Gypsy;Sequence_ontology=SO:0002265;ltr_identity=0.9442;Method=structural;motif=TGCA;tsd=GTAAT::Chr07:1309926-1324668(?)
RL000236	ID=RLCSvm1G00201;Parent=repeat_region_3;Name=TE_00000448;Classification=LTR/Copia;Sequence_ontology=SO:0002264;ltr_identity=0.9786;Method=structural;motif=TGCA;tsd=ATGAC::Chr07:880597-885769(-)
RL000012	ID=RLGSvm1G00164;Parent=repeat_region_1;Name=TE_00000487;Classification=LTR/Gypsy;Sequence_ontology=SO:0002265;ltr_identity=0.9754;Method=structural;motif=TGCA;tsd=GGTTG::Chr07:48838-61998(-)
RL000234	ID=RLCSvm1G00199;Parent=repeat_region_63;Name=TE_00000601;Classification=LTR/Copia;Sequence_ontology=SO:0002264;ltr_identity=0.9628;Method=structural;motif=TGCA;tsd=CAACC::Chr06:35228285-35236355(+)
RL000052	ID=RLCSvm1G00198;Parent=repeat_region_62;Name=TE_00000722;Classification=LTR/Copia;Sequence_ontology=SO:0002264;ltr_identity=0.9837;Method=structural;motif=TGCA;tsd=CAAAC::Chr06:34619944-34623608(-)
RL000233	ID=RLCSvm1G00197;Parent=repeat_region_61;Name=TE_00000627;Classification=LTR/Copia;Sequence_ontology=SO:0002264;ltr_identity=0.9703;Method=structural;motif=TGCA;tsd=CCTGG::Chr06:32679801-32684830(-)
RL000232	ID=RLCSvm1G00196;Parent=repeat_region_60;Name=TE_00000534;Classification=LTR/Copia;Sequence_ontology=SO:0002264;ltr_identity=0.9416;Method=structural;motif=TGCA;tsd=GTTGA::Chr06:32283297-32293217(-)
RL000007	ID=RLCSvm1G00230;Parent=repeat_region_13;Name=TE_00000719;Classification=LTR/Copia;Sequence_ontology=SO:0002264;ltr_identity=0.9481;Method=structural;motif=TGCA;tsd=TCGGG::Chr08:9717508-9725681(+)
RL000022	ID=RLGSvm1G00163;Parent=repeat_region_59;Name=TE_00000853;Classification=LTR/Gypsy;Sequence_ontology=SO:0002265;ltr_identity=0.9626;Method=structural;motif=TGCA;tsd=CTTTT::Chr06:30901123-30907748(-)
RL000029	ID=RLCSvm1G00194;Parent=repeat_region_57;Name=TE_00000842;Classification=LTR/Copia;Sequence_ontology=SO:0002264;ltr_identity=0.9928;Method=structural;motif=TGCA;tsd=CATCT::Chr06:29999512-30004373(+)
RL000050	ID=RLCSvm1G00192;Parent=repeat_region_54;Name=TE_00000624;Classification=LTR/Copia;Sequence_ontology=SO:0002264;ltr_identity=0.9908;Method=structural;motif=TGCA;tsd=TCAAC::Chr06:26631383-26636422(+)
RL000009	ID=RLGSvm1G00161;Parent=repeat_region_53;Name=TE_00000599;Classification=LTR/Gypsy;Sequence_ontology=SO:0002265;ltr_identity=0.9731;Method=structural;motif=TGCA;tsd=GTTCT::Chr06:25430291-25434597(+)
RL000308	ID=RLGSvm1G00224;Parent=repeat_region_36;Name=TE_00000826;Classification=LTR/Gypsy;Sequence_ontology=SO:0002265;ltr_identity=0.9636;Method=structural;motif=TGCA;tsd=NA::Chr09:29884907-29896233(+)
RL000230	ID=RLCSvm1G00191;Parent=repeat_region_52;Name=TE_00000478;Classification=LTR/Copia;Sequence_ontology=SO:0002264;ltr_identity=0.9572;Method=structural;motif=TGCA;tsd=CTTGT::Chr06:24923724-24928664(+)
RL000229	ID=LTRRT_RLXSvm1G00045;Parent=repeat_region_51;Name=TE_00000682;Classification=LTR/unknown;Sequence_ontology=SO:0000186;ltr_identity=0.9994;Method=structural;motif=TATA;tsd=GAAAT::Chr06:24557833-24572217(?)
RL000228	ID=LTRRT_RLXSvm1G00044;Parent=repeat_region_50;Name=TE_00000823;Classification=LTR/unknown;Sequence_ontology=SO:0000186;ltr_identity=0.9669;Method=structural;motif=TGCA;tsd=AAGAC::Chr06:23273572-23276992(?)
RL000226	ID=RLCSvm1G00190;Parent=repeat_region_48;Name=TE_00000839;Classification=LTR/Copia;Sequence_ontology=SO:0002264;ltr_identity=0.9901;Method=structural;motif=TGTA;tsd=ATTAC::Chr06:21783947-21789483(+)
RL000225	ID=RLGSvm1G00160;Parent=repeat_region_47;Name=TE_00000398;Classification=LTR/Gypsy;Sequence_ontology=SO:0002265;ltr_identity=0.9356;Method=structural;motif=TGCA;tsd=GTGGA::Chr06:20700080-20707045(-)
RL000048	ID=RLCSvm1G00200;Parent=repeat_region_64;Name=TE_00000447;Classification=LTR/Copia;Sequence_ontology=SO:0002264;ltr_identity=1.0000;Method=structural;motif=TGCA;tsd=CTACT::Chr06:35301379-35306308(+)
RL000023	ID=RLGSvm1G00159;Parent=repeat_region_46;Name=TE_00000637;Classification=LTR/Gypsy;Sequence_ontology=SO:0002265;ltr_identity=0.9917;Method=structural;motif=TACA;tsd=CCATC::Chr06:20292360-20300100(+)
RL000012	ID=RLGSvm1G00158;Parent=repeat_region_45;Name=TE_00000562;Classification=LTR/Gypsy;Sequence_ontology=SO:0002265;ltr_identity=0.9653;Method=structural;motif=TGCA;tsd=GATAG::Chr06:18845648-18858951(-)
RL000224	ID=RLCSvm1G00189;Parent=repeat_region_44;Name=TE_00000846;Classification=LTR/Copia;Sequence_ontology=SO:0002264;ltr_identity=0.9595;Method=structural;motif=TGAC;tsd=CTCCA::Chr06:18796859-18810424(-)
RL000223	ID=RLCSvm1G00186;Parent=repeat_region_39;Name=TE_00000790;Classification=LTR/Copia;Sequence_ontology=SO:0002264;ltr_identity=0.9483;Method=structural;motif=TGCA;tsd=AAGAC::Chr06:18253717-18265490(+)
RL000009	ID=RLGSvm1G00155;Parent=repeat_region_37;Name=TE_00000619;Classification=LTR/Gypsy;Sequence_ontology=SO:0002265;ltr_identity=0.9693;Method=structural;motif=TGCA;tsd=ACAAA::Chr06:17825700-17830219(-)
RL000007	ID=RLCSvm1G00184;Parent=repeat_region_36;Name=TE_00000399;Classification=LTR/Copia;Sequence_ontology=SO:0002264;ltr_identity=0.9606;Method=structural;motif=TGCA;tsd=CCACA::Chr06:17627092-17635261(-)
RL000222	ID=RLCSvm1G00183;Parent=repeat_region_35;Name=TE_00000856;Classification=LTR/Copia;Sequence_ontology=SO:0002264;ltr_identity=0.9597;Method=structural;motif=TTAA;tsd=CATGT::Chr06:17388314-17393001(+)
RL000221	ID=RLGSvm1G00154;Parent=repeat_region_34;Name=TE_00000589;Classification=LTR/Gypsy;Sequence_ontology=SO:0002265;ltr_identity=0.9386;Method=structural;motif=TGCA;tsd=ATGGT::Chr06:17298615-17303151(-)
RL000007	ID=RLCSvm1G00182;Parent=repeat_region_33;Name=TE_00000399;Classification=LTR/Copia;Sequence_ontology=SO:0002264;ltr_identity=0.9468;Method=structural;motif=TGCA;tsd=CTTAT::Chr06:16394693-16402840(-)
RL000314	ID=RLCSvm1G00289;Parent=repeat_region_45;Name=TE_00000686;Classification=LTR/Copia;Sequence_ontology=SO:0002264;ltr_identity=0.9749;Method=structural;motif=TGCA;tsd=CCATT::Chr09:36490560-36495574(+)
RL000220	ID=LTRRT_RLXSvm1G00042;Parent=repeat_region_32;Name=TE_00000838;Classification=LTR/unknown;Sequence_ontology=SO:0000186;ltr_identity=0.9659;Method=structural;motif=TGCA;tsd=ATATG::Chr06:16282263-16285980(?)
RL000283	ID=LTRRT_RLXSvm1G00064;Parent=repeat_region_66;Name=TE_00000920;Classification=LTR/unknown;Sequence_ontology=SO:0000186;ltr_identity=0.9953;Method=structural;motif=TGCA;tsd=TTGT::Chr08:33885497-33889112(?)
RL000219	ID=LTRRT_RLXSvm1G00041;Parent=repeat_region_30;Name=TE_00000819;Classification=LTR/unknown;Sequence_ontology=SO:0000186;ltr_identity=0.9740;Method=structural;motif=TGCA;tsd=GATCC::Chr06:15099484-15104667(?)
RL000016	ID=RLGSvm1G00205;Parent=repeat_region_54;Name=TE_00000871;Classification=LTR/Gypsy;Sequence_ontology=SO:0002265;ltr_identity=0.9769;Method=structural;motif=TGCA;tsd=CGCGC::Chr08:29000292-29015577(+)
RL000009	ID=RLGSvm1G00151;Parent=repeat_region_28;Name=TE_00000619;Classification=LTR/Gypsy;Sequence_ontology=SO:0002265;ltr_identity=0.9911;Method=structural;motif=TGCA;tsd=TCGGC::Chr06:14336603-14341089(-)
RL000218	ID=RLCSvm1G00181;Parent=repeat_region_27;Name=TE_00000646;Classification=LTR/Copia;Sequence_ontology=SO:0002264;ltr_identity=0.9526;Method=structural;motif=TGCA;tsd=CCAAA::Chr06:13270849-13275320(+)
RL000053	ID=RLCSvm1G00251;Parent=repeat_region_62;Name=TE_00000534;Classification=LTR/Copia;Sequence_ontology=SO:0002264;ltr_identity=0.9833;Method=structural;motif=TGCA;tsd=TGGTG::Chr08:32978199-32982979(+)
RL000026	ID=RLGSvm1G00150;Parent=repeat_region_25;Name=TE_00000676;Classification=LTR/Gypsy;Sequence_ontology=SO:0002265;ltr_identity=0.9915;Method=structural;motif=TGCA;tsd=CTAAG::Chr06:11779313-11786432(+)
RL000216	ID=LTRRT_RLXSvm1G00040;Parent=repeat_region_22;Name=TE_00000428;Classification=LTR/unknown;Sequence_ontology=SO:0000186;ltr_identity=0.9801;Method=structural;motif=TGCA;tsd=AAAGT::Chr06:10366554-10371378(?)
RL000023	ID=RLGSvm1G00202;Parent=repeat_region_44;Name=TE_00000652;Classification=LTR/Gypsy;Sequence_ontology=SO:0002265;ltr_identity=0.9875;Method=structural;motif=TACA;tsd=CGAAG::Chr08:23752627-23760380(-)
RL000018	ID=RLCSvm1G00178;Parent=repeat_region_21;Name=TE_00000851;Classification=LTR/Copia;Sequence_ontology=SO:0002264;ltr_identity=0.9421;Method=structural;motif=TGCA;tsd=AAAAG::Chr06:10089043-10095806(-)
RL000215	ID=LTRRT_RLXSvm1G00039;Parent=repeat_region_20;Name=TE_00000476;Classification=LTR/unknown;Sequence_ontology=SO:0000186;ltr_identity=0.9167;Method=structural;motif=TGCA;tsd=AAGGG::Chr06:10057491-10059942(?)
RL000214	ID=RLGSvm1G00148;Parent=repeat_region_19;Name=TE_00000621;Classification=LTR/Gypsy;Sequence_ontology=SO:0002265;ltr_identity=0.9515;Method=structural;motif=TGCA;tsd=AACCT::Chr06:9707631-9722339(-)
RL000045	ID=RLCSvm1G00177;Parent=repeat_region_18;Name=TE_00000828;Classification=LTR/Copia;Sequence_ontology=SO:0002264;ltr_identity=0.9334;Method=structural;motif=TGCA;tsd=CCTAT::Chr06:8162632-8168982(+)
RL000047	ID=RLCSvm1G00176;Parent=repeat_region_17;Name=TE_00000801;Classification=LTR/Copia;Sequence_ontology=SO:0002264;ltr_identity=0.9953;Method=structural;motif=TGCA;tsd=AAATT::Chr06:7772343-7777445(-)
RL000212	ID=RLCSvm1G00173;Parent=repeat_region_13;Name=TE_00000507;Classification=LTR/Copia;Sequence_ontology=SO:0002264;ltr_identity=0.9603;Method=structural;motif=TACA;tsd=CTTAT::Chr06:6213641-6218773(-)
RL000210	ID=RLCSvm1G00172;Parent=repeat_region_11;Name=TE_00000684;Classification=LTR/Copia;Sequence_ontology=SO:0002264;ltr_identity=0.9925;Method=structural;motif=TGCA;tsd=ATCAC::Chr06:5866777-5872005(-)
RL000209	ID=RLGSvm1G00145;Parent=repeat_region_10;Name=TE_00000655;Classification=LTR/Gypsy;Sequence_ontology=SO:0002265;ltr_identity=0.9818;Method=structural;motif=TTTA;tsd=TTACA::Chr06:5704936-5716693(?)
RL000049	ID=RLCSvm1G00171;Parent=repeat_region_9;Name=TE_00000686;Classification=LTR/Copia;Sequence_ontology=SO:0002264;ltr_identity=0.9514;Method=structural;motif=TGTA;tsd=GAGAG::Chr06:4251736-4256799(-)
RL000208	ID=LTRRT_RLXSvm1G00038;Parent=repeat_region_8;Name=TE_00000699;Classification=LTR/unknown;Sequence_ontology=SO:0000186;ltr_identity=1.0000;Method=structural;motif=TGCA;tsd=CAATG::Chr06:2967698-2972768(-)
RL000207	ID=RLCSvm1G00170;Parent=repeat_region_7;Name=Chr06:2808318..2821804;Classification=LTR/Copia;Sequence_ontology=SO:0002264;ltr_identity=0.9959;Method=structural;motif=TGCA;tsd=AGAA::Chr06:2808318-2821804(-)
RL000018	ID=RLCSvm1G00169;Parent=repeat_region_6;Name=TE_00000561;Classification=LTR/Copia;Sequence_ontology=SO:0002264;ltr_identity=0.9425;Method=structural;motif=TGCA;tsd=GCTCC::Chr06:2771059-2777774(-)
RL000044	ID=RLGSvm1G00144;Parent=repeat_region_5;Name=TE_00000778;Classification=LTR/Gypsy;Sequence_ontology=SO:0002265;ltr_identity=0.9901;Method=structural;motif=TGCA;tsd=GTGCC::Chr06:2621781-2629475(+)
RL000289	ID=LTRRT_RLXSvm1G00065;Parent=repeat_region_2;Name=TE_00001037;Classification=LTR/unknown;Sequence_ontology=SO:0000186;ltr_identity=0.9716;Method=structural;motif=TGCA;tsd=TTATT::Chr09:1842887-1847224(?)
RL000206	ID=LTRRT_RLXSvm1G00037;Parent=repeat_region_2;Name=TE_00000643;Classification=LTR/unknown;Sequence_ontology=SO:0000186;ltr_identity=0.9868;Method=structural;motif=TGCA;tsd=CAGC::Chr06:712742-727394(?)
RL000048	ID=RLCSvm1G00166;Parent=repeat_region_1;Name=TE_00000447;Classification=LTR/Copia;Sequence_ontology=SO:0002264;ltr_identity=0.9848;Method=structural;motif=TGCA;tsd=TGTAT::Chr06:476438-481389(+)
RL000039	ID=RLCSvm1G00167;Parent=repeat_region_3;Name=TE_00000700;Classification=LTR/Copia;Sequence_ontology=SO:0002264;ltr_identity=0.9487;Method=structural;motif=TGCA;tsd=ATCT::Chr06:1705528-1710266(-)
RL000047	ID=RLCSvm1G00164;Parent=repeat_region_63;Name=TE_00001022;Classification=LTR/Copia;Sequence_ontology=SO:0002264;ltr_identity=1.0000;Method=structural;motif=TGCA;tsd=AGCTT::Chr05:42596304-42601398(-)
RL000203	ID=LTRRT_RLXSvm1G00036;Parent=repeat_region_58;Name=TE_00000667;Classification=LTR/unknown;Sequence_ontology=SO:0000186;ltr_identity=0.9901;Method=structural;motif=TGTA;tsd=GTAAA::Chr05:36092289-36097520(?)
RL000253	ID=LTRRT_RLXSvm1G00053;Parent=repeat_region_42;Name=TE_00000532;Classification=LTR/unknown;Sequence_ontology=SO:0000186;ltr_identity=0.9012;Method=structural;motif=TGCA;tsd=GTTGG::Chr07:19794633-19796430(?)
RL000200	ID=RLGSvm1G00142;Parent=repeat_region_55;Name=TE_00001024;Classification=LTR/Gypsy;Sequence_ontology=SO:0002265;ltr_identity=0.9592;Method=structural;motif=TACA;tsd=ATCTC::Chr05:29559538-29565702(+)
RL000198	ID=RLCSvm1G00158;Parent=repeat_region_53;Name=TE_00000724;Classification=LTR/Copia;Sequence_ontology=SO:0002264;ltr_identity=0.9511;Method=structural;motif=TGCA;tsd=TGAGG::Chr05:29043893-29048959(-)
RL000033	ID=RLCSvm1G00155;Parent=repeat_region_50;Name=TE_00000823;Classification=LTR/Copia;Sequence_ontology=SO:0002264;ltr_identity=0.9920;Method=structural;motif=TGCA;tsd=AACCC::Chr05:26224839-26229790(+)
RL000043	ID=RLCSvm1G00258;Parent=repeat_region_73;Name=TE_00000768;Classification=LTR/Copia;Sequence_ontology=SO:0002264;ltr_identity=1.0000;Method=structural;motif=TGCA;tsd=TAGAC::Chr08:35893845-35899121(+)
RL000007	ID=RLCSvm1G00153;Parent=repeat_region_48;Name=TE_00000570;Classification=LTR/Copia;Sequence_ontology=SO:0002264;ltr_identity=0.9586;Method=structural;motif=TGCA;tsd=CTCTC::Chr05:24189168-24197224(-)
RL000009	ID=RLGSvm1G00136;Parent=repeat_region_43;Name=TE_00000510;Classification=LTR/Gypsy;Sequence_ontology=SO:0002265;ltr_identity=0.9567;Method=structural;motif=TGCA;tsd=GAGTG::Chr05:22503758-22508275(-)
RL000034	ID=RLCSvm1G00081;Parent=repeat_region_17;Name=TE_00001133;Classification=LTR/Copia;Sequence_ontology=SO:0002264;ltr_identity=0.9926;Method=structural;motif=TGCA;tsd=TCCTG::Chr03:15817496-15822782(+)
RL000117	ID=RLCSvm1G00077;Parent=repeat_region_9;Name=TE_00000516;Classification=LTR/Copia;Sequence_ontology=SO:0002264;ltr_identity=0.9904;Method=structural;motif=TGCA;tsd=TTTCC::Chr03:7054962-7060351(-)
RL000017	ID=RLGSvm1G00212;Parent=repeat_region_82;Name=TE_00000543;Classification=LTR/Gypsy;Sequence_ontology=SO:0002265;ltr_identity=0.9917;Method=structural;motif=TGCA;tsd=TCTCT::Chr08:41031470-41040810(+)
RL000120	ID=LTRRT_RLXSvm1G00018;Parent=repeat_region_14;Name=TE_00000924;Classification=LTR/unknown;Sequence_ontology=SO:0000186;ltr_identity=0.9082;Method=structural;motif=TGCA;tsd=CCACC::Chr03:13453305-13455940(?)
RL000002	ID=RLCSvm1G00082;Parent=repeat_region_18;Name=TE_00000757;Classification=LTR/Copia;Sequence_ontology=SO:0002264;ltr_identity=0.9585;Method=structural;motif=TGCA;tsd=GACGG::Chr03:16042144-16047113(+)
RL000018	ID=RLCSvm1G00064;Parent=repeat_region_80;Name=TE_00001089;Classification=LTR/Copia;Sequence_ontology=SO:0002264;ltr_identity=0.9733;Method=structural;motif=TGCA;tsd=CCTAG::Chr02:36951430-36958134(-)
RL000015	ID=RLCSvm1G00068;Parent=repeat_region_85;Name=TE_00000774;Classification=LTR/Copia;Sequence_ontology=SO:0002264;ltr_identity=0.9876;Method=structural;motif=TGCA;tsd=GCAGA::Chr02:46071153-46076431(-)
RL000213	ID=RLGSvm1G00147;Parent=repeat_region_14;Name=TE_00000493;Classification=LTR/Gypsy;Sequence_ontology=SO:0002265;ltr_identity=0.9289;Method=structural;motif=TGCA;tsd=GGTTC::Chr06:6352568-6365732(-)
RL000028	ID=RLCSvm1G00063;Parent=repeat_region_79;Name=TE_00000508;Classification=LTR/Copia;Sequence_ontology=SO:0002264;ltr_identity=0.9943;Method=structural;motif=TGCA;tsd=ATGCC::Chr02:36358853-36363488(+)
RL000018	ID=RLCSvm1G00245;Parent=repeat_region_52;Name=TE_00000773;Classification=LTR/Copia;Sequence_ontology=SO:0002264;ltr_identity=0.9823;Method=structural;motif=TGCA;tsd=GTTAG::Chr08:26768832-26775444(-)
RL000272	ID=RLGSvm1G00194;Parent=repeat_region_32;Name=TE_00001094;Classification=LTR/Gypsy;Sequence_ontology=SO:0002265;ltr_identity=0.9462;Method=structural;motif=TGCA;tsd=TAAAG::Chr08:19677184-19682044(-)
RL000161	ID=RLGSvm1G00108;Parent=repeat_region_39;Name=TE_00000434;Classification=LTR/Gypsy;Sequence_ontology=SO:0002265;ltr_identity=0.9528;Method=structural;motif=TGCA;tsd=GATAC::Chr04:22793213-22805731(?)
RL000167	ID=LTRRT_RLXSvm1G00027;Parent=repeat_region_50;Name=TE_00000483;Classification=LTR/unknown;Sequence_ontology=SO:0000186;ltr_identity=0.9828;Method=structural;motif=TGCA;tsd=GTGAC::Chr04:30885048-30889595(+)
RL000112	ID=RLGSvm1G00047;Parent=repeat_region_77;Name=TE_00001118;Classification=LTR/Gypsy;Sequence_ontology=SO:0002265;ltr_identity=0.9953;Method=structural;motif=TGCA;tsd=ATACG::Chr02:35595769-35607463(?)
RL000110	ID=RLGSvm1G00046;Parent=repeat_region_74;Name=TE_00000551;Classification=LTR/Gypsy;Sequence_ontology=SO:0002265;ltr_identity=0.8884;Method=structural;motif=TGCA;tsd=ATCAG::Chr02:33575550-33588137(?)
RL000103	ID=LTRRT_RLXSvm1G00013;Parent=repeat_region_65;Name=TE_00000562;Classification=LTR/unknown;Sequence_ontology=SO:0000186;ltr_identity=0.9562;Method=structural;motif=TGCA;tsd=CTAAC::Chr02:22717427-22720633(?)
RL000008	ID=RLGSvm1G00004;Parent=repeat_region_20;Name=TE_00000739;Classification=LTR/Gypsy;Sequence_ontology=SO:0002265;ltr_identity=0.9774;Method=structural;motif=TGCA;tsd=ATATG::Chr01:15005897-15013549(+)
RL000007	ID=RLCSvm1G00185;Parent=repeat_region_38;Name=TE_00000399;Classification=LTR/Copia;Sequence_ontology=SO:0002264;ltr_identity=0.9586;Method=structural;motif=TGCA;tsd=ATCTT::Chr06:18232919-18240326(-)
RL000007	ID=RLCSvm1G00051;Parent=repeat_region_46;Name=TE_00000511;Classification=LTR/Copia;Sequence_ontology=SO:0002264;ltr_identity=0.9517;Method=structural;motif=TGCA;tsd=ATAGG::Chr02:18414054-18422228(+)
RL000026	ID=RLGSvm1G00044;Parent=repeat_region_68;Name=TE_00000554;Classification=LTR/Gypsy;Sequence_ontology=SO:0002265;ltr_identity=0.9887;Method=structural;motif=TGCA;tsd=ACATG::Chr02:26596950-26604071(+)
RL000104	ID=RLCSvm1G00057;Parent=repeat_region_67;Name=TE_00000554;Classification=LTR/Copia;Sequence_ontology=SO:0002264;ltr_identity=0.9962;Method=structural;motif=TGCA;tsd=CTCTT::Chr02:26593226-26605315(+)
RL000235	ID=RLGSvm1G00165;Parent=repeat_region_2;Name=TE_00000682;Classification=LTR/Gypsy;Sequence_ontology=SO:0002265;ltr_identity=0.9617;Method=structural;motif=TCTT;tsd=ACCCG::Chr07:251751-260818(+)
RL000019	ID=RLCSvm1G00070;Parent=repeat_region_88;Name=TE_00000995;Classification=LTR/Copia;Sequence_ontology=SO:0002264;ltr_identity=1.0000;Method=structural;motif=TGCA;tsd=CATAG::Chr02:48084884-48090331(+)
RL000030	ID=RLCSvm1G00069;Parent=repeat_region_86;Name=TE_00001034;Classification=LTR/Copia;Sequence_ontology=SO:0002264;ltr_identity=0.9716;Method=structural;motif=TGCA;tsd=TTAAT::Chr02:46762742-46767729(-)
RL000270	ID=RLGSvm1G00189;Parent=repeat_region_26;Name=TE_00000669;Classification=LTR/Gypsy;Sequence_ontology=SO:0002265;ltr_identity=1.0000;Method=structural;motif=TGCA;tsd=GATAC::Chr08:18260764-18269016(-)
RL000001	Chr01:35141928-35149419(+)_Milhouse11
RL000122	ID=RLCSvm1G00080;Parent=repeat_region_16;Name=TE_00000751;Classification=LTR/Copia;Sequence_ontology=SO:0002264;ltr_identity=0.8896;Method=structural;motif=TGCA;tsd=CTTAC::Chr03:15661966-15672844(-)
RL000012	ID=RLGSvm1G00207;Parent=repeat_region_58;Name=TE_00000959;Classification=LTR/Gypsy;Sequence_ontology=SO:0002265;ltr_identity=0.9791;Method=structural;motif=TGCA;tsd=GGTTA::Chr08:30677459-30690652(+)
RL000030	ID=RLCSvm1G00161;Parent=repeat_region_59;Name=TE_00000946;Classification=LTR/Copia;Sequence_ontology=SO:0002264;ltr_identity=0.9787;Method=structural;motif=TGCA;tsd=CAAAC::Chr05:37508023-37512332(-)
RL000022	ID=RLGSvm1G00042;Parent=repeat_region_63;Name=TE_00000629;Classification=LTR/Gypsy;Sequence_ontology=SO:0002265;ltr_identity=0.9485;Method=structural;motif=TGCA;tsd=TAGAT::Chr02:22552632-22559388(-)
RL000022	ID=RLGSvm1G00157;Parent=repeat_region_43;Name=TE_00000432;Classification=LTR/Gypsy;Sequence_ontology=SO:0002265;ltr_identity=0.9658;Method=structural;motif=TGCA;tsd=CTCTA::Chr06:18772770-18779554(+)
RL000095	ID=RLGSvm1G00025;Parent=repeat_region_34;Name=TE_00000856;Classification=LTR/Gypsy;Sequence_ontology=SO:0002265;ltr_identity=0.9966;Method=structural;motif=TGCA;tsd=CCAAG::Chr02:11973295-11977045(+)
RL000009	ID=RLGSvm1G00069;Parent=repeat_region_46;Name=TE_00000987;Classification=LTR/Gypsy;Sequence_ontology=SO:0002265;ltr_identity=0.9536;Method=structural;motif=TGCA;tsd=GAAGA::Chr03:31001332-31005641(+)
RL000055	ID=RLCSvm1G00001;Parent=repeat_region_2;Name=TE_00000813;Classification=LTR/Copia;Sequence_ontology=SO:0002264;ltr_identity=0.9650;Method=structural;motif=TGCA;tsd=CTGCT::Chr01:2775978-2780950(-)
RL000114	ID=LTRRT_RLXSvm1G00016;Parent=repeat_region_87;Name=TE_00000777;Classification=LTR/unknown;Sequence_ontology=SO:0000186;ltr_identity=1.0000;Method=structural;motif=TGCA;tsd=CTTCG::Chr02:46789693-46792474(?)
RL000024	ID=RLGSvm1G00038;Parent=repeat_region_59;Name=TE_00000755;Classification=LTR/Gypsy;Sequence_ontology=SO:0002265;ltr_identity=0.9171;Method=structural;motif=TGCA;tsd=TTCCT::Chr02:21770105-21774944(+)
RL000239	ID=LTRRT_RLXSvm1G00046;Parent=repeat_region_6;Name=TE_00000692;Classification=LTR/unknown;Sequence_ontology=SO:0000186;ltr_identity=0.9542;Method=structural;motif=TGCA;tsd=GAAGT::Chr07:3278559-3282083(?)
RL000007	ID=RLCSvm1G00054;Parent=repeat_region_55;Name=TE_00000511;Classification=LTR/Copia;Sequence_ontology=SO:0002264;ltr_identity=0.9578;Method=structural;motif=TGCA;tsd=ATTAA::Chr02:20078375-20086563(-)
RL000018	ID=RLCSvm1G00062;Parent=repeat_region_78;Name=TE_00000919;Classification=LTR/Copia;Sequence_ontology=SO:0002264;ltr_identity=0.9911;Method=structural;motif=TGCA;tsd=GAACT::Chr02:36224155-36230812(+)
RL000211	ID=RLGSvm1G00146;Parent=repeat_region_12;Name=TE_00000675;Classification=LTR/Gypsy;Sequence_ontology=SO:0002265;ltr_identity=0.9521;Method=structural;motif=TGCA;tsd=GACTC::Chr06:5876105-5884707(+)
RL000022	ID=RLGSvm1G00034;Parent=repeat_region_53;Name=TE_00000757;Classification=LTR/Gypsy;Sequence_ontology=SO:0002265;ltr_identity=0.9790;Method=structural;motif=TGCA;tsd=CTGCA::Chr02:19963536-19970355(+)
RL000033	ID=RLCSvm1G00079;Parent=repeat_region_13;Name=TE_00000894;Classification=LTR/Copia;Sequence_ontology=SO:0002264;ltr_identity=0.9920;Method=structural;motif=TGCA;tsd=CCGCG::Chr03:12088903-12093817(+)
RL000300	ID=RLCSvm1G00279;Parent=repeat_region_22;Name=TE_00000986;Classification=LTR/Copia;Sequence_ontology=SO:0002264;ltr_identity=0.9275;Method=structural;motif=TGCA;tsd=CTCCT::Chr09:25271379-25278699(+)
RL000001	Chr04:5340464-5347947(+)_Milhouse9
RL000310	ID=RLGSvm1G00226;Parent=repeat_region_38;Name=TE_00000807;Classification=LTR/Gypsy;Sequence_ontology=SO:0002265;ltr_identity=0.9865;Method=structural;motif=TGCA;tsd=GATGG::Chr09:31413192-31419174(-)
RL000101	ID=RLGSvm1G00032;Parent=repeat_region_50;Name=TE_00000497;Classification=LTR/Gypsy;Sequence_ontology=SO:0002265;ltr_identity=0.8725;Method=structural;motif=TACA;tsd=CCTCC::Chr02:18984462-18995290(+)
RL000118	ID=RLCSvm1G00078;Parent=repeat_region_11;Name=TE_00000977;Classification=LTR/Copia;Sequence_ontology=SO:0002264;ltr_identity=0.9728;Method=structural;motif=TACA;tsd=GTTAT::Chr03:11542865-11547808(-)
RL000012	ID=RLGSvm1G00031;Parent=repeat_region_49;Name=TE_00000879;Classification=LTR/Gypsy;Sequence_ontology=SO:0002265;ltr_identity=0.9761;Method=structural;motif=TGCA;tsd=CCACC::Chr02:18876204-18889450(+)
RL000022	ID=RLGSvm1G00073;Parent=repeat_region_53;Name=Chr03:31888628..31895449;Classification=LTR/Gypsy;Sequence_ontology=SO:0002265;ltr_identity=0.9612;Method=structural;motif=TGCA;tsd=CCTAG::Chr03:31888628-31895449(-)
RL000018	ID=RLCSvm1G00175;Parent=repeat_region_16;Name=TE_00000554;Classification=LTR/Copia;Sequence_ontology=SO:0002264;ltr_identity=0.9274;Method=structural;motif=TGCA;tsd=CTTCG::Chr06:7359970-7366635(-)
RL000009	ID=RLGSvm1G00043;Parent=repeat_region_66;Name=TE_00000976;Classification=LTR/Gypsy;Sequence_ontology=SO:0002265;ltr_identity=0.9941;Method=structural;motif=TGCA;tsd=CCAAC::Chr02:25244634-25248948(+)
RL000009	ID=RLGSvm1G00028;Parent=repeat_region_40;Name=TE_00000550;Classification=LTR/Gypsy;Sequence_ontology=SO:0002265;ltr_identity=0.9842;Method=structural;motif=TGCA;tsd=TATAT::Chr02:15710476-15714769(-)
RL000009	ID=RLGSvm1G00174;Parent=repeat_region_21;Name=TE_00000501;Classification=LTR/Gypsy;Sequence_ontology=SO:0002265;ltr_identity=0.9941;Method=structural;motif=TGCA;tsd=CTAAG::Chr07:9626218-9630536(-)
RL000194	ID=RLGSvm1G00133;Parent=repeat_region_39;Name=TE_00000848;Classification=LTR/Gypsy;Sequence_ontology=SO:0002265;ltr_identity=0.9439;Method=structural;motif=TGCA;tsd=CCCTT::Chr05:21388739-21404322(?)
RL000018	ID=RLCSvm1G00046;Parent=repeat_region_37;Name=TE_00000593;Classification=LTR/Copia;Sequence_ontology=SO:0002264;ltr_identity=0.9457;Method=structural;motif=TGCA;tsd=CCATT::Chr02:14373314-14379975(-)
RL000025	ID=RLGSvm1G00149;Parent=repeat_region_24;Name=TE_00000404;Classification=LTR/Gypsy;Sequence_ontology=SO:0002265;ltr_identity=0.9536;Method=structural;motif=TGCA;tsd=GATAC::Chr06:11149626-11162867(-)
RL000018	ID=RLCSvm1G00067;Parent=repeat_region_83;Name=TE_00000593;Classification=LTR/Copia;Sequence_ontology=SO:0002264;ltr_identity=0.9477;Method=structural;motif=TGCA;tsd=GAAAC::Chr02:41862896-41869558(-)
RL000009	ID=RLGSvm1G00131;Parent=repeat_region_36;Name=TE_00000510;Classification=LTR/Gypsy;Sequence_ontology=SO:0002265;ltr_identity=0.9575;Method=structural;motif=TGCA;tsd=TTTTA::Chr05:20979342-20983664(+)
RL000019	ID=RLCSvm1G00231;Parent=repeat_region_16;Name=TE_00001037;Classification=LTR/Copia;Sequence_ontology=SO:0002264;ltr_identity=0.9847;Method=structural;motif=TGCA;tsd=TGAAA::Chr08:12650238-12655751(+)
RL000027	ID=RLCSvm1G00225;Parent=repeat_region_5;Name=TE_00001019;Classification=LTR/Copia;Sequence_ontology=SO:0002264;ltr_identity=0.9895;Method=structural;motif=TGCA;tsd=GAACT::Chr08:4402291-4407172(-)
RL000098	ID=LTRRT_RLXSvm1G00012;Parent=repeat_region_41;Name=TE_00000516;Classification=LTR/unknown;Sequence_ontology=SO:0000186;ltr_identity=0.9867;Method=structural;motif=TGCA;tsd=AACAT::Chr02:15821849-15827292(+)
RL000046	ID=RLGSvm1G00138;Parent=repeat_region_45;Name=TE_00000865;Classification=LTR/Gypsy;Sequence_ontology=SO:0002265;ltr_identity=0.9569;Method=structural;motif=TGCA;tsd=ATGGC::Chr05:22980063-22992536(?)
RL000158	ID=RLGSvm1G00105;Parent=repeat_region_32;Name=TE_00000494;Classification=LTR/Gypsy;Sequence_ontology=SO:0002265;ltr_identity=0.9175;Method=structural;motif=TGCA;tsd=TCCTC::Chr04:20125245-20139535(+)
RL000016	ID=RLGSvm1G00015;Parent=repeat_region_4;Name=TE_00001141;Classification=LTR/Gypsy;Sequence_ontology=SO:0002265;ltr_identity=0.9767;Method=structural;motif=TGCA;tsd=GACAC::Chr02:1336967-1352059(-)
RL000018	ID=RLCSvm1G00045;Parent=repeat_region_36;Name=TE_00000919;Classification=LTR/Copia;Sequence_ontology=SO:0002264;ltr_identity=0.9375;Method=structural;motif=TGCA;tsd=GATCC::Chr02:14272871-14279545(+)
RL000217	ID=RLCSvm1G00179;Parent=repeat_region_23;Name=TE_00000841;Classification=LTR/Copia;Sequence_ontology=SO:0002264;ltr_identity=0.9907;Method=structural;motif=TGCA;tsd=ATATG::Chr06:10922910-10928058(+)
RL000036	ID=RLGSvm1G00072;Parent=repeat_region_51;Name=TE_00000518;Classification=LTR/Gypsy;Sequence_ontology=SO:0002265;ltr_identity=0.9327;Method=structural;motif=TGCA;tsd=GGGTA::Chr03:31476150-31488404(?)
RL000085	ID=RLCSvm1G00036;Parent=repeat_region_16;Name=TE_00000741;Classification=LTR/Copia;Sequence_ontology=SO:0002264;ltr_identity=0.9933;Method=structural;motif=TGCA;tsd=AGCAG::Chr02:5053393-5055309(+)
RL000016	ID=RLGSvm1G00213;Parent=repeat_region_83;Name=TE_00000849;Classification=LTR/Gypsy;Sequence_ontology=SO:0002265;ltr_identity=0.9804;Method=structural;motif=TGCA;tsd=AGCAG::Chr08:41429133-41444579(+)
RL000196	ID=RLCSvm1G00154;Parent=repeat_region_49;Name=TE_00000852;Classification=LTR/Copia;Sequence_ontology=SO:0002264;ltr_identity=0.9937;Method=structural;motif=TGCA;tsd=ATCCT::Chr05:25701798-25706792(+)
RL000023	ID=RLGSvm1G00065;Parent=repeat_region_39;Name=TE_00001105;Classification=LTR/Gypsy;Sequence_ontology=SO:0002265;ltr_identity=0.9823;Method=structural;motif=TACA;tsd=TTAGC::Chr03:29975675-29983382(-)
RL000022	ID=RLGSvm1G00024;Parent=repeat_region_33;Name=TE_00000629;Classification=LTR/Gypsy;Sequence_ontology=SO:0002265;ltr_identity=0.9761;Method=structural;motif=TGCA;tsd=AACTT::Chr02:11807335-11814118(+)
RL000022	ID=RLGSvm1G00033;Parent=repeat_region_51;Name=TE_00000629;Classification=LTR/Gypsy;Sequence_ontology=SO:0002265;ltr_identity=0.9556;Method=structural;motif=TGCA;tsd=CTCTA::Chr02:19336562-19343358(+)
RL000012	ID=RLGSvm1G00062;Parent=repeat_region_35;Name=TE_00001101;Classification=LTR/Gypsy;Sequence_ontology=SO:0002265;ltr_identity=0.9614;Method=structural;motif=TGCA;tsd=GATGG::Chr03:29287960-29301999(-)
RL000033	ID=RLCSvm1G00097;Parent=repeat_region_67;Name=TE_00000673;Classification=LTR/Copia;Sequence_ontology=SO:0002264;ltr_identity=0.9920;Method=structural;motif=TGCA;tsd=CGGGC::Chr03:35562487-35567395(-)
RL000017	ID=RLGSvm1G00211;Parent=repeat_region_78;Name=TE_00000543;Classification=LTR/Gypsy;Sequence_ontology=SO:0002265;ltr_identity=0.9815;Method=structural;motif=TGCA;tsd=CTCTG::Chr08:38639250-38648598(-)
RL000131	ID=RLGSvm1G00061;Parent=repeat_region_31;Name=TE_00000514;Classification=LTR/Gypsy;Sequence_ontology=SO:0002265;ltr_identity=0.9578;Method=structural;motif=TGCA;tsd=CAGGA::Chr03:27381574-27387018(+)
RL000053	ID=RLCSvm1G00223;Parent=repeat_region_1;Name=TE_00000534;Classification=LTR/Copia;Sequence_ontology=SO:0002264;ltr_identity=0.9916;Method=structural;motif=TGCA;tsd=TGATC::Chr08:2814407-2819188(-)
RL000154	ID=RLGSvm1G00098;Parent=repeat_region_21;Name=TE_00000593;Classification=LTR/Gypsy;Sequence_ontology=SO:0002265;ltr_identity=0.9369;Method=structural;motif=TGCA;tsd=CAAGT::Chr04:15447043-15463775(?)
RL000018	ID=RLCSvm1G00131;Parent=repeat_region_57;Name=TE_00000468;Classification=LTR/Copia;Sequence_ontology=SO:0002264;ltr_identity=0.9532;Method=structural;motif=TGCA;tsd=TCCCT::Chr04:34837633-34844304(-)
RL000093	ID=RLCSvm1G00043;Parent=repeat_region_30;Name=TE_00000505;Classification=LTR/Copia;Sequence_ontology=SO:0002264;ltr_identity=0.9865;Method=structural;motif=TGCA;tsd=CTGGC::Chr02:9667201-9671201(-)
RL000268	ID=LTRRT_RLXSvm1G00059;Parent=repeat_region_22;Name=TE_00000894;Classification=LTR/unknown;Sequence_ontology=SO:0000186;ltr_identity=0.9679;Method=structural;motif=TGCA;tsd=AGCAC::Chr08:15428155-15430724(?)
RL000165	ID=RLGSvm1G00115;Parent=repeat_region_48;Name=TE_00000619;Classification=LTR/Gypsy;Sequence_ontology=SO:0002265;ltr_identity=0.9103;Method=structural;motif=TGCA;tsd=GTCAC::Chr04:26171374-26184722(?)
RL000092	ID=RLCSvm1G00042;Parent=repeat_region_29;Name=TE_00001025;Classification=LTR/Copia;Sequence_ontology=SO:0002264;ltr_identity=0.9950;Method=structural;motif=TGCT;tsd=CCACA::Chr02:9574961-9577597(+)
RL000003	ID=RLCSvm1G00027;Parent=repeat_region_43;Name=TE_00000689;Classification=LTR/Copia;Sequence_ontology=SO:0002264;ltr_identity=0.9796;Method=structural;motif=TGCA;tsd=GAAAT::Chr01:35139743-35151207(-)
RL000004	ID=RLCSvm1G00293;Parent=repeat_region_52;Name=TE_00000983;Classification=LTR/Copia;Sequence_ontology=SO:0002264;ltr_identity=0.9775;Method=structural;motif=TGCA;tsd=GTATC::Chr09:41674207-41683565(+)
RL000022	ID=RLGSvm1G00152;Parent=repeat_region_29;Name=TE_00000791;Classification=LTR/Gypsy;Sequence_ontology=SO:0002265;ltr_identity=0.9672;Method=structural;motif=TGCA;tsd=CCTAT::Chr06:14648143-14654980(-)
RL000021	ID=RLCSvm1G00041;Parent=repeat_region_28;Name=TE_00000752;Classification=LTR/Copia;Sequence_ontology=SO:0002264;ltr_identity=0.9789;Method=structural;motif=TGCA;tsd=TTTAT::Chr02:9490333-9495549(+)
RL000001	Chr05:6289939-6297459(+)_Milhouse5
RL000121	ID=RLGSvm1G00052;Parent=repeat_region_15;Name=TE_00000834;Classification=LTR/Gypsy;Sequence_ontology=SO:0002265;ltr_identity=0.9011;Method=structural;motif=TGCA;tsd=GATTT::Chr03:15002162-15010167(+)
RL000099	ID=RLCSvm1G00048;Parent=repeat_region_43;Name=TE_00000629;Classification=LTR/Copia;Sequence_ontology=SO:0002264;ltr_identity=0.9590;Method=structural;motif=TGCA;tsd=GATGT::Chr02:16532881-16547794(+)
RL000017	ID=RLGSvm1G00017;Parent=repeat_region_8;Name=TE_00000778;Classification=LTR/Gypsy;Sequence_ontology=SO:0002265;ltr_identity=0.9893;Method=structural;motif=TGCA;tsd=CATTG::Chr02:2228465-2237808(+)
RL000007	ID=RLCSvm1G00020;Parent=repeat_region_32;Name=TE_00000693;Classification=LTR/Copia;Sequence_ontology=SO:0002264;ltr_identity=0.9440;Method=structural;motif=TGCA;tsd=GAAAG::Chr01:22174121-22182265(-)
RL000031	ID=RLCSvm1G00072;Parent=repeat_region_3;Name=TE_00000555;Classification=LTR/Copia;Sequence_ontology=SO:0002264;ltr_identity=0.9635;Method=structural;motif=TGCA;tsd=TACTT::Chr03:3403785-3411050(-)
RL000082	ID=RLCSvm1G00034;Parent=repeat_region_12;Name=TE_00000741;Classification=LTR/Copia;Sequence_ontology=SO:0002264;ltr_identity=0.9677;Method=structural;motif=TGCA;tsd=TTCTA::Chr02:4266472-4268309(-)
RL000049	ID=RLCSvm1G00212;Parent=repeat_region_32;Name=TE_00000471;Classification=LTR/Copia;Sequence_ontology=SO:0002264;ltr_identity=0.9863;Method=structural;motif=TGTA;tsd=CATGT::Chr07:13289073-13294106(-)
RL000077	ID=LTRRT_RLXSvm1G00006;Parent=repeat_region_2;Name=TE_00000652;Classification=LTR/unknown;Sequence_ontology=SO:0000186;ltr_identity=0.9519;Method=structural;motif=TGCA;tsd=CTGC::Chr02:1174710-1177234(?)
RL000017	ID=RLGSvm1G00020;Parent=repeat_region_23;Name=TE_00000778;Classification=LTR/Gypsy;Sequence_ontology=SO:0002265;ltr_identity=0.9845;Method=structural;motif=TGCA;tsd=TAATC::Chr02:6954037-6963142(+)
RL000018	ID=RLCSvm1G00165;Parent=repeat_region_64;Name=TE_00000844;Classification=LTR/Copia;Sequence_ontology=SO:0002264;ltr_identity=0.9241;Method=structural;motif=TGCA;tsd=ATGTT::Chr05:43983186-43989802(+)
RL000013	ID=RLGSvm1G00123;Parent=repeat_region_18;Name=TE_00000744;Classification=LTR/Gypsy;Sequence_ontology=SO:0002265;ltr_identity=0.9858;Method=structural;motif=TGCA;tsd=GGTGG::Chr05:12990547-12997507(+)
RL000020	ID=LTRRT_RLXSvm1G00010;Parent=repeat_region_21;Name=TE_00001087;Classification=LTR/unknown;Sequence_ontology=SO:0000186;ltr_identity=0.9179;Method=structural;motif=TGCA;tsd=TTAAC::Chr02:6765316-6766950(?)
RL000087	ID=RLCSvm1G00039;Parent=repeat_region_20;Name=TE_00000823;Classification=LTR/Copia;Sequence_ontology=SO:0002264;ltr_identity=0.9826;Method=structural;motif=TGCA;tsd=TCTG::Chr02:6736642-6744488(+)
RL000011	ID=RLCSvm1G00033;Parent=repeat_region_11;Name=TE_00000671;Classification=LTR/Copia;Sequence_ontology=SO:0002264;ltr_identity=0.9752;Method=structural;motif=TGCA;tsd=ACTAC::Chr02:3473115-3478397(-)
RL000003	ID=RLCSvm1G00129;Parent=repeat_region_53;Name=TE_00000686;Classification=LTR/Copia;Sequence_ontology=SO:0002264;ltr_identity=0.9680;Method=structural;motif=TGCA;tsd=GATGC::Chr04:32019841-32031391(+)
RL000205	ID=RLGSvm1G00143;Parent=repeat_region_61;Name=TE_00000539;Classification=LTR/Gypsy;Sequence_ontology=SO:0002265;ltr_identity=0.9679;Method=structural;motif=TGCA;tsd=GTTCC::Chr05:39083801-39089233(+)
RL000086	ID=LTRRT_RLXSvm1G00009;Parent=repeat_region_17;Name=TE_00001013;Classification=LTR/unknown;Sequence_ontology=SO:0000186;ltr_identity=0.9521;Method=structural;motif=TACA;tsd=TACTC::Chr02:5816151-5820420(+)
RL000023	ID=RLGSvm1G00035;Parent=repeat_region_54;Name=TE_00000843;Classification=LTR/Gypsy;Sequence_ontology=SO:0002265;ltr_identity=0.9760;Method=structural;motif=TACA;tsd=GCCAC::Chr02:19987355-19995115(-)
RL000041	ID=RLGSvm1G00228;Parent=repeat_region_41;Name=TE_00000948;Classification=LTR/Gypsy;Sequence_ontology=SO:0002265;ltr_identity=0.9441;Method=structural;motif=TGCA;tsd=GAAGA::Chr09:33306960-33317215(+)
RL000005	ID=RLGSvm1G00002;Parent=repeat_region_14;Name=TE_00000700;Classification=LTR/Gypsy;Sequence_ontology=SO:0002265;ltr_identity=0.9756;Method=structural;motif=TGCA;tsd=TTGCT::Chr01:11123911-11128874(-)
RL000064	ID=RLCSvm1G00012;Parent=repeat_region_17;Name=TE_00000817;Classification=LTR/Copia;Sequence_ontology=SO:0002264;ltr_identity=0.9548;Method=structural;motif=TGCA;tsd=ATCAT::Chr01:12607780-12612868(-)
RL000013	ID=RLGSvm1G00013;Parent=repeat_region_44;Name=TE_00000510;Classification=LTR/Gypsy;Sequence_ontology=SO:0002265;ltr_identity=0.9835;Method=structural;motif=TGCA;tsd=ACTAC::Chr01:38635819-38643356(+)
RL000061	ID=LTRRT_RLXSvm1G00002;Parent=repeat_region_9;Name=TE_00000502;Classification=LTR/unknown;Sequence_ontology=SO:0000186;ltr_identity=0.9683;Method=structural;motif=TGCA;tsd=TGTAC::Chr01:6644183-6659682(?)
RL000007	ID=RLCSvm1G00052;Parent=repeat_region_48;Name=TE_00000511;Classification=LTR/Copia;Sequence_ontology=SO:0002264;ltr_identity=0.9574;Method=structural;motif=TGCA;tsd=TATTG::Chr02:18674536-18682650(-)
RL000003	ID=RLCSvm1G00134;Parent=repeat_region_61;Name=TE_00000656;Classification=LTR/Copia;Sequence_ontology=SO:0002264;ltr_identity=0.9816;Method=structural;motif=TGCA;tsd=TTCTG::Chr04:37661394-37671927(+)
RL000182	ID=RLGSvm1G00122;Parent=repeat_region_17;Name=TE_00000546;Classification=LTR/Gypsy;Sequence_ontology=SO:0002265;ltr_identity=0.9932;Method=structural;motif=TGCA;tsd=CCATC::Chr05:12924635-12930303(+)
RL000277	ID=RLCSvm1G00243;Parent=repeat_region_48;Name=TE_00000842;Classification=LTR/Copia;Sequence_ontology=SO:0002264;ltr_identity=0.9608;Method=structural;motif=TGTA;tsd=CTTCT::Chr08:25308619-25314044(-)
RL000159	ID=RLGSvm1G00106;Parent=repeat_region_34;Name=TE_00000712;Classification=LTR/Gypsy;Sequence_ontology=SO:0002265;ltr_identity=0.9385;Method=structural;motif=TGCA;tsd=GGCAG::Chr04:20480487-20492792(?)
RL000072	ID=RLCSvm1G00024;Parent=repeat_region_37;Name=TE_00000661;Classification=LTR/Copia;Sequence_ontology=SO:0002264;ltr_identity=0.9417;Method=structural;motif=TGCA;tsd=AATTC::Chr01:27891991-27896855(-)
RL000013	ID=RLGSvm1G00153;Parent=repeat_region_31;Name=TE_00000437;Classification=LTR/Gypsy;Sequence_ontology=SO:0002265;ltr_identity=0.9803;Method=structural;motif=TGCA;tsd=AAGTA::Chr06:16097066-16104572(+)
RL000026	ID=RLGSvm1G00127;Parent=repeat_region_26;Name=TE_00000665;Classification=LTR/Gypsy;Sequence_ontology=SO:0002265;ltr_identity=0.9901;Method=structural;motif=TGCA;tsd=ATATG::Chr05:16868444-16874199(+)
RL000001	Chr04:32021611-32029174(-)_Milhouse10
RL000007	ID=RLCSvm1G00188;Parent=repeat_region_41;Name=TE_00000399;Classification=LTR/Copia;Sequence_ontology=SO:0002264;ltr_identity=0.9546;Method=structural;motif=TGCA;tsd=GGCCG::Chr06:18504955-18513134(+)
RL000073	ID=RLCSvm1G00025;Parent=repeat_region_38;Name=TE_00000534;Classification=LTR/Copia;Sequence_ontology=SO:0002264;ltr_identity=0.8763;Method=structural;motif=TGCA;tsd=CATTC::Chr01:28874016-28881128(+)
RL000027	ID=RLCSvm1G00075;Parent=repeat_region_6;Name=TE_00000848;Classification=LTR/Copia;Sequence_ontology=SO:0002264;ltr_identity=0.9817;Method=structural;motif=TGCA;tsd=TTTAA::Chr03:4764298-4769184(-)
RL000251	ID=LTRRT_RLXSvm1G00052;Parent=repeat_region_39;Name=TE_00000794;Classification=LTR/unknown;Sequence_ontology=SO:0000186;ltr_identity=0.9241;Method=structural;motif=TGCA;tsd=TTATG::Chr07:16735080-16737466(?)
RL000245	ID=RLGSvm1G00178;Parent=repeat_region_28;Name=TE_00000730;Classification=LTR/Gypsy;Sequence_ontology=SO:0002265;ltr_identity=0.9742;Method=structural;motif=TGCA;tsd=TCCTT::Chr07:12685272-12695003(-)
RL000041	ID=RLGSvm1G00104;Parent=repeat_region_31;Name=TE_00000861;Classification=LTR/Gypsy;Sequence_ontology=SO:0002265;ltr_identity=0.9656;Method=structural;motif=TGCA;tsd=AGGCC::Chr04:19370858-19381344(-)
RL000097	ID=RLGSvm1G00027;Parent=repeat_region_38;Name=TE_00000934;Classification=LTR/Gypsy;Sequence_ontology=SO:0002265;ltr_identity=0.9345;Method=structural;motif=TGCA;tsd=CCTAA::Chr02:15310938-15324138(+)
RL000060	ID=RLCSvm1G00006;Parent=repeat_region_8;Name=TE_00000660;Classification=LTR/Copia;Sequence_ontology=SO:0002264;ltr_identity=0.9947;Method=structural;motif=TGCA;tsd=GAGTG::Chr01:6537283-6542519(-)
RL000011	ID=RLCSvm1G00026;Parent=repeat_region_39;Name=TE_00000840;Classification=LTR/Copia;Sequence_ontology=SO:0002264;ltr_identity=0.9917;Method=structural;motif=TGCA;tsd=CGTTT::Chr01:30445428-30450764(+)
RL000059	ID=RLCSvm1G00005;Parent=repeat_region_7;Name=TE_00000693;Classification=LTR/Copia;Sequence_ontology=SO:0002264;ltr_identity=0.9930;Method=structural;motif=TGCA;tsd=GGGTC::Chr01:5764819-5778315(?)
RL000001	Chr05:10674776-10682249(+)_Milhouse4
RL000007	ID=RLCSvm1G00013;Parent=repeat_region_18;Name=TE_00000693;Classification=LTR/Copia;Sequence_ontology=SO:0002264;ltr_identity=0.9482;Method=structural;motif=TGCA;tsd=TCTTG::Chr01:13397604-13405727(+)
RL000155	ID=RLGSvm1G00100;Parent=repeat_region_23;Name=TE_00000621;Classification=LTR/Gypsy;Sequence_ontology=SO:0002265;ltr_identity=0.9572;Method=structural;motif=TGCA;tsd=CCGGC::Chr04:16204478-16219075(+)
RL000115	ID=RLCSvm1G00071;Parent=repeat_region_1;Name=TE_00000784;Classification=LTR/Copia;Sequence_ontology=SO:0002264;ltr_identity=0.9291;Method=structural;motif=TGCA;tsd=ATTTT::Chr03:1811624-1816399(-)
RL000009	ID=RLGSvm1G00041;Parent=repeat_region_62;Name=TE_00000550;Classification=LTR/Gypsy;Sequence_ontology=SO:0002265;ltr_identity=0.9862;Method=structural;motif=TGCA;tsd=GGGAG::Chr02:22254500-22258807(-)
RL000001	Chr06:8880774-8888285(+)_Milhouse3
RL000002	ID=RLCSvm1G00004;Parent=repeat_region_5;Name=TE_00000494;Classification=LTR/Copia;Sequence_ontology=SO:0002264;ltr_identity=0.9848;Method=structural;motif=TGCA;tsd=TTCCG::Chr01:4024675-4029638(-)
RL000188	ID=LTRRT_RLXSvm1G00034;Parent=repeat_region_29;Name=TE_00000772;Classification=LTR/unknown;Sequence_ontology=SO:0000186;ltr_identity=0.9213;Method=structural;motif=TGCA;tsd=AAATC::Chr05:17635230-17640358(?)
RL000201	ID=RLCSvm1G00159;Parent=repeat_region_56;Name=TE_00000490;Classification=LTR/Copia;Sequence_ontology=SO:0002264;ltr_identity=0.9921;Method=structural;motif=TGCA;tsd=TTCAA::Chr05:32029364-32034309(-)
RL000113	ID=RLCSvm1G00065;Parent=repeat_region_81;Name=TE_00000804;Classification=LTR/Copia;Sequence_ontology=SO:0002264;ltr_identity=1.0000;Method=structural;motif=TGCA;tsd=CTCCT::Chr02:37596873-37601798(+)
RL000063	ID=LTRRT_RLXSvm1G00003;Parent=repeat_region_16;Name=TE_00000636;Classification=LTR/unknown;Sequence_ontology=SO:0000186;ltr_identity=0.9543;Method=structural;motif=TGCA;tsd=GGTGG::Chr01:11839256-11841220(?)
RL000173	ID=LTRRT_RLXSvm1G00029;Parent=repeat_region_4;Name=TE_00000510;Classification=LTR/unknown;Sequence_ontology=SO:0000186;ltr_identity=0.9123;Method=structural;motif=TGCA;tsd=TCTGG::Chr05:3181675-3185135(?)
RL000109	ID=LTRRT_RLXSvm1G00015;Parent=repeat_region_73;Name=TE_00000899;Classification=LTR/unknown;Sequence_ontology=SO:0000186;ltr_identity=0.9424;Method=structural;motif=TGCA;tsd=ATAGT::Chr02:32989859-32995300(-)
RL000009	ID=RLGSvm1G00009;Parent=repeat_region_34;Name=TE_00000741;Classification=LTR/Gypsy;Sequence_ontology=SO:0002265;ltr_identity=0.9882;Method=structural;motif=TGCA;tsd=GTTAG::Chr01:25437117-25441601(+)
RL000057	ID=RLCSvm1G00003;Parent=repeat_region_4;Name=TE_00000960;Classification=LTR/Copia;Sequence_ontology=SO:0002264;ltr_identity=0.9492;Method=structural;motif=TGCA;tsd=CTTAG::Chr01:3529229-3540684(-)
RL000031	ID=RLCSvm1G00073;Parent=repeat_region_4;Name=TE_00000555;Classification=LTR/Copia;Sequence_ontology=SO:0002264;ltr_identity=0.9615;Method=structural;motif=TGCT;tsd=TACTT::Chr03:3403796-3411050(-)
RL000025	ID=RLGSvm1G00040;Parent=repeat_region_61;Name=TE_00000632;Classification=LTR/Gypsy;Sequence_ontology=SO:0002265;ltr_identity=0.9766;Method=structural;motif=TGCA;tsd=CCTTC::Chr02:22191597-22204829(-)
RL000007	ID=RLCSvm1G00091;Parent=repeat_region_47;Name=TE_00000960;Classification=LTR/Copia;Sequence_ontology=SO:0002264;ltr_identity=0.9708;Method=structural;motif=TGCA;tsd=CTAAG::Chr03:31017018-31025128(+)
RL000010	ID=RLCSvm1G00074;Parent=repeat_region_5;Name=TE_00001120;Classification=LTR/Copia;Sequence_ontology=SO:0002264;ltr_identity=0.9894;Method=structural;motif=TGCA;tsd=CGGAG::Chr03:4472884-4478127(+)
RL000022	ID=RLGSvm1G00082;Parent=repeat_region_65;Name=Chr03:34381309..34388039;Classification=LTR/Gypsy;Sequence_ontology=SO:0002265;ltr_identity=0.9748;Method=structural;motif=TGCA;tsd=GCTTG::Chr03:34381309-34388039(+)
RL000007	ID=RLCSvm1G00053;Parent=repeat_region_52;Name=TE_00000511;Classification=LTR/Copia;Sequence_ontology=SO:0002264;ltr_identity=0.9411;Method=structural;motif=TGCA;tsd=ATGGC::Chr02:19513514-19521665(-)
RL000123	ID=RLCSvm1G00083;Parent=repeat_region_19;Name=TE_00000621;Classification=LTR/Copia;Sequence_ontology=SO:0002264;ltr_identity=0.9640;Method=structural;motif=TACA;tsd=CATAT::Chr03:17657004-17661669(-)
RL000001	Chr02:45065277-45072759(+)_Milhouse14
RL000009	ID=RLGSvm1G00005;Parent=repeat_region_22;Name=TE_00000697;Classification=LTR/Gypsy;Sequence_ontology=SO:0002265;ltr_identity=0.9675;Method=structural;motif=TGCA;tsd=TACTC::Chr01:15573890-15578181(+)
RL000022	ID=RLGSvm1G00064;Parent=repeat_region_38;Name=Chr03:29846305..29853120;Classification=LTR/Gypsy;Sequence_ontology=SO:0002265;ltr_identity=0.9645;Method=structural;motif=TGAG;tsd=GTTAT::Chr03:29846305-29853120(+)
RL000001	Chr01:28178331-28185874(-)_Milhouse12
RL000001	Chr06:32669592-32677101(+)_Milhouse2
RL000094	ID=RLGSvm1G00023;Parent=repeat_region_32;Name=TE_00000778;Classification=LTR/Gypsy;Sequence_ontology=SO:0002265;ltr_identity=0.9944;Method=structural;motif=TGCA;tsd=GATAG::Chr02:10116329-10129125(?)
RL000143	ID=LTRRT_RLXSvm1G00023;Parent=repeat_region_2;Name=TE_00000565;Classification=LTR/unknown;Sequence_ontology=SO:0000186;ltr_identity=0.9487;Method=structural;motif=TGCA;tsd=TATAC::Chr04:2961269-2963520(?)
RL000243	ID=LTRRT_RLXSvm1G00048;Parent=repeat_region_26;Name=TE_00000731;Classification=LTR/unknown;Sequence_ontology=SO:0000186;ltr_identity=1.0000;Method=structural;motif=TGTA;tsd=GTATT::Chr07:12526562-12530871(?)
RL000006	ID=RLCSvm1G00193;Parent=repeat_region_56;Name=TE_00000499;Classification=LTR/Copia;Sequence_ontology=SO:0002264;ltr_identity=0.9581;Method=structural;motif=TGCA;tsd=CAAAT::Chr06:27516220-27522316(-)
RL000058	ID=LTRRT_RLXSvm1G00001;Parent=repeat_region_6;Name=TE_00000577;Classification=LTR/unknown;Sequence_ontology=SO:0000186;ltr_identity=0.8957;Method=structural;motif=TGCA;tsd=AAGAG::Chr01:4368684-4372347(?)
RL000267	ID=RLCSvm1G00236;Parent=repeat_region_21;Name=TE_00000600;Classification=LTR/Copia;Sequence_ontology=SO:0002264;ltr_identity=0.9741;Method=structural;motif=TGCA;tsd=ATCAC::Chr08:15209748-15211445(+)
RL000025	ID=RLGSvm1G00085;Parent=repeat_region_74;Name=TE_00000645;Classification=LTR/Gypsy;Sequence_ontology=SO:0002265;ltr_identity=0.9619;Method=structural;motif=TGCA;tsd=GTAGC::Chr03:39832205-39845174(+)
RL000227	ID=LTRRT_RLXSvm1G00043;Parent=repeat_region_49;Name=TE_00000656;Classification=LTR/unknown;Sequence_ontology=SO:0000186;ltr_identity=0.9577;Method=structural;motif=TGCA;tsd=GTTCC::Chr06:22380068-22387258(?)
RL000006	ID=RLCSvm1G00011;Parent=repeat_region_15;Name=TE_00000685;Classification=LTR/Copia;Sequence_ontology=SO:0002264;ltr_identity=0.9503;Method=structural;motif=TGCA;tsd=ACCAC::Chr01:11160817-11166472(+)
RL000014	ID=RLGSvm1G00048;Parent=repeat_region_84;Name=TE_00001090;Classification=LTR/Gypsy;Sequence_ontology=SO:0002265;ltr_identity=0.9879;Method=structural;motif=TGCA;tsd=CGCTC::Chr02:42502186-42513961(+)
RL000008	ID=RLGSvm1G00168;Parent=repeat_region_8;Name=TE_00000432;Classification=LTR/Gypsy;Sequence_ontology=SO:0002265;ltr_identity=0.9849;Method=structural;motif=TGCA;tsd=CCTTA::Chr07:4257531-4265198(-)
RL000084	ID=RLGSvm1G00018;Parent=repeat_region_14;Name=TE_00001146;Classification=LTR/Gypsy;Sequence_ontology=SO:0002265;ltr_identity=1.0000;Method=structural;motif=TGCA;tsd=TATCC::Chr02:4847552-4852401(+)
RL000105	ID=RLCSvm1G00058;Parent=repeat_region_69;Name=TE_00000874;Classification=LTR/Copia;Sequence_ontology=SO:0002264;ltr_identity=0.9690;Method=structural;motif=TGCA;tsd=TTCCC::Chr02:29062513-29067463(+)
RL000081	ID=RLCSvm1G00032;Parent=repeat_region_10;Name=TE_00000502;Classification=LTR/Copia;Sequence_ontology=SO:0002264;ltr_identity=0.9817;Method=structural;motif=TGCA;tsd=CAGCT::Chr02:3090980-3094442(-)
RL000012	ID=RLGSvm1G00051;Parent=repeat_region_10;Name=TE_00000756;Classification=LTR/Gypsy;Sequence_ontology=SO:0002265;ltr_identity=0.9761;Method=structural;motif=TGCA;tsd=ATAGT::Chr03:10080619-10093848(-)
RL000100	ID=RLGSvm1G00030;Parent=repeat_region_47;Name=TE_00001014;Classification=LTR/Gypsy;Sequence_ontology=SO:0002265;ltr_identity=0.9359;Method=structural;motif=TGCA;tsd=TGGTA::Chr02:18507835-18511794(-)
RL000007	ID=RLCSvm1G00290;Parent=repeat_region_46;Name=TE_00000717;Classification=LTR/Copia;Sequence_ontology=SO:0002264;ltr_identity=0.9649;Method=structural;motif=TGCA;tsd=ATTGG::Chr09:36846275-36854460(+)
RL000160	ID=LTRRT_RLXSvm1G00026;Parent=repeat_region_37;Name=TE_00000851;Classification=LTR/unknown;Sequence_ontology=SO:0000186;ltr_identity=0.9419;Method=structural;motif=TGCA;tsd=AAAAT::Chr04:21797233-21798935(?)
RL000006	ID=RLCSvm1G00055;Parent=repeat_region_58;Name=TE_00000824;Classification=LTR/Copia;Sequence_ontology=SO:0002264;ltr_identity=0.9643;Method=structural;motif=TGCA;tsd=TATAG::Chr02:20798992-20804617(-)
RL000321	ID=RLGSvm1G00235;Parent=repeat_region_61;Name=TE_00000844;Classification=LTR/Gypsy;Sequence_ontology=SO:0002265;ltr_identity=0.9484;Method=structural;motif=TGCA;tsd=GGAGC::Chr09:55689542-55700041(-)
RL000012	ID=RLGSvm1G00183;Parent=repeat_region_7;Name=TE_00000706;Classification=LTR/Gypsy;Sequence_ontology=SO:0002265;ltr_identity=0.9609;Method=structural;motif=TGCA;tsd=CATAT::Chr08:4598124-4611327(+)
RL000054	ID=RLGSvm1G00001;Parent=repeat_region_1;Name=TE_00000648;Classification=LTR/Gypsy;Sequence_ontology=SO:0002265;ltr_identity=0.9739;Method=structural;motif=TGCA;tsd=CTTTT::Chr01:1697717-1700814(-)
RL000078	ID=LTRRT_RLXSvm1G00007;Parent=repeat_region_3;Name=TE_00000721;Classification=LTR/unknown;Sequence_ontology=SO:0000186;ltr_identity=0.9920;Method=structural;motif=TGCA;tsd=TTTT::Chr02:1314375-1328604(?)
RL000301	ID=LTRRT_RLXSvm1G00068;Parent=repeat_region_23;Name=TE_00000623;Classification=LTR/unknown;Sequence_ontology=SO:0000186;ltr_identity=0.9096;Method=structural;motif=TGCA;tsd=GATAG::Chr09:25468425-25475394(?)
RL000079	ID=RLCSvm1G00029;Parent=repeat_region_5;Name=TE_00000521;Classification=LTR/Copia;Sequence_ontology=SO:0002264;ltr_identity=1.0000;Method=structural;motif=TGTA;tsd=CCGAC::Chr02:1592754-1598247(-)
RL000007	ID=RLCSvm1G00120;Parent=repeat_region_30;Name=TE_00000911;Classification=LTR/Copia;Sequence_ontology=SO:0002264;ltr_identity=0.9521;Method=structural;motif=TGCA;tsd=AGATG::Chr04:19278262-19286361(+)
RL000004	ID=RLCSvm1G00010;Parent=repeat_region_13;Name=TE_00000958;Classification=LTR/Copia;Sequence_ontology=SO:0002264;ltr_identity=0.9874;Method=structural;motif=TGCA;tsd=CATTC::Chr01:8647279-8656315(-)
RL000258	ID=LTRRT_RLXSvm1G00056;Parent=repeat_region_50;Name=TE_00000757;Classification=LTR/unknown;Sequence_ontology=SO:0000186;ltr_identity=0.9456;Method=structural;motif=TGCA;tsd=AGCA::Chr07:34213683-34215969(?)
RL000067	ID=RLCSvm1G00014;Parent=repeat_region_25;Name=TE_00000714;Classification=LTR/Copia;Sequence_ontology=SO:0002264;ltr_identity=0.9515;Method=structural;motif=TGCA;tsd=ATTGT::Chr01:19827592-19843065(+)
RL000172	ID=RLGSvm1G00119;Parent=repeat_region_2;Name=TE_00000782;Classification=LTR/Gypsy;Sequence_ontology=SO:0002265;ltr_identity=0.9898;Method=structural;motif=TGCA;tsd=GATGT::Chr05:1016487-1027387(+)
RL000255	ID=RLCSvm1G00221;Parent=repeat_region_46;Name=TE_00000462;Classification=LTR/Copia;Sequence_ontology=SO:0002264;ltr_identity=0.9136;Method=structural;motif=TGCA;tsd=CCTAC::Chr07:29326348-29332095(-)
RL000001	Chr05:39706848-39714355(-)_Milhouse7
RL000044	ID=RLGSvm1G00201;Parent=repeat_region_42;Name=TE_00001087;Classification=LTR/Gypsy;Sequence_ontology=SO:0002265;ltr_identity=0.9869;Method=structural;motif=TGCA;tsd=CTAAT::Chr08:22810998-22817713(-)
RL000164	ID=RLGSvm1G00114;Parent=repeat_region_47;Name=TE_00000529;Classification=LTR/Gypsy;Sequence_ontology=SO:0002265;ltr_identity=0.9388;Method=structural;motif=TGCA;tsd=ACATC::Chr04:25154140-25167723(-)
RL000038	ID=RLGSvm1G00229;Parent=repeat_region_44;Name=TE_00001065;Classification=LTR/Gypsy;Sequence_ontology=SO:0002265;ltr_identity=0.9429;Method=structural;motif=TGCA;tsd=CTCAA::Chr09:36400838-36413888(+)
RL000007	ID=RLCSvm1G00015;Parent=repeat_region_26;Name=TE_00000693;Classification=LTR/Copia;Sequence_ontology=SO:0002264;ltr_identity=0.9417;Method=structural;motif=TGCA;tsd=GGACT::Chr01:19857085-19865268(-)
RL000018	ID=RLCSvm1G00035;Parent=repeat_region_15;Name=TE_00000593;Classification=LTR/Copia;Sequence_ontology=SO:0002264;ltr_identity=0.9499;Method=structural;motif=TGCA;tsd=ACTTT::Chr02:5045329-5051963(-)
RL000107	ID=RLCSvm1G00059;Parent=repeat_region_71;Name=TE_00000787;Classification=LTR/Copia;Sequence_ontology=SO:0002264;ltr_identity=0.9754;Method=structural;motif=TGCA;tsd=CTGAA::Chr02:31522427-31527458(-)
RL000007	ID=RLCSvm1G00156;Parent=repeat_region_51;Name=TE_00000655;Classification=LTR/Copia;Sequence_ontology=SO:0002264;ltr_identity=0.9532;Method=structural;motif=TGCA;tsd=GTGAG::Chr05:26301328-26309491(+)
RL000018	ID=RLCSvm1G00038;Parent=repeat_region_19;Name=TE_00000919;Classification=LTR/Copia;Sequence_ontology=SO:0002264;ltr_identity=0.9643;Method=structural;motif=TGCA;tsd=ACCAA::Chr02:6036469-6043141(+)
RL000313	ID=RLCSvm1G00288;Parent=repeat_region_43;Name=TE_00001096;Classification=LTR/Copia;Sequence_ontology=SO:0002264;ltr_identity=0.9958;Method=structural;motif=TGCA;tsd=ATTTC::Chr09:35949661-35954526(+)
RL000001	Chr09:40598511-40605998(-)_Milhouse13
RL000179	ID=LTRRT_RLXSvm1G00032;Parent=repeat_region_14;Name=TE_00000506;Classification=LTR/unknown;Sequence_ontology=SO:0000186;ltr_identity=0.9426;Method=structural;motif=TGCA;tsd=GGTCC::Chr05:12326899-12330059(?)
RL000125	ID=LTRRT_RLXSvm1G00019;Parent=repeat_region_21;Name=TE_00000986;Classification=LTR/unknown;Sequence_ontology=SO:0000186;ltr_identity=0.9444;Method=structural;motif=TGCA;tsd=GATGA::Chr03:17810112-17812776(?)
RL000007	ID=RLCSvm1G00018;Parent=repeat_region_29;Name=TE_00000693;Classification=LTR/Copia;Sequence_ontology=SO:0002264;ltr_identity=0.9632;Method=structural;motif=TGCA;tsd=CTTGT::Chr01:20574578-20582758(-)
RL000009	ID=RLGSvm1G00116;Parent=repeat_region_54;Name=TE_00000555;Classification=LTR/Gypsy;Sequence_ontology=SO:0002265;ltr_identity=0.9901;Method=structural;motif=TGCA;tsd=AAAAC::Chr04:32937628-32941913(-)
RL000010	ID=RLCSvm1G00023;Parent=repeat_region_36;Name=TE_00000662;Classification=LTR/Copia;Sequence_ontology=SO:0002264;ltr_identity=1.0000;Method=structural;motif=TGCA;tsd=GCGGC::Chr01:25904238-25909454(-)
RL000144	ID=LTRRT_RLXSvm1G00024;Parent=repeat_region_3;Name=TE_00000855;Classification=LTR/unknown;Sequence_ontology=SO:0000186;ltr_identity=0.9651;Method=structural;motif=TGCA;tsd=AGTTC::Chr04:3254127-3255798(?)
RL000069	ID=RLGSvm1G00008;Parent=repeat_region_31;Name=TE_00000812;Classification=LTR/Gypsy;Sequence_ontology=SO:0002265;ltr_identity=1.0000;Method=structural;motif=TGTA;tsd=ATTTC::Chr01:21839355-21844551(-)
RL000007	ID=RLCSvm1G00187;Parent=repeat_region_40;Name=TE_00000399;Classification=LTR/Copia;Sequence_ontology=SO:0002264;ltr_identity=0.9780;Method=structural;motif=TTAC;tsd=GCTAC::Chr06:18468520-18477149(-)
RL000034	ID=RLCSvm1G00174;Parent=repeat_region_15;Name=TE_00000514;Classification=LTR/Copia;Sequence_ontology=SO:0002264;ltr_identity=1.0000;Method=structural;motif=TGCA;tsd=CCCGG::Chr06:6370622-6375917(+)
RL000187	ID=RLGSvm1G00128;Parent=repeat_region_28;Name=TE_00000784;Classification=LTR/Gypsy;Sequence_ontology=SO:0002265;ltr_identity=0.9164;Method=structural;motif=TGCA;tsd=ATAAG::Chr05:17279037-17284503(-)
RL000070	ID=RLCSvm1G00021;Parent=repeat_region_33;Name=TE_00000890;Classification=LTR/Copia;Sequence_ontology=SO:0002264;ltr_identity=0.9919;Method=structural;motif=TGCA;tsd=TAATT::Chr01:23472214-23473987(-)
RL000195	ID=RLGSvm1G00137;Parent=repeat_region_44;Name=TE_00000696;Classification=LTR/Gypsy;Sequence_ontology=SO:0002265;ltr_identity=0.9032;Method=structural;motif=TGCA;tsd=GAGCG::Chr05:22911607-22917052(+)
RL000007	ID=RLCSvm1G00050;Parent=repeat_region_45;Name=TE_00000511;Classification=LTR/Copia;Sequence_ontology=SO:0002264;ltr_identity=0.9478;Method=structural;motif=TGCA;tsd=AATAT::Chr02:18140620-18148807(+)
RL000051	ID=RLCSvm1G00195;Parent=repeat_region_58;Name=TE_00000666;Classification=LTR/Copia;Sequence_ontology=SO:0002264;ltr_identity=0.9846;Method=structural;motif=TGCA;tsd=ATGCC::Chr06:30638684-30643770(-)
RL000007	ID=RLCSvm1G00123;Parent=repeat_region_38;Name=TE_00000911;Classification=LTR/Copia;Sequence_ontology=SO:0002264;ltr_identity=0.9625;Method=structural;motif=TGCA;tsd=AAAAT::Chr04:22008978-22016924(+)
RL000071	ID=RLCSvm1G00022;Parent=repeat_region_35;Name=TE_00000776;Classification=LTR/Copia;Sequence_ontology=SO:0002264;ltr_identity=0.9891;Method=structural;motif=TGCA;tsd=CAATT::Chr01:25825390-25830056(+)
RL000027	ID=RLCSvm1G00060;Parent=repeat_region_75;Name=TE_00000522;Classification=LTR/Copia;Sequence_ontology=SO:0002264;ltr_identity=0.9344;Method=structural;motif=TGCA;tsd=ACCAC::Chr02:34558192-34563072(+)
RL000108	ID=LTRRT_RLXSvm1G00014;Parent=repeat_region_72;Name=TE_00000899;Classification=LTR/unknown;Sequence_ontology=SO:0000186;ltr_identity=0.9521;Method=structural;motif=TGCA;tsd=ATAGT::Chr02:32984779-32995300(-)
RL000068	ID=RLCSvm1G00019;Parent=repeat_region_30;Name=TE_00000698;Classification=LTR/Copia;Sequence_ontology=SO:0002264;ltr_identity=0.9210;Method=structural;motif=TGCA;tsd=CTACA::Chr01:20837845-20844757(+)
RL000007	ID=RLCSvm1G00213;Parent=repeat_region_34;Name=TE_00000463;Classification=LTR/Copia;Sequence_ontology=SO:0002264;ltr_identity=0.9729;Method=structural;motif=TGCA;tsd=ATGAG::Chr07:13567469-13575658(-)
RL000042	ID=RLCSvm1G00168;Parent=repeat_region_4;Name=TE_00000565;Classification=LTR/Copia;Sequence_ontology=SO:0002264;ltr_identity=0.9782;Method=structural;motif=TGCA;tsd=TATAA::Chr06:2070037-2075551(-)
RL000012	ID=RLGSvm1G00011;Parent=repeat_region_41;Name=TE_00000658;Classification=LTR/Gypsy;Sequence_ontology=SO:0002265;ltr_identity=0.9592;Method=structural;motif=TGCA;tsd=GGTAT::Chr01:31938317-31951428(-)
RL000006	ID=RLCSvm1G00246;Parent=repeat_region_55;Name=TE_00000971;Classification=LTR/Copia;Sequence_ontology=SO:0002264;ltr_identity=0.9632;Method=structural;motif=TGCA;tsd=GTTTA::Chr08:29108693-29114767(-)
RL000074	ID=RLGSvm1G00010;Parent=repeat_region_40;Name=TE_00000795;Classification=LTR/Gypsy;Sequence_ontology=SO:0002265;ltr_identity=0.9808;Method=structural;motif=TGCA;tsd=GTGGA::Chr01:30966940-30971891(+)
RL000295	ID=RLCSvm1G00276;Parent=repeat_region_14;Name=TE_00000680;Classification=LTR/Copia;Sequence_ontology=SO:0002264;ltr_identity=0.9583;Method=structural;motif=TGCA;tsd=GCAGA::Chr09:17308322-17319567(+)
RL000022	ID=RLGSvm1G00037;Parent=repeat_region_57;Name=TE_00000629;Classification=LTR/Gypsy;Sequence_ontology=SO:0002265;ltr_identity=0.9628;Method=structural;motif=TGCA;tsd=AAATC::Chr02:20707813-20714559(-)
RL000008	ID=RLGSvm1G00007;Parent=repeat_region_24;Name=TE_00000739;Classification=LTR/Gypsy;Sequence_ontology=SO:0002265;ltr_identity=0.9828;Method=structural;motif=TGCA;tsd=TGTG::Chr01:18737152-18744802(+)
RL000015	ID=RLCSvm1G00028;Parent=repeat_region_1;Name=TE_00000774;Classification=LTR/Copia;Sequence_ontology=SO:0002264;ltr_identity=1.0000;Method=structural;motif=TGCA;tsd=GGTAC::Chr02:824980-830270(+)
RL000299	ID=LTRRT_RLXSvm1G00067;Parent=repeat_region_21;Name=TE_00000672;Classification=LTR/unknown;Sequence_ontology=SO:0000186;ltr_identity=0.9461;Method=structural;motif=TGCA;tsd=CCCAA::Chr09:24474098-24478829(?)
RL000007	ID=RLCSvm1G00087;Parent=repeat_region_34;Name=TE_00000960;Classification=LTR/Copia;Sequence_ontology=SO:0002264;ltr_identity=0.9487;Method=structural;motif=TGCA;tsd=TGGAC::Chr03:29081293-29089335(+)
RL000004	ID=RLCSvm1G00009;Parent=repeat_region_12;Name=TE_00000517;Classification=LTR/Copia;Sequence_ontology=SO:0002264;ltr_identity=0.9613;Method=structural;motif=TGCA;tsd=AGAAG::Chr01:8237188-8246807(+)
RL000012	ID=RLGSvm1G00050;Parent=repeat_region_7;Name=TE_00000756;Classification=LTR/Gypsy;Sequence_ontology=SO:0002265;ltr_identity=0.9876;Method=structural;motif=TGCA;tsd=CCTCC::Chr03:6575287-6588519(+)
RL000023	ID=RLGSvm1G00066;Parent=repeat_region_40;Name=Chr03:30054669..30062409;Classification=LTR/Gypsy;Sequence_ontology=SO:0002265;ltr_identity=0.9969;Method=structural;motif=TACA;tsd=GTCTA::Chr03:30054669-30062409(+)
RL000023	ID=RLGSvm1G00220;Parent=repeat_region_26;Name=TE_00001204;Classification=LTR/Gypsy;Sequence_ontology=SO:0002265;ltr_identity=0.9782;Method=structural;motif=TACA;tsd=CTCCA::Chr09:26923876-26931521(+)
RL000136	ID=RLCSvm1G00102;Parent=repeat_region_76;Name=TE_00000873;Classification=LTR/Copia;Sequence_ontology=SO:0002264;ltr_identity=1.0000;Method=structural;motif=TGCA;tsd=TTCAA::Chr03:41222388-41227015(+)
RL000202	ID=RLCSvm1G00160;Parent=repeat_region_57;Name=TE_00000797;Classification=LTR/Copia;Sequence_ontology=SO:0002264;ltr_identity=0.9333;Method=structural;motif=TGGA;tsd=TCACG::Chr05:33950245-33955481(+)
RL000162	ID=RLCSvm1G00125;Parent=repeat_region_44;Name=TE_00000805;Classification=LTR/Copia;Sequence_ontology=SO:0002264;ltr_identity=0.9826;Method=structural;motif=TGCA;tsd=TCCCC::Chr04:23814067-23819107(+)
RL000009	ID=RLGSvm1G00006;Parent=repeat_region_23;Name=TE_00000741;Classification=LTR/Gypsy;Sequence_ontology=SO:0002265;ltr_identity=0.9742;Method=structural;motif=TGCA;tsd=CAATA::Chr01:16506805-16511313(-)
RL000014	ID=RLGSvm1G00014;Parent=repeat_region_45;Name=TE_00000704;Classification=LTR/Gypsy;Sequence_ontology=SO:0002265;ltr_identity=0.9706;Method=structural;motif=TGCA;tsd=TGATC::Chr01:38741275-38753155(+)
RL000062	ID=RLCSvm1G00008;Parent=repeat_region_11;Name=TE_00000675;Classification=LTR/Copia;Sequence_ontology=SO:0002264;ltr_identity=0.9518;Method=structural;motif=TGCA;tsd=GAGAT::Chr01:7010903-7015593(+)
RL000007	ID=RLCSvm1G00084;Parent=repeat_region_27;Name=TE_00000960;Classification=LTR/Copia;Sequence_ontology=SO:0002264;ltr_identity=0.9531;Method=structural;motif=TGCA;tsd=ACAC::Chr03:24650301-24658492(+)
RL000029	ID=RLCSvm1G00066;Parent=repeat_region_82;Name=TE_00000877;Classification=LTR/Copia;Sequence_ontology=SO:0002264;ltr_identity=0.9928;Method=structural;motif=TGCA;tsd=ACAAA::Chr02:37672856-37677715(-)
RL000008	ID=RLGSvm1G00063;Parent=repeat_region_37;Name=TE_00000584;Classification=LTR/Gypsy;Sequence_ontology=SO:0002265;ltr_identity=0.9882;Method=structural;motif=TGCA;tsd=GGTCC::Chr03:29629991-29637674(-)
RL000006	ID=RLCSvm1G00099;Parent=repeat_region_71;Name=TE_00000647;Classification=LTR/Copia;Sequence_ontology=SO:0002264;ltr_identity=0.9470;Method=structural;motif=TGCA;tsd=AGAAC::Chr03:36323825-36329920(+)
RL000001	Chr06:9080678-9089414(-)_Milhouse1
RL000011	ID=RLCSvm1G00030;Parent=repeat_region_7;Name=TE_00001045;Classification=LTR/Copia;Sequence_ontology=SO:0002264;ltr_identity=0.9675;Method=structural;motif=TGCA;tsd=ACACG::Chr02:2148209-2153461(-)
RL000007	ID=RLCSvm1G00016;Parent=repeat_region_27;Name=TE_00000693;Classification=LTR/Copia;Sequence_ontology=SO:0002264;ltr_identity=0.9621;Method=structural;motif=TGCA;tsd=CCTCT::Chr01:20432427-20440557(-)
RL000007	ID=RLCSvm1G00088;Parent=repeat_region_36;Name=TE_00000960;Classification=LTR/Copia;Sequence_ontology=SO:0002264;ltr_identity=0.9515;Method=structural;motif=TGCA;tsd=CTGT::Chr03:29346685-29354796(-)
RL000007	ID=RLCSvm1G00098;Parent=repeat_region_68;Name=TE_00000960;Classification=LTR/Copia;Sequence_ontology=SO:0002264;ltr_identity=0.9569;Method=structural;motif=TGCA;tsd=AAATA::Chr03:35684838-35692993(-)
RL000025	ID=RLGSvm1G00097;Parent=repeat_region_17;Name=TE_00000564;Classification=LTR/Gypsy;Sequence_ontology=SO:0002265;ltr_identity=0.9572;Method=structural;motif=TGCA;tsd=ACTAT::Chr04:11942495-11955877(+)
RL000007	ID=RLCSvm1G00113;Parent=repeat_region_11;Name=TE_00000911;Classification=LTR/Copia;Sequence_ontology=SO:0002264;ltr_identity=0.9568;Method=structural;motif=TGCA;tsd=TTCCA::Chr04:9589323-9597465(+)
RL000007	ID=RLCSvm1G00180;Parent=repeat_region_26;Name=TE_00000399;Classification=LTR/Copia;Sequence_ontology=SO:0002264;ltr_identity=0.9440;Method=structural;motif=TGCA;tsd=GAGGG::Chr06:12605338-12613446(+)
RL000009	ID=RLGSvm1G00121;Parent=repeat_region_9;Name=TE_00000510;Classification=LTR/Gypsy;Sequence_ontology=SO:0002265;ltr_identity=0.9892;Method=structural;motif=TGCA;tsd=ACAAG::Chr05:8544345-8548626(-)
RL000102	ID=RLGSvm1G00036;Parent=repeat_region_56;Name=TE_00000607;Classification=LTR/Gypsy;Sequence_ontology=SO:0002265;ltr_identity=0.9485;Method=structural;motif=TGCA;tsd=TGTA::Chr02:20309804-20319288(-)
RL000083	ID=LTRRT_RLXSvm1G00008;Parent=repeat_region_13;Name=TE_00000929;Classification=LTR/unknown;Sequence_ontology=SO:0000186;ltr_identity=0.8925;Method=structural;motif=TGCA;tsd=CGAGG::Chr02:4732386-4735357(?)
RL000148	ID=RLGSvm1G00091;Parent=repeat_region_9;Name=TE_00000459;Classification=LTR/Gypsy;Sequence_ontology=SO:0002265;ltr_identity=0.9274;Method=structural;motif=TGCA;tsd=GCTAT::Chr04:8379832-8396627(?)
RL000007	ID=RLCSvm1G00121;Parent=repeat_region_33;Name=TE_00000911;Classification=LTR/Copia;Sequence_ontology=SO:0002264;ltr_identity=0.9559;Method=structural;motif=TGCA;tsd=CATGT::Chr04:20454264-20462442(-)
RL000007	ID=RLCSvm1G00049;Parent=repeat_region_44;Name=TE_00000511;Classification=LTR/Copia;Sequence_ontology=SO:0002264;ltr_identity=0.9508;Method=structural;motif=TGCA;tsd=GGCAC::Chr02:17455468-17463600(+)
RL000008	ID=RLGSvm1G00139;Parent=repeat_region_46;Name=TE_00000702;Classification=LTR/Gypsy;Sequence_ontology=SO:0002265;ltr_identity=0.9710;Method=structural;motif=TGCA;tsd=TATGA::Chr05:23249080-23256737(-)
RL000080	ID=RLCSvm1G00031;Parent=repeat_region_9;Name=TE_00001116;Classification=LTR/Copia;Sequence_ontology=SO:0002264;ltr_identity=0.9947;Method=structural;motif=TGCA;tsd=CAGAA::Chr02:2852356-2857676(-)
RL000003	ID=RLCSvm1G00007;Parent=repeat_region_10;Name=TE_00000603;Classification=LTR/Copia;Sequence_ontology=SO:0002264;ltr_identity=0.9656;Method=structural;motif=TCTC;tsd=CTTCA::Chr01:6892962-6902470(+)
RL000021	ID=RLCSvm1G00106;Parent=repeat_region_83;Name=TE_00000657;Classification=LTR/Copia;Sequence_ontology=SO:0002264;ltr_identity=0.9930;Method=structural;motif=TGCA;tsd=GGATC::Chr03:48782616-48787874(-)
RL000019	ID=RLCSvm1G00037;Parent=repeat_region_18;Name=TE_00000904;Classification=LTR/Copia;Sequence_ontology=SO:0002264;ltr_identity=0.9609;Method=structural;motif=TGCA;tsd=ATTTT::Chr02:5939667-5945049(-)
RL000006	ID=RLCSvm1G00146;Parent=repeat_region_25;Name=TE_00000951;Classification=LTR/Copia;Sequence_ontology=SO:0002264;ltr_identity=0.9847;Method=structural;motif=TGCA;tsd=TCAT::Chr05:16425218-16430991(-)
RL000124	ID=RLGSvm1G00053;Parent=repeat_region_20;Name=TE_00000754;Classification=LTR/Gypsy;Sequence_ontology=SO:0002265;ltr_identity=0.9152;Method=structural;motif=TGCA;tsd=GGCAC::Chr03:17696849-17709789(?)
RL000005	ID=RLGSvm1G00054;Parent=repeat_region_22;Name=TE_00000805;Classification=LTR/Gypsy;Sequence_ontology=SO:0002265;ltr_identity=0.9567;Method=structural;motif=TGCA;tsd=AATGA::Chr03:19776388-19781475(+)
RL000019	ID=RLCSvm1G00267;Parent=repeat_region_1;Name=TE_00000615;Classification=LTR/Copia;Sequence_ontology=SO:0002264;ltr_identity=0.9612;Method=structural;motif=TGCA;tsd=GCATC::Chr09:39399-44708(-)
RL000177	ID=RLCSvm1G00141;Parent=repeat_region_12;Name=TE_00000900;Classification=LTR/Copia;Sequence_ontology=SO:0002264;ltr_identity=0.9037;Method=structural;motif=TGCA;tsd=CTTAT::Chr05:11144851-11149674(-)
RL000007	ID=RLCSvm1G00248;Parent=repeat_region_59;Name=TE_00000719;Classification=LTR/Copia;Sequence_ontology=SO:0002264;ltr_identity=0.9484;Method=structural;motif=TGCA;tsd=CGTGG::Chr08:31358819-31366957(+)
RL000038	ID=RLGSvm1G00193;Parent=repeat_region_31;Name=TE_00000675;Classification=LTR/Gypsy;Sequence_ontology=SO:0002265;ltr_identity=0.9336;Method=structural;motif=TGCA;tsd=CTATG::Chr08:19596390-19609427(+)
RL000127	ID=RLGSvm1G00055;Parent=repeat_region_24;Name=TE_00000596;Classification=LTR/Gypsy;Sequence_ontology=SO:0002265;ltr_identity=0.9454;Method=structural;motif=TGCA;tsd=CATAC::Chr03:21126649-21140069(+)
RL000128	ID=RLGSvm1G00056;Parent=repeat_region_25;Name=TE_00000639;Classification=LTR/Gypsy;Sequence_ontology=SO:0002265;ltr_identity=0.9449;Method=structural;motif=TGCA;tsd=AGCGG::Chr03:21539878-21545564(-)
RL000035	ID=RLGSvm1G00057;Parent=repeat_region_26;Name=TE_00000874;Classification=LTR/Gypsy;Sequence_ontology=SO:0002265;ltr_identity=0.9862;Method=structural;motif=TGCA;tsd=TCCTA::Chr03:22863642-22868609(+)
RL000116	ID=RLGSvm1G00049;Parent=repeat_region_2;Name=TE_00001033;Classification=LTR/Gypsy;Sequence_ontology=SO:0002265;ltr_identity=0.9911;Method=structural;motif=TAGC;tsd=AAATG::Chr03:2758393-2762364(+)
RL000190	ID=RLCSvm1G00150;Parent=repeat_region_33;Name=TE_00000834;Classification=LTR/Copia;Sequence_ontology=SO:0002264;ltr_identity=0.9599;Method=structural;motif=TGCA;tsd=GGGTA::Chr05:19392891-19406156(-)
RL000199	ID=RLGSvm1G00141;Parent=repeat_region_54;Name=TE_00000855;Classification=LTR/Gypsy;Sequence_ontology=SO:0002265;ltr_identity=0.9359;Method=structural;motif=TGCA;tsd=CCTGG::Chr05:29097312-29110606(-)
RL000130	ID=RLGSvm1G00059;Parent=repeat_region_29;Name=TE_00000530;Classification=LTR/Gypsy;Sequence_ontology=SO:0002265;ltr_identity=0.9620;Method=structural;motif=TGCA;tsd=GCCTC::Chr03:26358090-26363125(-)
RL000018	ID=RLCSvm1G00163;Parent=repeat_region_62;Name=TE_00000627;Classification=LTR/Copia;Sequence_ontology=SO:0002264;ltr_identity=0.9048;Method=structural;motif=TGCA;tsd=ATAAC::Chr05:39523508-39530146(-)
RL000025	ID=RLGSvm1G00039;Parent=repeat_region_60;Name=TE_00000970;Classification=LTR/Gypsy;Sequence_ontology=SO:0002265;ltr_identity=0.9455;Method=structural;motif=TGCA;tsd=GGTGG::Chr02:22157922-22171277(-)
RL000022	ID=RLGSvm1G00067;Parent=repeat_region_41;Name=TE_00000620;Classification=LTR/Gypsy;Sequence_ontology=SO:0002265;ltr_identity=0.9558;Method=structural;motif=TGCA;tsd=CACTT::Chr03:30163366-30170213(+)
RL000306	ID=RLGSvm1G00221;Parent=repeat_region_29;Name=TE_00001043;Classification=LTR/Gypsy;Sequence_ontology=SO:0002265;ltr_identity=0.9775;Method=structural;motif=TGCA;tsd=TAAGG::Chr09:27796605-27804133(-)
RL000027	ID=RLCSvm1G00147;Parent=repeat_region_27;Name=TE_00000822;Classification=LTR/Copia;Sequence_ontology=SO:0002264;ltr_identity=0.9372;Method=structural;motif=TGCA;tsd=ATAAC::Chr05:16917302-16922182(-)
RL000009	ID=RLGSvm1G00179;Parent=repeat_region_33;Name=TE_00000501;Classification=LTR/Gypsy;Sequence_ontology=SO:0002265;ltr_identity=0.9931;Method=structural;motif=TGCA;tsd=ACAAC::Chr07:13467250-13471583(-)
RL000231	ID=RLGSvm1G00162;Parent=repeat_region_55;Name=TE_00000532;Classification=LTR/Gypsy;Sequence_ontology=SO:0002265;ltr_identity=0.9574;Method=structural;motif=TGCA;tsd=CAGTG::Chr06:26790002-26795320(-)
RL000088	ID=RLGSvm1G00019;Parent=repeat_region_22;Name=TE_00001102;Classification=LTR/Gypsy;Sequence_ontology=SO:0002265;ltr_identity=0.9519;Method=structural;motif=TGCA;tsd=ACCGC::Chr02:6825914-6834135(+)
RL000009	ID=RLGSvm1G00101;Parent=repeat_region_25;Name=TE_00000555;Classification=LTR/Gypsy;Sequence_ontology=SO:0002265;ltr_identity=0.9951;Method=structural;motif=TGCA;tsd=ATTGA::Chr04:17500292-17504573(-)
RL000036	ID=RLGSvm1G00060;Parent=repeat_region_30;Name=TE_00000859;Classification=LTR/Gypsy;Sequence_ontology=SO:0002265;ltr_identity=0.9332;Method=structural;motif=TGCA;tsd=GTTGG::Chr03:26540082-26552233(?)
RL000007	ID=RLCSvm1G00085;Parent=repeat_region_32;Name=TE_00000960;Classification=LTR/Copia;Sequence_ontology=SO:0002264;ltr_identity=0.9555;Method=structural;motif=TTCA;tsd=CCCCC::Chr03:28661160-28669395(-)
RL000132	ID=RLCSvm1G00086;Parent=repeat_region_33;Name=TE_00001040;Classification=LTR/Copia;Sequence_ontology=SO:0002264;ltr_identity=0.9665;Method=structural;motif=TGCA;tsd=TGTCT::Chr03:28691261-28697783(-)
RL000024	ID=RLGSvm1G00068;Parent=repeat_region_42;Name=TE_00000603;Classification=LTR/Gypsy;Sequence_ontology=SO:0002265;ltr_identity=0.8987;Method=structural;motif=TGCA;tsd=TCCCC::Chr03:30403687-30408571(+)
RL000018	ID=RLCSvm1G00241;Parent=repeat_region_46;Name=TE_00000773;Classification=LTR/Copia;Sequence_ontology=SO:0002264;ltr_identity=0.9664;Method=structural;motif=TGCA;tsd=ATGGG::Chr08:24250219-24256889(+)
RL000007	ID=RLCSvm1G00089;Parent=repeat_region_43;Name=TE_00001085;Classification=LTR/Copia;Sequence_ontology=SO:0002264;ltr_identity=0.9563;Method=structural;motif=TGCA;tsd=TCCTA::Chr03:30452797-30460417(+)
RL000089	ID=LTRRT_RLXSvm1G00011;Parent=repeat_region_25;Name=TE_00001072;Classification=LTR/unknown;Sequence_ontology=SO:0000186;ltr_identity=0.9266;Method=structural;motif=TGCA;tsd=GGCC::Chr02:7567877-7575513(?)
RL000022	ID=LTRRT_RLXSvm1G00021;Parent=repeat_region_45;Name=Chr03:30590244..30597046;Classification=LTR/unknown;Sequence_ontology=SO:0000186;ltr_identity=0.9567;Method=structural;motif=TGCA;tsd=ACCAA::Chr03:30590244-30597046(?)
RL000022	ID=RLGSvm1G00070;Parent=repeat_region_48;Name=Chr03:31091288..31098078;Classification=LTR/Gypsy;Sequence_ontology=SO:0002265;ltr_identity=0.9670;Method=structural;motif=TGCA;tsd=CCTAG::Chr03:31091288-31098078(+)
RL000007	ID=RLCSvm1G00285;Parent=repeat_region_33;Name=TE_00000717;Classification=LTR/Copia;Sequence_ontology=SO:0002264;ltr_identity=0.9528;Method=structural;motif=TGCA;tsd=ACAAT::Chr09:28371369-28379550(-)
RL000026	ID=RLGSvm1G00071;Parent=repeat_region_49;Name=TE_00001008;Classification=LTR/Gypsy;Sequence_ontology=SO:0002265;ltr_identity=0.9943;Method=structural;motif=TGCA;tsd=CTCTC::Chr03:31201653-31208772(+)
RL000204	ID=RLCSvm1G00162;Parent=repeat_region_60;Name=TE_00000497;Classification=LTR/Copia;Sequence_ontology=SO:0002264;ltr_identity=0.9209;Method=structural;motif=TGCA;tsd=CCAAG::Chr05:38291338-38297496(-)
RL000029	ID=RLCSvm1G00138;Parent=repeat_region_8;Name=TE_00000564;Classification=LTR/Copia;Sequence_ontology=SO:0002264;ltr_identity=1.0000;Method=structural;motif=TGCA;tsd=ACGGT::Chr05:7477724-7482590(+)
RL000001	Chr05:29838831-29846280(+)_Milhouse6
RL000007	ID=RLCSvm1G00092;Parent=repeat_region_50;Name=TE_00000960;Classification=LTR/Copia;Sequence_ontology=SO:0002264;ltr_identity=0.9539;Method=structural;motif=TGCA;tsd=GAATC::Chr03:31213480-31221676(+)
RL000007	ID=RLCSvm1G00130;Parent=repeat_region_56;Name=TE_00000911;Classification=LTR/Copia;Sequence_ontology=SO:0002264;ltr_identity=0.9355;Method=structural;motif=TGCA;tsd=ATCAT::Chr04:34206387-34214532(-)
RL000090	ID=RLGSvm1G00022;Parent=repeat_region_26;Name=TE_00000767;Classification=LTR/Gypsy;Sequence_ontology=SO:0002265;ltr_identity=0.9774;Method=structural;motif=TGCA;tsd=GGACC::Chr02:9438398-9444954(-)
RL000007	ID=RLCSvm1G00093;Parent=repeat_region_52;Name=TE_00000960;Classification=LTR/Copia;Sequence_ontology=SO:0002264;ltr_identity=0.9553;Method=structural;motif=TGCA;tsd=ATCAA::Chr03:31649007-31657131(-)
RL000012	ID=RLGSvm1G00182;Parent=repeat_region_6;Name=TE_00000706;Classification=LTR/Gypsy;Sequence_ontology=SO:0002265;ltr_identity=0.9665;Method=structural;motif=TGCA;tsd=CATAT::Chr08:4553735-4566941(+)
RL000133	ID=RLGSvm1G00074;Parent=repeat_region_54;Name=TE_00000760;Classification=LTR/Gypsy;Sequence_ontology=SO:0002265;ltr_identity=0.9914;Method=structural;motif=TACC;tsd=ATGAA::Chr03:31993753-32004128(-)
RL000282	ID=RLCSvm1G00252;Parent=repeat_region_63;Name=TE_00000902;Classification=LTR/Copia;Sequence_ontology=SO:0002264;ltr_identity=0.9849;Method=structural;motif=TGCA;tsd=GTTTG::Chr08:33166958-33171159(+)
RL000023	ID=RLGSvm1G00075;Parent=repeat_region_55;Name=TE_00000918;Classification=LTR/Gypsy;Sequence_ontology=SO:0002265;ltr_identity=0.9875;Method=structural;motif=TACA;tsd=GGTGG::Chr03:32188298-32196041(+)
RL000119	ID=LTRRT_RLXSvm1G00017;Parent=repeat_region_12;Name=TE_00001069;Classification=LTR/unknown;Sequence_ontology=SO:0000186;ltr_identity=0.9623;Method=structural;motif=TGCA;tsd=GTGTA::Chr03:11548804-11553734(?)
RL000009	ID=RLGSvm1G00076;Parent=repeat_region_56;Name=TE_00000648;Classification=LTR/Gypsy;Sequence_ontology=SO:0002265;ltr_identity=0.9723;Method=structural;motif=TGCA;tsd=CCACT::Chr03:32258138-32262247(-)
RL000111	ID=RLCSvm1G00061;Parent=repeat_region_76;Name=TE_00000642;Classification=LTR/Copia;Sequence_ontology=SO:0002264;ltr_identity=1.0000;Method=structural;motif=TGCA;tsd=GCGCC::Chr02:35213871-35216061(-)
RL000091	ID=RLCSvm1G00040;Parent=repeat_region_27;Name=TE_00001035;Classification=LTR/Copia;Sequence_ontology=SO:0002264;ltr_identity=1.0000;Method=structural;motif=TGCA;tsd=GTGGA::Chr02:9460273-9465314(+)
RL000037	ID=RLGSvm1G00077;Parent=repeat_region_57;Name=TE_00001078;Classification=LTR/Gypsy;Sequence_ontology=SO:0002265;ltr_identity=0.9523;Method=structural;motif=TGCA;tsd=GTTCC::Chr03:32363136-32376998(+)
RL000238	ID=RLCSvm1G00202;Parent=repeat_region_5;Name=TE_00000701;Classification=LTR/Copia;Sequence_ontology=SO:0002264;ltr_identity=0.9929;Method=structural;motif=TGCA;tsd=GTAGA::Chr07:3192528-3197774(?)
RL000009	ID=RLGSvm1G00156;Parent=repeat_region_42;Name=TE_00000628;Classification=LTR/Gypsy;Sequence_ontology=SO:0002265;ltr_identity=0.9881;Method=structural;motif=TGCA;tsd=GGGGG::Chr06:18739098-18743379(+)
RL000134	ID=RLGSvm1G00078;Parent=repeat_region_58;Name=TE_00000513;Classification=LTR/Gypsy;Sequence_ontology=SO:0002265;ltr_identity=0.9413;Method=structural;motif=TGCA;tsd=AACCT::Chr03:32497532-32512612(?)
RL000129	ID=RLGSvm1G00058;Parent=repeat_region_28;Name=TE_00000601;Classification=LTR/Gypsy;Sequence_ontology=SO:0002265;ltr_identity=0.9461;Method=structural;motif=TGCA;tsd=GGATA::Chr03:25531637-25542572(+)
RL000007	ID=RLCSvm1G00094;Parent=repeat_region_59;Name=TE_00000772;Classification=LTR/Copia;Sequence_ontology=SO:0002264;ltr_identity=0.9432;Method=structural;motif=TGCA;tsd=NA::Chr03:32666577-32674695(+)
RL000022	ID=RLGSvm1G00079;Parent=repeat_region_61;Name=Chr03:32849233..32855227;Classification=LTR/Gypsy;Sequence_ontology=SO:0002265;ltr_identity=0.9432;Method=structural;motif=TGCA;tsd=TAGAG::Chr03:32849233-32855227(-)
RL000007	ID=RLCSvm1G00090;Parent=repeat_region_44;Name=TE_00000571;Classification=LTR/Copia;Sequence_ontology=SO:0002264;ltr_identity=0.9677;Method=structural;motif=TGCA;tsd=AAGCA::Chr03:30555669-30564164(+)
RL000065	ID=RLGSvm1G00003;Parent=repeat_region_19;Name=TE_00000510;Classification=LTR/Gypsy;Sequence_ontology=SO:0002265;ltr_identity=0.9737;Method=structural;motif=TGCA;tsd=CACTC::Chr01:14767090-14772424(-)
RL000012	ID=RLGSvm1G00080;Parent=repeat_region_62;Name=TE_00000662;Classification=LTR/Gypsy;Sequence_ontology=SO:0002265;ltr_identity=0.9710;Method=structural;motif=TGCA;tsd=ACTAG::Chr03:33835638-33848944(-)
RL000020	ID=LTRRT_RLXSvm1G00022;Parent=repeat_region_63;Name=TE_00001063;Classification=LTR/unknown;Sequence_ontology=SO:0000186;ltr_identity=0.9502;Method=structural;motif=TGCA;tsd=GAGCT::Chr03:34011964-34013637(?)
RL000009	ID=RLGSvm1G00081;Parent=repeat_region_64;Name=TE_00001108;Classification=LTR/Gypsy;Sequence_ontology=SO:0002265;ltr_identity=0.9822;Method=structural;motif=TGCA;tsd=CCCCA::Chr03:34337618-34342109(-)
RL000009	ID=RLGSvm1G00107;Parent=repeat_region_36;Name=TE_00000886;Classification=LTR/Gypsy;Sequence_ontology=SO:0002265;ltr_identity=0.9842;Method=structural;motif=TGCA;tsd=TGTGT::Chr04:21265909-21270227(+)
RL000012	ID=RLGSvm1G00230;Parent=repeat_region_47;Name=TE_00000949;Classification=LTR/Gypsy;Sequence_ontology=SO:0002265;ltr_identity=0.9819;Method=structural;motif=TGCA;tsd=CTCTC::Chr09:37789923-37803143(-)
RL000009	ID=RLGSvm1G00188;Parent=repeat_region_25;Name=TE_00000858;Classification=LTR/Gypsy;Sequence_ontology=SO:0002265;ltr_identity=0.9530;Method=structural;motif=TGCA;tsd=TGGTA::Chr08:17944116-17948718(-)
RL000169	ID=RLCSvm1G00128;Parent=repeat_region_52;Name=TE_00000745;Classification=LTR/Copia;Sequence_ontology=SO:0002264;ltr_identity=0.9735;Method=structural;motif=TGCA;tsd=GGAAT::Chr04:31653035-31658936(-)
RL000008	ID=RLGSvm1G00216;Parent=repeat_region_10;Name=TE_00000780;Classification=LTR/Gypsy;Sequence_ontology=SO:0002265;ltr_identity=0.9871;Method=structural;motif=TGCA;tsd=TGGTG::Chr09:11733049-11740719(-)
RL000013	ID=RLGSvm1G00083;Parent=repeat_region_69;Name=TE_00000593;Classification=LTR/Gypsy;Sequence_ontology=SO:0002265;ltr_identity=0.9770;Method=structural;motif=TGCA;tsd=GGAAT::Chr03:35849700-35857233(-)
RL000004	ID=RLCSvm1G00222;Parent=repeat_region_47;Name=TE_00000469;Classification=LTR/Copia;Sequence_ontology=SO:0002264;ltr_identity=0.9783;Method=structural;motif=TGCA;tsd=CAAAG::Chr07:30598284-30607423(-)
RL000038	ID=RLGSvm1G00084;Parent=repeat_region_70;Name=TE_00000971;Classification=LTR/Gypsy;Sequence_ontology=SO:0002265;ltr_identity=0.9600;Method=structural;motif=TGCA;tsd=CTCAG::Chr03:35925750-35938843(+)
RL000032	ID=RLCSvm1G00076;Parent=repeat_region_8;Name=TE_00000842;Classification=LTR/Copia;Sequence_ontology=SO:0002264;ltr_identity=0.9905;Method=structural;motif=TGCA;tsd=GTTGG::Chr03:6620083-6625151(-)
RL000007	ID=RLCSvm1G00148;Parent=repeat_region_31;Name=TE_00000655;Classification=LTR/Copia;Sequence_ontology=SO:0002264;ltr_identity=0.9479;Method=structural;motif=TGCA;tsd=ATAAC::Chr05:18426655-18434805(-)
RL000008	ID=RLGSvm1G00120;Parent=repeat_region_3;Name=TE_00000702;Classification=LTR/Gypsy;Sequence_ontology=SO:0002265;ltr_identity=0.9796;Method=structural;motif=TGCA;tsd=CTGTT::Chr05:1248697-1256369(+)
RL000018	ID=RLCSvm1G00101;Parent=repeat_region_73;Name=TE_00000643;Classification=LTR/Copia;Sequence_ontology=SO:0002264;ltr_identity=0.9636;Method=structural;motif=TGCA;tsd=CTGTG::Chr03:37373967-37380639(-)
RL000009	ID=RLGSvm1G00140;Parent=repeat_region_47;Name=TE_00000510;Classification=LTR/Gypsy;Sequence_ontology=SO:0002265;ltr_identity=0.9832;Method=structural;motif=TGCA;tsd=CTTCC::Chr05:23498605-23502924(+)
RL000137	ID=RLCSvm1G00103;Parent=repeat_region_77;Name=TE_00000529;Classification=LTR/Copia;Sequence_ontology=SO:0002264;ltr_identity=0.9248;Method=structural;motif=TGCA;tsd=TGGGT::Chr03:41329945-41334848(+)
RL000138	ID=RLGSvm1G00087;Parent=repeat_region_78;Name=TE_00000793;Classification=LTR/Gypsy;Sequence_ontology=SO:0002265;ltr_identity=0.9276;Method=structural;motif=TGCA;tsd=GCTCC::Chr03:42330260-42346524(-)
RL000039	ID=RLCSvm1G00100;Parent=repeat_region_72;Name=TE_00000815;Classification=LTR/Copia;Sequence_ontology=SO:0002264;ltr_identity=0.9731;Method=structural;motif=TGCA;tsd=CATAC::Chr03:36405993-36410933(+)
RL000139	ID=RLCSvm1G00104;Parent=repeat_region_79;Name=TE_00000854;Classification=LTR/Copia;Sequence_ontology=SO:0002264;ltr_identity=0.9237;Method=structural;motif=TGCA;tsd=CTAGC::Chr03:43986268-43991323(-)
RL000140	ID=RLGSvm1G00089;Parent=repeat_region_81;Name=TE_00000654;Classification=LTR/Gypsy;Sequence_ontology=SO:0002265;ltr_identity=0.9420;Method=structural;motif=TGCA;tsd=CATTG::Chr03:46143838-46157998(+)
RL000040	ID=RLGSvm1G00086;Parent=repeat_region_75;Name=TE_00000761;Classification=LTR/Gypsy;Sequence_ontology=SO:0002265;ltr_identity=0.9722;Method=structural;motif=TGCA;tsd=TTCCT::Chr03:41107923-41122524(-)
RL000007	ID=RLCSvm1G00017;Parent=repeat_region_28;Name=TE_00000693;Classification=LTR/Copia;Sequence_ontology=SO:0002264;ltr_identity=0.9504;Method=structural;motif=TGCA;tsd=ATCCA::Chr01:20559552-20567745(+)
RL000141	ID=RLCSvm1G00105;Parent=repeat_region_82;Name=TE_00000847;Classification=LTR/Copia;Sequence_ontology=SO:0002264;ltr_identity=0.9924;Method=structural;motif=TGCA;tsd=AAAGT::Chr03:46597212-46602990(-)
RL000017	ID=RLGSvm1G00021;Parent=repeat_region_24;Name=TE_00000778;Classification=LTR/Gypsy;Sequence_ontology=SO:0002265;ltr_identity=0.9838;Method=structural;motif=TGCA;tsd=TAA::Chr02:6955407-6963142(+)
RL000043	ID=RLCSvm1G00137;Parent=repeat_region_6;Name=TE_00001026;Classification=LTR/Copia;Sequence_ontology=SO:0002264;ltr_identity=1.0000;Method=structural;motif=TGCA;tsd=CTTAA::Chr05:5489277-5494547(+)
RL000076	ID=LTRRT_RLXSvm1G00005;Parent=repeat_region_46;Name=TE_00000512;Classification=LTR/unknown;Sequence_ontology=SO:0000186;ltr_identity=0.9565;Method=structural;motif=TGCA;tsd=CTTAT::Chr01:40797124-40799399(?)
RL000142	ID=RLCSvm1G00107;Parent=repeat_region_84;Name=TE_00000926;Classification=LTR/Copia;Sequence_ontology=SO:0002264;ltr_identity=1.0000;Method=structural;motif=TGCA;tsd=CTAAG::Chr03:49179961-49184923(-)
RL000018	ID=RLCSvm1G00108;Parent=repeat_region_1;Name=TE_00000842;Classification=LTR/Copia;Sequence_ontology=SO:0002264;ltr_identity=0.9705;Method=structural;motif=TGCA;tsd=GACAT::Chr04:135456-142116(-)
RL000019	ID=RLCSvm1G00109;Parent=repeat_region_4;Name=TE_00000799;Classification=LTR/Copia;Sequence_ontology=SO:0002264;ltr_identity=0.9847;Method=structural;motif=TGCA;tsd=GCTAC::Chr04:4656044-4661257(+)
RL000012	ID=RLGSvm1G00029;Parent=repeat_region_42;Name=TE_00001093;Classification=LTR/Gypsy;Sequence_ontology=SO:0002265;ltr_identity=0.9783;Method=structural;motif=TGCA;tsd=GGGTG::Chr02:15973113-15986476(-)
RL000003	ID=RLCSvm1G00110;Parent=repeat_region_5;Name=TE_00000686;Classification=LTR/Copia;Sequence_ontology=SO:0002264;ltr_identity=0.9754;Method=structural;motif=TGCA;tsd=CTTAC::Chr04:5338239-5349776(-)
RL000008	ID=RLGSvm1G00117;Parent=repeat_region_55;Name=TE_00000690;Classification=LTR/Gypsy;Sequence_ontology=SO:0002265;ltr_identity=0.9774;Method=structural;motif=TGCA;tsd=AACAT::Chr04:33173276-33180755(-)
RL000145	ID=RLCSvm1G00111;Parent=repeat_region_6;Name=TE_00000736;Classification=LTR/Copia;Sequence_ontology=SO:0002264;ltr_identity=0.9652;Method=structural;motif=TGCA;tsd=CTCTT::Chr04:5869115-5875127(-)
RL000265	ID=RLCSvm1G00233;Parent=repeat_region_18;Name=TE_00000683;Classification=LTR/Copia;Sequence_ontology=SO:0002264;ltr_identity=0.9784;Method=structural;motif=TGCA;tsd=TTCAA::Chr08:14570580-14576083(-)
RL000146	ID=RLCSvm1G00112;Parent=repeat_region_7;Name=TE_00000730;Classification=LTR/Copia;Sequence_ontology=SO:0002264;ltr_identity=0.9374;Method=structural;motif=TGCA;tsd=CAAAA::Chr04:7413526-7424244(-)
RL000147	ID=RLGSvm1G00090;Parent=repeat_region_8;Name=TE_00000691;Classification=LTR/Gypsy;Sequence_ontology=SO:0002265;ltr_identity=0.9269;Method=structural;motif=TGCA;tsd=CCTTG::Chr04:8115286-8128650(-)
RL000012	ID=RLGSvm1G00231;Parent=repeat_region_50;Name=TE_00000585;Classification=LTR/Gypsy;Sequence_ontology=SO:0002265;ltr_identity=0.9859;Method=structural;motif=TGCA;tsd=AGGGG::Chr09:41018509-41032013(+)
RL000009	ID=RLGSvm1G00110;Parent=repeat_region_42;Name=TE_00000555;Classification=LTR/Gypsy;Sequence_ontology=SO:0002265;ltr_identity=0.9891;Method=structural;motif=TGCA;tsd=ATCAC::Chr04:23439476-23443755(+)
RL000151	ID=RLGSvm1G00094;Parent=repeat_region_13;Name=TE_00000601;Classification=LTR/Gypsy;Sequence_ontology=SO:0002265;ltr_identity=0.9470;Method=structural;motif=TGCA;tsd=CAGAT::Chr04:10046231-10051673(+)
RL000106	ID=RLGSvm1G00045;Parent=repeat_region_70;Name=TE_00001102;Classification=LTR/Gypsy;Sequence_ontology=SO:0002265;ltr_identity=0.9695;Method=structural;motif=TGCA;tsd=CTCAT::Chr02:30458177-30470197(?)
RL000176	ID=RLCSvm1G00140;Parent=repeat_region_11;Name=TE_00000933;Classification=LTR/Copia;Sequence_ontology=SO:0002264;ltr_identity=0.9152;Method=structural;motif=TGCA;tsd=ATTTC::Chr05:11041729-11047733(-)
RL000017	ID=RLGSvm1G00088;Parent=repeat_region_80;Name=TE_00000837;Classification=LTR/Gypsy;Sequence_ontology=SO:0002265;ltr_identity=0.9814;Method=structural;motif=TGCA;tsd=GACAG::Chr03:45270477-45279815(+)
RL000150	ID=RLGSvm1G00093;Parent=repeat_region_12;Name=TE_00000635;Classification=LTR/Gypsy;Sequence_ontology=SO:0002265;ltr_identity=0.8856;Method=structural;motif=TGCA;tsd=AGCAT::Chr04:9599796-9610832(-)
RL000007	ID=RLCSvm1G00096;Parent=repeat_region_66;Name=TE_00000836;Classification=LTR/Copia;Sequence_ontology=SO:0002264;ltr_identity=0.9416;Method=structural;motif=TGCA;tsd=CCCAA::Chr03:35204799-35212830(-)
RL000152	ID=RLCSvm1G00114;Parent=repeat_region_14;Name=TE_00000803;Classification=LTR/Copia;Sequence_ontology=SO:0002264;ltr_identity=0.8976;Method=structural;motif=TGAT;tsd=GTCAT::Chr04:10469360-10475880(+)
RL000153	ID=RLGSvm1G00096;Parent=repeat_region_16;Name=TE_00000578;Classification=LTR/Gypsy;Sequence_ontology=SO:0002265;ltr_identity=0.9448;Method=structural;motif=TGCA;tsd=AAATC::Chr04:11161810-11166889(+)
RL000007	ID=RLCSvm1G00203;Parent=repeat_region_9;Name=TE_00000463;Classification=LTR/Copia;Sequence_ontology=SO:0002264;ltr_identity=0.9411;Method=structural;motif=TGCA;tsd=TTGAT::Chr07:4868850-4877016(-)
RL000027	ID=RLCSvm1G00124;Parent=repeat_region_40;Name=TE_00000913;Classification=LTR/Copia;Sequence_ontology=SO:0002264;ltr_identity=0.9659;Method=structural;motif=TGCA;tsd=GCAAC::Chr04:22900564-22905447(+)
RL000171	ID=LTRRT_RLXSvm1G00028;Parent=repeat_region_1;Name=TE_00000553;Classification=LTR/unknown;Sequence_ontology=SO:0000186;ltr_identity=0.9532;Method=structural;motif=TGCA;tsd=TTGTT::Chr05:823576-827799(?)
RL000007	ID=RLCSvm1G00115;Parent=repeat_region_18;Name=TE_00000911;Classification=LTR/Copia;Sequence_ontology=SO:0002264;ltr_identity=0.9417;Method=structural;motif=TGCA;tsd=CTCCT::Chr04:13295246-13303462(+)
RL000192	ID=LTRRT_RLXSvm1G00035;Parent=repeat_region_37;Name=TE_00001000;Classification=LTR/unknown;Sequence_ontology=SO:0000186;ltr_identity=0.8933;Method=structural;motif=TGCA;tsd=AGAAG::Chr05:21234813-21251021(+)
RL000018	ID=RLCSvm1G00116;Parent=repeat_region_19;Name=TE_00000842;Classification=LTR/Copia;Sequence_ontology=SO:0002264;ltr_identity=0.9978;Method=structural;motif=TGCA;tsd=GAATG::Chr04:15210542-15217201(+)
RL000278	ID=LTRRT_RLXSvm1G00062;Parent=repeat_region_49;Name=TE_00000922;Classification=LTR/unknown;Sequence_ontology=SO:0000186;ltr_identity=0.9583;Method=structural;motif=TGCA;tsd=AGATG::Chr08:25648883-25655161(?)
RL000066	ID=LTRRT_RLXSvm1G00004;Parent=repeat_region_21;Name=TE_00000918;Classification=LTR/unknown;Sequence_ontology=SO:0000186;ltr_identity=0.9904;Method=structural;motif=TGCA;tsd=CCAAC::Chr01:15329243-15331253(?)
RL000027	ID=RLCSvm1G00117;Parent=repeat_region_20;Name=TE_00000913;Classification=LTR/Copia;Sequence_ontology=SO:0002264;ltr_identity=0.9791;Method=structural;motif=TGCA;tsd=TCCTT::Chr04:15218340-15223221(+)
RL000018	ID=RLCSvm1G00044;Parent=repeat_region_31;Name=TE_00000919;Classification=LTR/Copia;Sequence_ontology=SO:0002264;ltr_identity=0.9510;Method=structural;motif=TGCA;tsd=CTATA::Chr02:10041031-10047698(-)
RL000149	ID=RLGSvm1G00092;Parent=repeat_region_10;Name=TE_00000775;Classification=LTR/Gypsy;Sequence_ontology=SO:0002265;ltr_identity=0.9512;Method=structural;motif=TGCA;tsd=ATCAA::Chr04:8408668-8420421(+)
RL000037	ID=RLGSvm1G00099;Parent=repeat_region_22;Name=TE_00000863;Classification=LTR/Gypsy;Sequence_ontology=SO:0002265;ltr_identity=0.9681;Method=structural;motif=TGCA;tsd=GAATG::Chr04:15745639-15758840(+)
RL000052	ID=RLCSvm1G00254;Parent=repeat_region_65;Name=TE_00001036;Classification=LTR/Copia;Sequence_ontology=SO:0002264;ltr_identity=1.0000;Method=structural;motif=TGCA;tsd=ACATA::Chr08:33819225-33822556(+)
RL000007	ID=RLCSvm1G00118;Parent=repeat_region_24;Name=TE_00000495;Classification=LTR/Copia;Sequence_ontology=SO:0002264;ltr_identity=0.9358;Method=structural;motif=TGCA;tsd=TGAGC::Chr04:17012823-17020901(+)
RL000007	ID=RLCSvm1G00273;Parent=repeat_region_11;Name=TE_00000717;Classification=LTR/Copia;Sequence_ontology=SO:0002264;ltr_identity=0.9548;Method=structural;motif=TGCA;tsd=CAGCA::Chr09:13262241-13270432(+)
RL000157	ID=RLCSvm1G00119;Parent=repeat_region_29;Name=TE_00000759;Classification=LTR/Copia;Sequence_ontology=SO:0002264;ltr_identity=0.9031;Method=structural;motif=TGCA;tsd=TACA::Chr04:19103857-19118426(-)
RL000009	ID=RLGSvm1G00102;Parent=repeat_region_26;Name=TE_00000493;Classification=LTR/Gypsy;Sequence_ontology=SO:0002265;ltr_identity=0.8955;Method=structural;motif=TGCA;tsd=AGAGA::Chr04:17971237-17975354(+)
RL000156	ID=LTRRT_RLXSvm1G00025;Parent=repeat_region_27;Name=TE_00000847;Classification=LTR/unknown;Sequence_ontology=SO:0000186;ltr_identity=0.9607;Method=structural;motif=TGCA;tsd=TACAT::Chr04:18232543-18237668(?)
RL000009	ID=RLGSvm1G00103;Parent=repeat_region_28;Name=TE_00000886;Classification=LTR/Gypsy;Sequence_ontology=SO:0002265;ltr_identity=0.9980;Method=structural;motif=TGCA;tsd=ATAAG::Chr04:18655716-18660028(+)
RL000045	ID=RLCSvm1G00151;Parent=repeat_region_34;Name=TE_00000799;Classification=LTR/Copia;Sequence_ontology=SO:0002264;ltr_identity=0.8640;Method=structural;motif=TGCA;tsd=TGTTT::Chr05:19700766-19706827(-)
RL000050	ID=RLCSvm1G00206;Parent=repeat_region_13;Name=TE_00000694;Classification=LTR/Copia;Sequence_ontology=SO:0002264;ltr_identity=0.9921;Method=structural;motif=TGCA;tsd=GAAAG::Chr07:6580769-6585856(-)
RL000007	ID=RLCSvm1G00122;Parent=repeat_region_35;Name=TE_00000911;Classification=LTR/Copia;Sequence_ontology=SO:0002264;ltr_identity=0.9462;Method=structural;motif=TGCA;tsd=TTTCC::Chr04:20495900-20504131(+)
RL000018	ID=RLCSvm1G00232;Parent=repeat_region_17;Name=TE_00000773;Classification=LTR/Copia;Sequence_ontology=SO:0002264;ltr_identity=0.9754;Method=structural;motif=TGCA;tsd=CAGTC::Chr08:14204166-14210822(-)
RL000183	ID=RLGSvm1G00124;Parent=repeat_region_20;Name=TE_00000658;Classification=LTR/Gypsy;Sequence_ontology=SO:0002265;ltr_identity=0.9765;Method=structural;motif=TGCA;tsd=ATTTT::Chr05:14178288-14190117(?)
RL000022	ID=RLGSvm1G00109;Parent=repeat_region_41;Name=TE_00000728;Classification=LTR/Gypsy;Sequence_ontology=SO:0002265;ltr_identity=0.9652;Method=structural;motif=TGCA;tsd=CACTA::Chr04:23210503-23217388(+)
RL000035	ID=RLGSvm1G00095;Parent=repeat_region_15;Name=TE_00000708;Classification=LTR/Gypsy;Sequence_ontology=SO:0002265;ltr_identity=0.9931;Method=structural;motif=TGCA;tsd=GCCAC::Chr04:10707951-10712941(-)
RL000022	ID=RLGSvm1G00111;Parent=repeat_region_43;Name=TE_00000514;Classification=LTR/Gypsy;Sequence_ontology=SO:0002265;ltr_identity=0.9366;Method=structural;motif=TACA;tsd=CTCCA::Chr04:23557327-23564115(+)
RL000163	ID=RLGSvm1G00112;Parent=repeat_region_45;Name=TE_00000590;Classification=LTR/Gypsy;Sequence_ontology=SO:0002265;ltr_identity=0.8982;Method=structural;motif=TGCA;tsd=TTCAT::Chr04:23919149-23931663(?)
RL000009	ID=RLGSvm1G00113;Parent=repeat_region_46;Name=TE_00000886;Classification=LTR/Gypsy;Sequence_ontology=SO:0002265;ltr_identity=0.9921;Method=structural;motif=TGCA;tsd=GGTTC::Chr04:24229317-24233628(-)
RL000166	ID=RLCSvm1G00126;Parent=repeat_region_49;Name=TE_00000575;Classification=LTR/Copia;Sequence_ontology=SO:0002264;ltr_identity=0.8968;Method=structural;motif=TGCA;tsd=ACTAC::Chr04:26838880-26849416(+)
RL000001	Chr08:11897982-11905523(-)_Milhouse8
RL000007	ID=RLCSvm1G00149;Parent=repeat_region_32;Name=TE_00000655;Classification=LTR/Copia;Sequence_ontology=SO:0002264;ltr_identity=0.9474;Method=structural;motif=TGCA;tsd=AAAGG::Chr05:18581694-18590322(+)
RL000006	ID=RLCSvm1G00133;Parent=repeat_region_59;Name=TE_00000489;Classification=LTR/Copia;Sequence_ontology=SO:0002264;ltr_identity=0.9497;Method=structural;motif=TGCA;tsd=CGTAC::Chr04:35618845-35624930(+)
RL000168	ID=RLCSvm1G00127;Parent=repeat_region_51;Name=TE_00000751;Classification=LTR/Copia;Sequence_ontology=SO:0002264;ltr_identity=1.0000;Method=structural;motif=TGCA;tsd=AGACC::Chr04:31239328-31244428(-)
RL000191	ID=RLGSvm1G00130;Parent=repeat_region_35;Name=TE_00000534;Classification=LTR/Gypsy;Sequence_ontology=SO:0002265;ltr_identity=0.9553;Method=structural;motif=TGTA;tsd=CACTT::Chr05:20550995-20558396(-)
RL000007	ID=RLCSvm1G00132;Parent=repeat_region_58;Name=TE_00000911;Classification=LTR/Copia;Sequence_ontology=SO:0002264;ltr_identity=0.9329;Method=structural;motif=TGCA;tsd=CACAT::Chr04:35050258-35058420(-)
RL000056	ID=RLCSvm1G00002;Parent=repeat_region_3;Name=TE_00000490;Classification=LTR/Copia;Sequence_ontology=SO:0002264;ltr_identity=0.9104;Method=structural;motif=TGCA;tsd=CTTCC::Chr01:2981550-2988756(+)
RL000170	ID=RLGSvm1G00118;Parent=repeat_region_60;Name=TE_00000912;Classification=LTR/Gypsy;Sequence_ontology=SO:0002265;ltr_identity=0.9243;Method=structural;motif=TGCA;tsd=CACTT::Chr04:36718437-36731051(?)
RL000075	ID=RLGSvm1G00012;Parent=repeat_region_42;Name=TE_00000762;Classification=LTR/Gypsy;Sequence_ontology=SO:0002265;ltr_identity=0.9517;Method=structural;motif=TGCA;tsd=ATTAG::Chr01:31979766-31983009(-)
RL000042	ID=RLCSvm1G00135;Parent=repeat_region_62;Name=TE_00000625;Classification=LTR/Copia;Sequence_ontology=SO:0002264;ltr_identity=0.9689;Method=structural;motif=TGCA;tsd=CTGCC::Chr04:39155740-39161136(+)
RL000006	ID=RLCSvm1G00247;Parent=repeat_region_57;Name=TE_00000971;Classification=LTR/Copia;Sequence_ontology=SO:0002264;ltr_identity=0.9829;Method=structural;motif=TGCA;tsd=ACTAC::Chr08:29176320-29182863(+)
RL000042	ID=RLCSvm1G00136;Parent=repeat_region_5;Name=TE_00000766;Classification=LTR/Copia;Sequence_ontology=SO:0002264;ltr_identity=0.9695;Method=structural;motif=TGCA;tsd=GTTCA::Chr05:4645013-4650376(-)
RL000174	ID=LTRRT_RLXSvm1G00030;Parent=repeat_region_7;Name=TE_00000596;Classification=LTR/unknown;Sequence_ontology=SO:0000186;ltr_identity=0.9937;Method=structural;motif=TGCA;tsd=AATAT::Chr05:5944049-5949027(-)
RL000016	ID=RLGSvm1G00016;Parent=repeat_region_6;Name=TE_00000660;Classification=LTR/Gypsy;Sequence_ontology=SO:0002265;ltr_identity=0.9768;Method=structural;motif=TGCA;tsd=CCGAC::Chr02:1835976-1851421(-)
RL000175	ID=RLCSvm1G00139;Parent=repeat_region_10;Name=TE_00000657;Classification=LTR/Copia;Sequence_ontology=SO:0002264;ltr_identity=0.9725;Method=structural;motif=TGCA;tsd=CGAGG::Chr05:10267604-10273095(-)
RL000178	ID=LTRRT_RLXSvm1G00031;Parent=repeat_region_13;Name=TE_00000966;Classification=LTR/unknown;Sequence_ontology=SO:0000186;ltr_identity=0.9847;Method=structural;motif=TGCA;tsd=ATTAG::Chr05:11319908-11324959(?)
RL000180	ID=RLCSvm1G00142;Parent=repeat_region_15;Name=TE_00000955;Classification=LTR/Copia;Sequence_ontology=SO:0002264;ltr_identity=0.9932;Method=structural;motif=TGCA;tsd=GGTGT::Chr05:12334805-12338247(-)
RL000181	ID=RLCSvm1G00143;Parent=repeat_region_16;Name=TE_00000565;Classification=LTR/Copia;Sequence_ontology=SO:0002264;ltr_identity=0.8991;Method=structural;motif=TGCA;tsd=GCATT::Chr05:12585228-12598234(-)
RL000197	ID=RLCSvm1G00157;Parent=repeat_region_52;Name=TE_00000886;Classification=LTR/Copia;Sequence_ontology=SO:0002264;ltr_identity=0.9628;Method=structural;motif=TGCA;tsd=CTTAG::Chr05:28546253-28552625(-)
RL000018	ID=RLCSvm1G00144;Parent=repeat_region_19;Name=TE_00000551;Classification=LTR/Copia;Sequence_ontology=SO:0002264;ltr_identity=0.9714;Method=structural;motif=TGCA;tsd=CAAAC::Chr05:13749693-13756388(+)
RL000184	ID=LTRRT_RLXSvm1G00033;Parent=repeat_region_21;Name=TE_00000528;Classification=LTR/unknown;Sequence_ontology=SO:0000186;ltr_identity=0.9591;Method=structural;motif=TGCA;tsd=GTTAC::Chr05:14985228-14987038(?)
RL000186	ID=RLGSvm1G00126;Parent=repeat_region_24;Name=TE_00000807;Classification=LTR/Gypsy;Sequence_ontology=SO:0002265;ltr_identity=0.9972;Method=structural;motif=TGCA;tsd=CATAT::Chr05:16406477-16411675(+)
RL000096	ID=RLGSvm1G00026;Parent=repeat_region_35;Name=TE_00000650;Classification=LTR/Gypsy;Sequence_ontology=SO:0002265;ltr_identity=0.9846;Method=structural;motif=TGCA;tsd=TAAG::Chr02:14094044-14105581(-)
RL000135	ID=RLCSvm1G00095;Parent=repeat_region_60;Name=TE_00001098;Classification=LTR/Copia;Sequence_ontology=SO:0002264;ltr_identity=0.9178;Method=structural;motif=TGCA;tsd=CATTG::Chr03:32757567-32761712(+)
RL000193	ID=RLGSvm1G00132;Parent=repeat_region_38;Name=TE_00000929;Classification=LTR/Gypsy;Sequence_ontology=SO:0002265;ltr_identity=0.9259;Method=structural;motif=TGCA;tsd=AGTTC::Chr05:21280670-21294095(+)
RL000126	ID=LTRRT_RLXSvm1G00020;Parent=repeat_region_23;Name=TE_00000898;Classification=LTR/unknown;Sequence_ontology=SO:0000186;ltr_identity=0.9615;Method=structural;motif=TGCA;tsd=AGGTA::Chr03:20293111-20298321(?)
RL000185	ID=RLCSvm1G00145;Parent=repeat_region_22;Name=TE_00000820;Classification=LTR/Copia;Sequence_ontology=SO:0002264;ltr_identity=0.9579;Method=structural;motif=TGCA;tsd=ATTTA::Chr05:15708790-15713680(+)
RL000320	ID=RLCSvm1G00296;Parent=repeat_region_60;Name=TE_00001024;Classification=LTR/Copia;Sequence_ontology=SO:0002264;ltr_identity=1.0000;Method=structural;motif=TGCA;tsd=ACCCA::Chr09:50577411-50582413(+)
RL000044	ID=RLGSvm1G00125;Parent=repeat_region_23;Name=TE_00000792;Classification=LTR/Gypsy;Sequence_ontology=SO:0002265;ltr_identity=0.9824;Method=structural;motif=TGCA;tsd=CGGTG::Chr05:16349031-16356755(+)
RL000189	ID=RLGSvm1G00129;Parent=repeat_region_30;Name=TE_00000944;Classification=LTR/Gypsy;Sequence_ontology=SO:0002265;ltr_identity=0.9498;Method=structural;motif=TGCA;tsd=CCGAT::Chr05:18362300-18373933(?)
RL000012	ID=RLGSvm1G00134;Parent=repeat_region_40;Name=TE_00000814;Classification=LTR/Gypsy;Sequence_ontology=SO:0002265;ltr_identity=0.9800;Method=structural;motif=TGCA;tsd=GATGT::Chr05:21900830-21914106(+)
RL000007	ID=RLCSvm1G00056;Parent=repeat_region_64;Name=TE_00000511;Classification=LTR/Copia;Sequence_ontology=SO:0002264;ltr_identity=0.9481;Method=structural;motif=TGCA;tsd=CCGAC::Chr02:22572228-22580291(+)
RL000012	ID=RLGSvm1G00135;Parent=repeat_region_41;Name=TE_00000606;Classification=LTR/Gypsy;Sequence_ontology=SO:0002265;ltr_identity=0.9760;Method=structural;motif=TGCA;tsd=CCTGG::Chr05:22229525-22242746(-)
RL000007	ID=RLCSvm1G00047;Parent=repeat_region_39;Name=TE_00000511;Classification=LTR/Copia;Sequence_ontology=SO:0002264;ltr_identity=0.9639;Method=structural;motif=TGCA;tsd=ACATC::Chr02:15458505-15466658(-)
RL000006	ID=RLCSvm1G00152;Parent=repeat_region_42;Name=TE_00000951;Classification=LTR/Copia;Sequence_ontology=SO:0002264;ltr_identity=0.9425;Method=structural;motif=TGCA;tsd=GGTAA::Chr05:22474895-22480975(+)
