RL000263	ID=lLTR_RLCSvm1G00294;Parent=repeat_region_58;Name=TE_00000818;Classification=LTR/Copia;Sequence_ontology=SO:0000286;ltr_identity=0.9440;Method=structural;motif=TGCA;tsd=AATTG::Chr09:49215876-49216143(+)
RL000008	ID=lLTR_RLGSvm1G00234;Parent=repeat_region_57;Name=TE_00000621;Classification=LTR/Gypsy;Sequence_ontology=SO:0000286;ltr_identity=0.9931;Method=structural;motif=TGCA;tsd=TTTCC::Chr09:48504154-48505169(-)
RL000262	ID=lLTR_RLGSvm1G00233;Parent=repeat_region_56;Name=TE_00000700;Classification=LTR/Gypsy;Sequence_ontology=SO:0000286;ltr_identity=0.9735;Method=structural;motif=TGCA;tsd=GCTCT::Chr09:46622550-46622895(+)
RL000013	ID=lLTR_RLGSvm1G00232;Parent=repeat_region_54;Name=TE_00000805;Classification=LTR/Gypsy;Sequence_ontology=SO:0000286;ltr_identity=0.9864;Method=structural;motif=TGCA;tsd=CCATC::Chr09:43647127-43648164(+)
RL000021	ID=lLTR_RLXSvm1G00072;Parent=repeat_region_53;Name=TE_00001093;Classification=LTR/unknown;Sequence_ontology=SO:0000286;ltr_identity=0.9930;Method=structural;motif=TGCA;tsd=ATTAC::Chr09:42699977-42700265(?)
RL000013	ID=lLTR_RLGSvm1G00230;Parent=repeat_region_47;Name=TE_00000949;Classification=LTR/Gypsy;Sequence_ontology=SO:0000286;ltr_identity=0.9819;Method=structural;motif=TGCA;tsd=CTCTC::Chr09:37789923-37790995(-)
RL000048	ID=lLTR_RLGSvm1G00229;Parent=repeat_region_44;Name=TE_00001065;Classification=LTR/Gypsy;Sequence_ontology=SO:0000286;ltr_identity=0.9429;Method=structural;motif=TGCA;tsd=CTCAA::Chr09:36400838-36403939(+)
RL000258	ID=lLTR_RLXSvm1G00070;Parent=repeat_region_42;Name=TE_00000770;Classification=LTR/unknown;Sequence_ontology=SO:0000286;ltr_identity=0.9257;Method=structural;motif=TGCA;tsd=CTCCC::Chr09:35629594-35629971(?)
RL000056	ID=lLTR_RLGSvm1G00228;Parent=repeat_region_41;Name=TE_00000948;Classification=LTR/Gypsy;Sequence_ontology=SO:0000286;ltr_identity=0.9441;Method=structural;motif=TGCA;tsd=GAAGA::Chr09:33306960-33307604(+)
RL000024	ID=lLTR_RLCSvm1G00287;Parent=repeat_region_40;Name=TE_00000656;Classification=LTR/Copia;Sequence_ontology=SO:0000286;ltr_identity=0.9771;Method=structural;motif=TGCA;tsd=AACAC::Chr09:32755174-32755304(+)
RL000256	ID=lLTR_RLGSvm1G00226;Parent=repeat_region_38;Name=TE_00000807;Classification=LTR/Gypsy;Sequence_ontology=SO:0000286;ltr_identity=0.9865;Method=structural;motif=TGCA;tsd=GATGG::Chr09:31413192-31413635(-)
RL000255	ID=lLTR_RLGSvm1G00225;Parent=repeat_region_37;Name=TE_00000631;Classification=LTR/Gypsy;Sequence_ontology=SO:0000286;ltr_identity=0.9213;Method=structural;motif=TGCA;tsd=GATGG::Chr09:31237597-31238474(-)
RL000254	ID=lLTR_RLGSvm1G00224;Parent=repeat_region_36;Name=TE_00000826;Classification=LTR/Gypsy;Sequence_ontology=SO:0000286;ltr_identity=0.9636;Method=structural;motif=TGCA;tsd=NA::Chr09:29884907-29886461(+)
RL000008	ID=lLTR_RLGSvm1G00223;Parent=repeat_region_35;Name=TE_00000736;Classification=LTR/Gypsy;Sequence_ontology=SO:0000286;ltr_identity=0.9694;Method=structural;motif=TGCA;tsd=CAGGG::Chr09:29362569-29363582(-)
RL000253	ID=lLTR_RLCSvm1G00286;Parent=repeat_region_34;Name=TE_00000715;Classification=LTR/Copia;Sequence_ontology=SO:0000286;ltr_identity=0.9571;Method=structural;motif=TGCA;tsd=ATATG::Chr09:28484819-28485028(-)
RL000005	ID=lLTR_RLCSvm1G00282;Parent=repeat_region_28;Name=TE_00000665;Classification=LTR/Copia;Sequence_ontology=SO:0000286;ltr_identity=0.9560;Method=structural;motif=TGCA;tsd=CCAAC::Chr09:27433611-27435007(+)
RL000251	ID=lLTR_RLXSvm1G00069;Parent=repeat_region_27;Name=TE_00001014;Classification=LTR/unknown;Sequence_ontology=SO:0000286;ltr_identity=0.9375;Method=structural;motif=TGCA;tsd=GCACA::Chr09:27173458-27173723(?)
RL000032	ID=lLTR_RLGSvm1G00220;Parent=repeat_region_26;Name=TE_00001204;Classification=LTR/Gypsy;Sequence_ontology=SO:0000286;ltr_identity=0.9782;Method=structural;motif=TACA;tsd=CTCCA::Chr09:26923876-26924837(+)
RL000250	ID=lLTR_RLCSvm1G00281;Parent=repeat_region_25;Name=TE_00000752;Classification=LTR/Copia;Sequence_ontology=SO:0000286;ltr_identity=0.9956;Method=structural;motif=TGTA;tsd=GACCG::Chr09:26909348-26909576(+)
RL000249	ID=lLTR_RLCSvm1G00280;Parent=repeat_region_24;Name=TE_00000840;Classification=LTR/Copia;Sequence_ontology=SO:0000286;ltr_identity=0.9795;Method=structural;motif=TGCA;tsd=TGT::Chr09:26410940-26411232(+)
RL000074	ID=lLTR_RLXSvm1G00068;Parent=repeat_region_23;Name=TE_00000623;Classification=LTR/unknown;Sequence_ontology=SO:0000286;ltr_identity=0.9096;Method=structural;motif=TGCA;tsd=GATAG::Chr09:25468425-25468811(?)
RL000248	ID=lLTR_RLCSvm1G00279;Parent=repeat_region_22;Name=TE_00000986;Classification=LTR/Copia;Sequence_ontology=SO:0000286;ltr_identity=0.9275;Method=structural;motif=TGCA;tsd=CTCCT::Chr09:25271379-25271654(+)
RL000031	ID=lLTR_RLCSvm1G00278;Parent=repeat_region_20;Name=TE_00000991;Classification=LTR/Copia;Sequence_ontology=SO:0000286;ltr_identity=0.9698;Method=structural;motif=TGCA;tsd=GTCTT::Chr09:24453986-24454217(+)
RL000246	ID=lLTR_RLGSvm1G00219;Parent=repeat_region_19;Name=TE_00000779;Classification=LTR/Gypsy;Sequence_ontology=SO:0000286;ltr_identity=0.9324;Method=structural;motif=TGCA;tsd=AGTAT::Chr09:22980600-22981118(-)
RL000008	ID=lLTR_RLGSvm1G00218;Parent=repeat_region_17;Name=TE_00000612;Classification=LTR/Gypsy;Sequence_ontology=SO:0000286;ltr_identity=0.9941;Method=structural;motif=TGCA;tsd=TCCGG::Chr09:22355444-22356458(+)
RL000024	ID=lLTR_RLXSvm1G00066;Parent=repeat_region_16;Name=TE_00000962;Classification=LTR/unknown;Sequence_ontology=SO:0000286;ltr_identity=0.9697;Method=structural;motif=TGCA;tsd=ATTTC::Chr09:19305918-19306049(-)
RL000057	ID=lLTR_RLGSvm1G00217;Parent=repeat_region_15;Name=TE_00000784;Classification=LTR/Gypsy;Sequence_ontology=SO:0000286;ltr_identity=0.9176;Method=structural;motif=TGCA;tsd=ACGAC::Chr09:19163600-19164029(?)
RL000244	ID=lLTR_RLCSvm1G00276;Parent=repeat_region_14;Name=TE_00000680;Classification=LTR/Copia;Sequence_ontology=SO:0000286;ltr_identity=0.9583;Method=structural;motif=TGCA;tsd=GCAGA::Chr09:17308322-17309848(+)
RL000242	ID=lLTR_RLCSvm1G00274;Parent=repeat_region_12;Name=TE_00000906;Classification=LTR/Copia;Sequence_ontology=SO:0000286;ltr_identity=0.9814;Method=structural;motif=TGCA;tsd=CAGGA::Chr09:15389446-15389822(-)
RL000007	ID=lLTR_RLGSvm1G00216;Parent=repeat_region_10;Name=TE_00000780;Classification=LTR/Gypsy;Sequence_ontology=SO:0000286;ltr_identity=0.9871;Method=structural;motif=TGCA;tsd=TGGTG::Chr09:11733049-11733979(-)
RL000019	ID=lLTR_RLCSvm1G00272;Parent=repeat_region_9;Name=TE_00000646;Classification=LTR/Copia;Sequence_ontology=SO:0000286;ltr_identity=0.9815;Method=structural;motif=TGCA;tsd=ATGTA::Chr09:11709256-11709637(-)
RL000002	ID=lLTR_RLCSvm1G00271;Parent=repeat_region_8;Name=TE_00000955;Classification=LTR/Copia;Sequence_ontology=SO:0000286;ltr_identity=0.9792;Method=structural;motif=TGCA;tsd=TTATG::Chr09:11501608-11502773(-)
RL000030	ID=lLTR_RLGSvm1G00214;Parent=repeat_region_5;Name=TE_00000678;Classification=LTR/Gypsy;Sequence_ontology=SO:0000286;ltr_identity=0.9729;Method=structural;motif=TGCA;tsd=TGTGG::Chr09:8231910-8232514(-)
RL000071	ID=lLTR_RLCSvm1G00269;Parent=repeat_region_4;Name=TE_00000701;Classification=LTR/Copia;Sequence_ontology=SO:0000286;ltr_identity=0.9576;Method=structural;motif=TGCA;tsd=TGAAT::Chr09:6110547-6110785(-)
RL000024	ID=lLTR_RLCSvm1G00267;Parent=repeat_region_1;Name=TE_00000615;Classification=LTR/Copia;Sequence_ontology=SO:0000286;ltr_identity=0.9612;Method=structural;motif=TGCA;tsd=GCATC::Chr09:39399-39529(-)
RL000074	ID=lLTR_RLXSvm1G00073;Parent=repeat_region_55;Name=TE_00000947;Classification=LTR/unknown;Sequence_ontology=SO:0000286;ltr_identity=0.9273;Method=structural;motif=TGCA;tsd=GATTG::Chr09:45830694-45831080(?)
RL000005	ID=lLTR_RLCSvm1G00266;Parent=repeat_region_85;Name=TE_00000719;Classification=LTR/Copia;Sequence_ontology=SO:0000286;ltr_identity=0.9673;Method=structural;motif=TGCA;tsd=CTCCC::Chr08:42037206-42038607(-)
RL000018	ID=lLTR_RLGSvm1G00212;Parent=repeat_region_82;Name=TE_00000543;Classification=LTR/Gypsy;Sequence_ontology=SO:0000286;ltr_identity=0.9917;Method=structural;motif=TGCA;tsd=TCTCT::Chr08:41031470-41033632(+)
RL000022	ID=lLTR_RLCSvm1G00264;Parent=repeat_region_81;Name=TE_00000631;Classification=LTR/Copia;Sequence_ontology=SO:0000286;ltr_identity=0.9664;Method=structural;motif=TGCA;tsd=GGTCC::Chr08:40106964-40107419(-)
RL000022	ID=lLTR_RLCSvm1G00263;Parent=repeat_region_80;Name=TE_00000919;Classification=LTR/Copia;Sequence_ontology=SO:0000286;ltr_identity=0.9300;Method=structural;motif=TGCA;tsd=CCAAG::Chr08:39033406-39033855(-)
RL000022	ID=lLTR_RLCSvm1G00262;Parent=repeat_region_79;Name=TE_00000599;Classification=LTR/Copia;Sequence_ontology=SO:0000286;ltr_identity=0.9933;Method=structural;motif=TGCA;tsd=GACGC::Chr08:38668091-38668540(-)
RL000238	ID=lLTR_RLCSvm1G00261;Parent=repeat_region_77;Name=TE_00000707;Classification=LTR/Copia;Sequence_ontology=SO:0000286;ltr_identity=0.9653;Method=structural;motif=TGCA;tsd=ATAGC::Chr08:38521461-38521662(+)
RL000039	ID=lLTR_RLCSvm1G00260;Parent=repeat_region_76;Name=TE_00000552;Classification=LTR/Copia;Sequence_ontology=SO:0000286;ltr_identity=0.9830;Method=structural;motif=TGCA;tsd=TATTG::Chr08:37979711-37979886(+)
RL000049	ID=lLTR_RLCSvm1G00259;Parent=repeat_region_75;Name=TE_00000736;Classification=LTR/Copia;Sequence_ontology=SO:0000286;ltr_identity=0.9731;Method=structural;motif=TGCA;tsd=TGCAG::Chr08:37222409-37222631(+)
RL000237	ID=lLTR_RLGSvm1G00210;Parent=repeat_region_74;Name=TE_00000806;Classification=LTR/Gypsy;Sequence_ontology=SO:0000286;ltr_identity=0.9437;Method=structural;motif=TGCA;tsd=TGCAG::Chr08:36965378-36966024(-)
RL000235	ID=lLTR_RLGSvm1G00208;Parent=repeat_region_70;Name=TE_00000977;Classification=LTR/Gypsy;Sequence_ontology=SO:0000286;ltr_identity=1.0000;Method=structural;motif=TGCA;tsd=CAACT::Chr08:35018134-35018422(-)
RL000073	ID=lLTR_RLCSvm1G00256;Parent=repeat_region_69;Name=TE_00000887;Classification=LTR/Copia;Sequence_ontology=SO:0000286;ltr_identity=0.9920;Method=structural;motif=TGCA;tsd=GGATC::Chr08:34973524-34974792(-)
RL000234	ID=lLTR_RLCSvm1G00255;Parent=repeat_region_68;Name=TE_00000719;Classification=LTR/Copia;Sequence_ontology=SO:0000286;ltr_identity=0.9903;Method=structural;motif=TGCA;tsd=AGCG::Chr08:34108806-34109220(-)
RL000072	ID=lLTR_RLXSvm1G00064;Parent=repeat_region_67;Name=TE_00000920;Classification=LTR/unknown;Sequence_ontology=SO:0000286;ltr_identity=0.9965;Method=structural;motif=TGCA;tsd=TTGT::Chr08:33885497-33886356(?)
RL000072	ID=lLTR_RLXSvm1G00064;Parent=repeat_region_66;Name=TE_00000920;Classification=LTR/unknown;Sequence_ontology=SO:0000286;ltr_identity=0.9953;Method=structural;motif=TGCA;tsd=TTGT::Chr08:33885497-33886356(?)
RL000022	ID=lLTR_RLCSvm1G00253;Parent=repeat_region_64;Name=TE_00000599;Classification=LTR/Copia;Sequence_ontology=SO:0000286;ltr_identity=0.9774;Method=structural;motif=TGCA;tsd=GACAC::Chr08:33287833-33288283(+)
RL000043	ID=lLTR_RLCSvm1G00250;Parent=repeat_region_61;Name=TE_00001060;Classification=LTR/Copia;Sequence_ontology=SO:0000286;ltr_identity=0.9969;Method=structural;motif=TGCA;tsd=AACGC::Chr08:32641508-32641825(-)
RL000013	ID=lLTR_RLGSvm1G00207;Parent=repeat_region_58;Name=TE_00000959;Classification=LTR/Gypsy;Sequence_ontology=SO:0000286;ltr_identity=0.9791;Method=structural;motif=TGCA;tsd=GGTTA::Chr08:30677459-30678515(+)
RL000004	ID=lLTR_RLCSvm1G00246;Parent=repeat_region_55;Name=TE_00000971;Classification=LTR/Copia;Sequence_ontology=SO:0000286;ltr_identity=0.9632;Method=structural;motif=TGCA;tsd=GTTTA::Chr08:29108693-29109481(-)
RL000060	ID=lLTR_RLCSvm1G00258;Parent=repeat_region_73;Name=TE_00000768;Classification=LTR/Copia;Sequence_ontology=SO:0000286;ltr_identity=1.0000;Method=structural;motif=TGCA;tsd=TAGAC::Chr08:35893845-35894083(+)
RL000230	ID=lLTR_RLCSvm1G00244;Parent=repeat_region_50;Name=TE_00000761;Classification=LTR/Copia;Sequence_ontology=SO:0000286;ltr_identity=0.9764;Method=structural;motif=TGCA;tsd=TGCTA::Chr08:26079728-26079981(+)
RL000229	ID=lLTR_RLXSvm1G00062;Parent=repeat_region_49;Name=TE_00000922;Classification=LTR/unknown;Sequence_ontology=SO:0000286;ltr_identity=0.9583;Method=structural;motif=TGCA;tsd=AGATG::Chr08:25648883-25649075(?)
RL000227	ID=lLTR_RLXSvm1G00061;Parent=repeat_region_45;Name=TE_00000581;Classification=LTR/unknown;Sequence_ontology=SO:0000286;ltr_identity=0.9782;Method=structural;motif=TGCA;tsd=AACAT::Chr08:23905815-23909404(?)
RL000055	ID=lLTR_RLGSvm1G00201;Parent=repeat_region_42;Name=TE_00001087;Classification=LTR/Gypsy;Sequence_ontology=SO:0000286;ltr_identity=0.9869;Method=structural;motif=TGCA;tsd=CTAAT::Chr08:22810998-22811838(-)
RL000005	ID=lLTR_RLCSvm1G00240;Parent=repeat_region_41;Name=TE_00000719;Classification=LTR/Copia;Sequence_ontology=SO:0000286;ltr_identity=0.9465;Method=structural;motif=TGCA;tsd=TCTCC::Chr08:22755170-22756545(+)
RL000055	ID=lLTR_RLGSvm1G00199;Parent=repeat_region_39;Name=TE_00000560;Classification=LTR/Gypsy;Sequence_ontology=SO:0000286;ltr_identity=0.9130;Method=structural;motif=TGCA;tsd=TTTGG::Chr08:22125046-22125981(-)
RL000225	ID=lLTR_RLCSvm1G00239;Parent=repeat_region_38;Name=TE_00000544;Classification=LTR/Copia;Sequence_ontology=SO:0000286;ltr_identity=0.9580;Method=structural;motif=TGCA;tsd=AAGAA::Chr08:21953505-21953742(-)
RL000013	ID=lLTR_RLGSvm1G00198;Parent=repeat_region_36;Name=TE_00000936;Classification=LTR/Gypsy;Sequence_ontology=SO:0000286;ltr_identity=0.9864;Method=structural;motif=TGCA;tsd=GAAGG::Chr08:21382141-21383185(-)
RL000030	ID=lLTR_RLGSvm1G00192;Parent=repeat_region_30;Name=TE_00000762;Classification=LTR/Gypsy;Sequence_ontology=SO:0000286;ltr_identity=0.9541;Method=structural;motif=TGCA;tsd=CCCTG::Chr08:19117727-19118323(-)
RL000005	ID=lLTR_RLCSvm1G00237;Parent=repeat_region_29;Name=TE_00000719;Classification=LTR/Copia;Sequence_ontology=SO:0000286;ltr_identity=0.9633;Method=structural;motif=TGCA;tsd=ACAAC::Chr08:18945621-18947014(+)
RL000014	ID=lLTR_RLCSvm1G00292;Parent=repeat_region_49;Name=TE_00001202;Classification=LTR/Copia;Sequence_ontology=SO:0000286;ltr_identity=0.9676;Method=structural;motif=TGCA;tsd=ATAAT::Chr09:40596657-40598757(+)
RL000223	ID=lLTR_RLGSvm1G00191;Parent=repeat_region_28;Name=TE_00000641;Classification=LTR/Gypsy;Sequence_ontology=SO:0000286;ltr_identity=0.9420;Method=structural;motif=TGCA;tsd=GTTGG::Chr08:18804238-18804878(?)
RL000260	ID=lLTR_RLCSvm1G00289;Parent=repeat_region_45;Name=TE_00000686;Classification=LTR/Copia;Sequence_ontology=SO:0000286;ltr_identity=0.9749;Method=structural;motif=TGCA;tsd=CCATT::Chr09:36490560-36490878(+)
RL000013	ID=lLTR_RLGSvm1G00190;Parent=repeat_region_27;Name=TE_00000936;Classification=LTR/Gypsy;Sequence_ontology=SO:0000286;ltr_identity=0.9728;Method=structural;motif=TGCA;tsd=CATAC::Chr08:18303953-18304998(-)
RL000008	ID=lLTR_RLGSvm1G00188;Parent=repeat_region_25;Name=TE_00000858;Classification=LTR/Gypsy;Sequence_ontology=SO:0000286;ltr_identity=0.9530;Method=structural;motif=TGCA;tsd=TGGTA::Chr08:17944116-17945132(-)
RL000221	ID=lLTR_RLGSvm1G00186;Parent=repeat_region_23;Name=TE_00000642;Classification=LTR/Gypsy;Sequence_ontology=SO:0000286;ltr_identity=0.8740;Method=structural;motif=TGCA;tsd=CTCTC::Chr08:15750287-15750415(-)
RL000013	ID=lLTR_RLGSvm1G00215;Parent=repeat_region_7;Name=TE_00000949;Classification=LTR/Gypsy;Sequence_ontology=SO:0000286;ltr_identity=0.9789;Method=structural;motif=TGCA;tsd=AAATG::Chr09:11207858-11208906(+)
RL000220	ID=lLTR_RLXSvm1G00059;Parent=repeat_region_22;Name=TE_00000894;Classification=LTR/unknown;Sequence_ontology=SO:0000286;ltr_identity=0.9679;Method=structural;motif=TGCA;tsd=AGCAC::Chr08:15428155-15428434(?)
RL000031	ID=lLTR_RLCSvm1G00233;Parent=repeat_region_18;Name=TE_00000683;Classification=LTR/Copia;Sequence_ontology=SO:0000286;ltr_identity=0.9784;Method=structural;motif=TGCA;tsd=TTCAA::Chr08:14570580-14570811(-)
RL000022	ID=lLTR_RLCSvm1G00232;Parent=repeat_region_17;Name=TE_00000773;Classification=LTR/Copia;Sequence_ontology=SO:0000286;ltr_identity=0.9754;Method=structural;motif=TGCA;tsd=CAGTC::Chr08:14204166-14204615(-)
RL000024	ID=lLTR_RLCSvm1G00231;Parent=repeat_region_16;Name=TE_00001037;Classification=LTR/Copia;Sequence_ontology=SO:0000286;ltr_identity=0.9847;Method=structural;motif=TGCA;tsd=TGAAA::Chr08:12650238-12650368(+)
RL000008	ID=lLTR_RLGSvm1G00185;Parent=repeat_region_14;Name=TE_00000827;Classification=LTR/Gypsy;Sequence_ontology=SO:0000286;ltr_identity=0.9595;Method=structural;motif=TGCA;tsd=CCACC::Chr08:10572240-10573255(+)
RL000005	ID=lLTR_RLCSvm1G00230;Parent=repeat_region_13;Name=TE_00000719;Classification=LTR/Copia;Sequence_ontology=SO:0000286;ltr_identity=0.9481;Method=structural;motif=TGCA;tsd=TCGGG::Chr08:9717508-9718894(+)
RL000217	ID=lLTR_RLCSvm1G00229;Parent=repeat_region_12;Name=TE_00000659;Classification=LTR/Copia;Sequence_ontology=SO:0000286;ltr_identity=0.9350;Method=structural;motif=TGCA;tsd=GGTTT::Chr08:9387285-9387409(+)
RL000022	ID=lLTR_RLCSvm1G00228;Parent=repeat_region_11;Name=TE_00000773;Classification=LTR/Copia;Sequence_ontology=SO:0000286;ltr_identity=0.9776;Method=structural;motif=TGCA;tsd=CAATT::Chr08:7779816-7780267(-)
RL000216	ID=lLTR_RLCSvm1G00227;Parent=repeat_region_10;Name=TE_00000617;Classification=LTR/Copia;Sequence_ontology=SO:0000286;ltr_identity=0.9031;Method=structural;motif=TGCA;tsd=AGCCT::Chr08:6747451-6747677(+)
RL000071	ID=lLTR_RLCSvm1G00251;Parent=repeat_region_62;Name=TE_00000534;Classification=LTR/Copia;Sequence_ontology=SO:0000286;ltr_identity=0.9833;Method=structural;motif=TGCA;tsd=TGGTG::Chr08:32978199-32978437(+)
RL000034	ID=lLTR_RLGSvm1G00184;Parent=repeat_region_9;Name=TE_00000927;Classification=LTR/Gypsy;Sequence_ontology=SO:0000286;ltr_identity=0.9647;Method=structural;motif=TGCA;tsd=GTATC::Chr08:5613839-5614902(+)
RL000028	ID=lLTR_RLCSvm1G00226;Parent=repeat_region_8;Name=TE_00001095;Classification=LTR/Copia;Sequence_ontology=SO:0000286;ltr_identity=0.9976;Method=structural;motif=TGCA;tsd=GGCAG::Chr08:5283651-5284061(+)
RL000017	ID=lLTR_RLGSvm1G00205;Parent=repeat_region_54;Name=TE_00000871;Classification=LTR/Gypsy;Sequence_ontology=SO:0000286;ltr_identity=0.9769;Method=structural;motif=TGCA;tsd=CGCGC::Chr08:29000292-29004182(+)
RL000022	ID=lLTR_RLCSvm1G00224;Parent=repeat_region_4;Name=TE_00000773;Classification=LTR/Copia;Sequence_ontology=SO:0000286;ltr_identity=0.9620;Method=structural;motif=TGCA;tsd=CTTGG::Chr08:4360169-4360619(+)
RL000050	ID=lLTR_RLGSvm1G00195;Parent=repeat_region_33;Name=TE_00000539;Classification=LTR/Gypsy;Sequence_ontology=SO:0000286;ltr_identity=0.9575;Method=structural;motif=TGCA;tsd=TAGGG::Chr08:19747672-19751694(+)
RL000214	ID=lLTR_RLGSvm1G00181;Parent=repeat_region_2;Name=TE_00000591;Classification=LTR/Gypsy;Sequence_ontology=SO:0000286;ltr_identity=0.9202;Method=structural;motif=TCCC;tsd=CACTG::Chr08:3429250-3429700(?)
RL000013	ID=lLTR_RLGSvm1G00235;Parent=repeat_region_61;Name=TE_00000844;Classification=LTR/Gypsy;Sequence_ontology=SO:0000286;ltr_identity=0.9484;Method=structural;motif=TGCA;tsd=GGAGC::Chr09:55689542-55690591(-)
RL000213	ID=lLTR_RLXSvm1G00056;Parent=repeat_region_50;Name=TE_00000757;Classification=LTR/unknown;Sequence_ontology=SO:0000286;ltr_identity=0.9456;Method=structural;motif=TGCA;tsd=AGCA::Chr07:34213683-34214001(?)
RL000212	ID=lLTR_RLXSvm1G00055;Parent=repeat_region_49;Name=TE_00000613;Classification=LTR/unknown;Sequence_ontology=SO:0000286;ltr_identity=0.9700;Method=structural;motif=TACA;tsd=CTGAT::Chr07:33020903-33021004(?)
RL000211	ID=lLTR_RLXSvm1G00054;Parent=repeat_region_48;Name=Chr07:31165722..31178490;Classification=LTR/unknown;Sequence_ontology=SO:0000286;ltr_identity=0.9699;Method=structural;motif=TGCA;tsd=AGCCT::Chr07:31165722-31166653(?)
RL000022	ID=lLTR_RLCSvm1G00221;Parent=repeat_region_46;Name=TE_00000462;Classification=LTR/Copia;Sequence_ontology=SO:0000286;ltr_identity=0.9136;Method=structural;motif=TGCA;tsd=CCTAC::Chr07:29326348-29326801(-)
RL000001	ID=lLTR_RLCSvm1G00220;Parent=repeat_region_45;Name=TE_00000775;Classification=LTR/Copia;Sequence_ontology=SO:0000286;ltr_identity=0.9962;Method=structural;motif=TGCA;tsd=CCTCC::Chr07:28230184-28230446(-)
RL000044	ID=lLTR_RLCSvm1G00217;Parent=repeat_region_41;Name=TE_00000711;Classification=LTR/Copia;Sequence_ontology=SO:0000286;ltr_identity=0.9920;Method=structural;motif=TGCA;tsd=TTTTG::Chr07:19423438-19423562(+)
RL000024	ID=lLTR_RLCSvm1G00216;Parent=repeat_region_40;Name=TE_00000791;Classification=LTR/Copia;Sequence_ontology=SO:0000286;ltr_identity=0.9538;Method=structural;motif=TGCA;tsd=GTCCT::Chr07:19342258-19342387(+)
RL000053	ID=lLTR_RLXSvm1G00052;Parent=repeat_region_39;Name=TE_00000794;Classification=LTR/unknown;Sequence_ontology=SO:0000286;ltr_identity=0.9241;Method=structural;motif=TGCA;tsd=TTATG::Chr07:16735080-16735237(?)
RL000005	ID=lLTR_RLCSvm1G00248;Parent=repeat_region_59;Name=TE_00000719;Classification=LTR/Copia;Sequence_ontology=SO:0000286;ltr_identity=0.9484;Method=structural;motif=TGCA;tsd=CGTGG::Chr08:31358819-31360211(+)
RL000054	ID=lLTR_RLXSvm1G00051;Parent=repeat_region_38;Name=TE_00000480;Classification=LTR/unknown;Sequence_ontology=SO:0000286;ltr_identity=0.9294;Method=structural;motif=TGCA;tsd=GTTAG::Chr07:15645493-15645663(?)
RL000209	ID=lLTR_RLCSvm1G00215;Parent=repeat_region_36;Name=TE_00000640;Classification=LTR/Copia;Sequence_ontology=SO:0000286;ltr_identity=0.9949;Method=structural;motif=TGCA;tsd=ATCAG::Chr07:13869712-13869909(+)
RL000008	ID=lLTR_RLGSvm1G00179;Parent=repeat_region_33;Name=TE_00000501;Classification=LTR/Gypsy;Sequence_ontology=SO:0000286;ltr_identity=0.9931;Method=structural;motif=TGCA;tsd=ACAAC::Chr07:13467250-13468268(-)
RL000005	ID=lLTR_RLCSvm1G00283;Parent=repeat_region_30;Name=TE_00000729;Classification=LTR/Copia;Sequence_ontology=SO:0000286;ltr_identity=0.9293;Method=structural;motif=TGCA;tsd=CATAC::Chr09:27838909-27840284(-)
RL000222	ID=lLTR_RLGSvm1G00189;Parent=repeat_region_26;Name=TE_00000669;Classification=LTR/Gypsy;Sequence_ontology=SO:0000286;ltr_identity=1.0000;Method=structural;motif=TGCA;tsd=GATAC::Chr08:18260764-18261826(-)
RL000009	ID=lLTR_RLXSvm1G00050;Parent=repeat_region_31;Name=TE_00000592;Classification=LTR/unknown;Sequence_ontology=SO:0000286;ltr_identity=1.0000;Method=structural;motif=TGTA;tsd=TCCAG::Chr07:13273987-13274086(?)
RL000009	ID=lLTR_RLCSvm1G00210;Parent=repeat_region_27;Name=TE_00000660;Classification=LTR/Copia;Sequence_ontology=SO:0000286;ltr_identity=1.0000;Method=structural;motif=TGTA;tsd=GTATT::Chr07:12594057-12594158(+)
RL000009	ID=lLTR_RLXSvm1G00048;Parent=repeat_region_26;Name=TE_00000731;Classification=LTR/unknown;Sequence_ontology=SO:0000286;ltr_identity=1.0000;Method=structural;motif=TGTA;tsd=GTATT::Chr07:12526562-12526663(?)
RL000008	ID=lLTR_RLGSvm1G00174;Parent=repeat_region_21;Name=TE_00000501;Classification=LTR/Gypsy;Sequence_ontology=SO:0000286;ltr_identity=0.9941;Method=structural;motif=TGCA;tsd=CTAAG::Chr07:9626218-9627229(-)
RL000030	ID=lLTR_RLGSvm1G00173;Parent=repeat_region_19;Name=TE_00000736;Classification=LTR/Gypsy;Sequence_ontology=SO:0000286;ltr_identity=0.9658;Method=structural;motif=TGCA;tsd=GAGGC::Chr07:9234301-9234866(+)
RL000022	ID=lLTR_RLCSvm1G00249;Parent=repeat_region_60;Name=TE_00000773;Classification=LTR/Copia;Sequence_ontology=SO:0000286;ltr_identity=0.9392;Method=structural;motif=TGCA;tsd=GTACA::Chr08:32378545-32378999(-)
RL000005	ID=lLTR_RLCSvm1G00207;Parent=repeat_region_18;Name=TE_00000463;Classification=LTR/Copia;Sequence_ontology=SO:0000286;ltr_identity=0.9670;Method=structural;motif=TGCA;tsd=ACAAG::Chr07:8101784-8103148(-)
RL000008	ID=lLTR_RLGSvm1G00171;Parent=repeat_region_16;Name=TE_00000622;Classification=LTR/Gypsy;Sequence_ontology=SO:0000286;ltr_identity=0.9862;Method=structural;motif=TGCA;tsd=CCAGC::Chr07:7114614-7115629(+)
RL000008	ID=lLTR_RLGSvm1G00170;Parent=repeat_region_15;Name=TE_00000501;Classification=LTR/Gypsy;Sequence_ontology=SO:0000286;ltr_identity=0.9862;Method=structural;motif=TGCA;tsd=CGTAA::Chr07:7085834-7086848(-)
RL000068	ID=lLTR_RLCSvm1G00206;Parent=repeat_region_13;Name=TE_00000694;Classification=LTR/Copia;Sequence_ontology=SO:0000286;ltr_identity=0.9921;Method=structural;motif=TGCA;tsd=GAAAG::Chr07:6580769-6580894(-)
RL000005	ID=lLTR_RLCSvm1G00204;Parent=repeat_region_11;Name=TE_00000463;Classification=LTR/Copia;Sequence_ontology=SO:0000286;ltr_identity=0.9608;Method=structural;motif=TGCA;tsd=GATTC::Chr07:6217734-6219131(-)
RL000205	ID=lLTR_RLCSvm1G00205;Parent=repeat_region_12;Name=TE_00000689;Classification=LTR/Copia;Sequence_ontology=SO:0000286;ltr_identity=0.9772;Method=structural;motif=TGCA;tsd=TACTG::Chr07:6273784-6274177(+)
RL000030	ID=lLTR_RLGSvm1G00169;Parent=repeat_region_10;Name=TE_00000728;Classification=LTR/Gypsy;Sequence_ontology=SO:0000286;ltr_identity=0.9372;Method=structural;motif=TGCA;tsd=GAGAT::Chr07:5214891-5215531(-)
RL000007	ID=lLTR_RLGSvm1G00167;Parent=repeat_region_7;Name=TE_00000432;Classification=LTR/Gypsy;Sequence_ontology=SO:0000286;ltr_identity=0.9914;Method=structural;motif=TGCA;tsd=CCGGT::Chr07:3773339-3774269(-)
RL000052	ID=lLTR_RLCSvm1G00296;Parent=repeat_region_60;Name=TE_00001024;Classification=LTR/Copia;Sequence_ontology=SO:0000286;ltr_identity=1.0000;Method=structural;motif=TGCA;tsd=ACCCA::Chr09:50577411-50577526(+)
RL000067	ID=lLTR_RLXSvm1G00046;Parent=repeat_region_6;Name=TE_00000692;Classification=LTR/unknown;Sequence_ontology=SO:0000286;ltr_identity=0.9542;Method=structural;motif=TGCA;tsd=GAAGT::Chr07:3278559-3278710(?)
RL000028	ID=lLTR_RLCSvm1G00202;Parent=repeat_region_5;Name=TE_00000701;Classification=LTR/Copia;Sequence_ontology=SO:0000286;ltr_identity=0.9929;Method=structural;motif=TGCA;tsd=GTAGA::Chr07:3192528-3192949(?)
RL000005	ID=lLTR_RLCSvm1G00234;Parent=repeat_region_19;Name=TE_00000719;Classification=LTR/Copia;Sequence_ontology=SO:0000286;ltr_identity=0.9189;Method=structural;motif=TGCA;tsd=TTCCA::Chr08:14635834-14637196(-)
RL000026	ID=lLTR_RLGSvm1G00166;Parent=repeat_region_4;Name=TE_00000554;Classification=LTR/Gypsy;Sequence_ontology=SO:0000286;ltr_identity=0.9442;Method=structural;motif=TGCA;tsd=GTAAT::Chr07:1309926-1310354(?)
RL000007	ID=lLTR_RLGSvm1G00168;Parent=repeat_region_8;Name=TE_00000432;Classification=LTR/Gypsy;Sequence_ontology=SO:0000286;ltr_identity=0.9849;Method=structural;motif=TGCA;tsd=CCTTA::Chr07:4257531-4258462(-)
RL000204	ID=lLTR_RLCSvm1G00201;Parent=repeat_region_3;Name=TE_00000448;Classification=LTR/Copia;Sequence_ontology=SO:0000286;ltr_identity=0.9786;Method=structural;motif=TGCA;tsd=ATGAC::Chr07:880597-880970(-)
RL000057	ID=lLTR_RLGSvm1G00197;Parent=repeat_region_35;Name=TE_00001066;Classification=LTR/Gypsy;Sequence_ontology=SO:0000286;ltr_identity=0.9379;Method=structural;motif=TGCA;tsd=CTAAC::Chr08:20998301-20998719(?)
RL000203	ID=lLTR_RLGSvm1G00165;Parent=repeat_region_2;Name=TE_00000682;Classification=LTR/Gypsy;Sequence_ontology=SO:0000286;ltr_identity=0.9617;Method=structural;motif=TCTT;tsd=ACCCG::Chr07:251751-252115(+)
RL000065	ID=lLTR_RLCSvm1G00200;Parent=repeat_region_64;Name=TE_00000447;Classification=LTR/Copia;Sequence_ontology=SO:0000286;ltr_identity=1.0000;Method=structural;motif=TGCA;tsd=CTACT::Chr06:35301379-35301642(+)
RL000202	ID=lLTR_RLCSvm1G00199;Parent=repeat_region_63;Name=TE_00000601;Classification=LTR/Copia;Sequence_ontology=SO:0000286;ltr_identity=0.9628;Method=structural;motif=TGCA;tsd=CAACC::Chr06:35228285-35228526(+)
RL000259	ID=lLTR_RLCSvm1G00288;Parent=repeat_region_43;Name=TE_00001096;Classification=LTR/Copia;Sequence_ontology=SO:0000286;ltr_identity=0.9958;Method=structural;motif=TGCA;tsd=ATTTC::Chr09:35949661-35949900(+)
RL000201	ID=lLTR_RLCSvm1G00197;Parent=repeat_region_61;Name=TE_00000627;Classification=LTR/Copia;Sequence_ontology=SO:0000286;ltr_identity=0.9703;Method=structural;motif=TGCA;tsd=CCTGG::Chr06:32679801-32680095(-)
RL000200	ID=lLTR_RLCSvm1G00196;Parent=repeat_region_60;Name=TE_00000534;Classification=LTR/Copia;Sequence_ontology=SO:0000286;ltr_identity=0.9416;Method=structural;motif=TGCA;tsd=GTTGA::Chr06:32283297-32283744(-)
RL000030	ID=lLTR_RLGSvm1G00196;Parent=repeat_region_34;Name=TE_00000830;Classification=LTR/Gypsy;Sequence_ontology=SO:0000286;ltr_identity=0.9611;Method=structural;motif=TGCA;tsd=GTGTC::Chr08:20363209-20363811(+)
RL000004	ID=lLTR_RLCSvm1G00193;Parent=repeat_region_56;Name=TE_00000499;Classification=LTR/Copia;Sequence_ontology=SO:0000286;ltr_identity=0.9581;Method=structural;motif=TGCA;tsd=CAAAT::Chr06:27516220-27517016(-)
RL000013	ID=lLTR_RLGSvm1G00183;Parent=repeat_region_7;Name=TE_00000706;Classification=LTR/Gypsy;Sequence_ontology=SO:0000286;ltr_identity=0.9609;Method=structural;motif=TGCA;tsd=CATAT::Chr08:4598124-4599179(+)
RL000199	ID=lLTR_RLGSvm1G00162;Parent=repeat_region_55;Name=TE_00000532;Classification=LTR/Gypsy;Sequence_ontology=SO:0000286;ltr_identity=0.9574;Method=structural;motif=TGCA;tsd=CAGTG::Chr06:26790002-26790283(-)
RL000008	ID=lLTR_RLGSvm1G00161;Parent=repeat_region_53;Name=TE_00000599;Classification=LTR/Gypsy;Sequence_ontology=SO:0000286;ltr_identity=0.9731;Method=structural;motif=TGCA;tsd=GTTCT::Chr06:25430291-25431305(+)
RL000022	ID=lLTR_RLCSvm1G00257;Parent=repeat_region_71;Name=TE_00000599;Classification=LTR/Copia;Sequence_ontology=SO:0000286;ltr_identity=0.9933;Method=structural;motif=TGCA;tsd=TAAGC::Chr08:35164129-35164579(+)
RL000032	ID=lLTR_RLGSvm1G00159;Parent=repeat_region_46;Name=TE_00000637;Classification=LTR/Gypsy;Sequence_ontology=SO:0000286;ltr_identity=0.9917;Method=structural;motif=TACA;tsd=CCATC::Chr06:20292360-20293321(+)
RL000030	ID=lLTR_RLGSvm1G00157;Parent=repeat_region_43;Name=TE_00000432;Classification=LTR/Gypsy;Sequence_ontology=SO:0000286;ltr_identity=0.9658;Method=structural;motif=TGCA;tsd=CTCTA::Chr06:18772770-18773377(+)
RL000008	ID=lLTR_RLGSvm1G00156;Parent=repeat_region_42;Name=TE_00000628;Classification=LTR/Gypsy;Sequence_ontology=SO:0000286;ltr_identity=0.9881;Method=structural;motif=TGCA;tsd=GGGGG::Chr06:18739098-18740114(+)
RL000005	ID=lLTR_RLCSvm1G00188;Parent=repeat_region_41;Name=TE_00000399;Classification=LTR/Copia;Sequence_ontology=SO:0000286;ltr_identity=0.9546;Method=structural;motif=TGCA;tsd=GGCCG::Chr06:18504955-18506361(+)
RL000252	ID=lLTR_RLGSvm1G00221;Parent=repeat_region_29;Name=TE_00001043;Classification=LTR/Gypsy;Sequence_ontology=SO:0000286;ltr_identity=0.9775;Method=structural;motif=TGCA;tsd=TAAGG::Chr09:27796605-27797672(-)
RL000194	ID=lLTR_RLCSvm1G00187;Parent=repeat_region_40;Name=TE_00000399;Classification=LTR/Copia;Sequence_ontology=SO:0000286;ltr_identity=0.9780;Method=structural;motif=TTAC;tsd=GCTAC::Chr06:18468520-18468837(-)
RL000005	ID=lLTR_RLCSvm1G00185;Parent=repeat_region_38;Name=TE_00000399;Classification=LTR/Copia;Sequence_ontology=SO:0000286;ltr_identity=0.9586;Method=structural;motif=TGCA;tsd=ATCTT::Chr06:18232919-18234304(-)
RL000062	ID=lLTR_RLXSvm1G00041;Parent=repeat_region_30;Name=TE_00000819;Classification=LTR/unknown;Sequence_ontology=SO:0000286;ltr_identity=0.9740;Method=structural;motif=TGCA;tsd=GATCC::Chr06:15099484-15099870(?)
RL000008	ID=lLTR_RLGSvm1G00151;Parent=repeat_region_28;Name=TE_00000619;Classification=LTR/Gypsy;Sequence_ontology=SO:0000286;ltr_identity=0.9911;Method=structural;motif=TGCA;tsd=TCGGC::Chr06:14336603-14337619(-)
RL000005	ID=lLTR_RLCSvm1G00213;Parent=repeat_region_34;Name=TE_00000463;Classification=LTR/Copia;Sequence_ontology=SO:0000286;ltr_identity=0.9729;Method=structural;motif=TGCA;tsd=ATGAG::Chr07:13567469-13568863(-)
RL000191	ID=lLTR_RLCSvm1G00181;Parent=repeat_region_27;Name=TE_00000646;Classification=LTR/Copia;Sequence_ontology=SO:0000286;ltr_identity=0.9526;Method=structural;motif=TGCA;tsd=CCAAA::Chr06:13270849-13271059(+)
RL000005	ID=lLTR_RLCSvm1G00180;Parent=repeat_region_26;Name=TE_00000399;Classification=LTR/Copia;Sequence_ontology=SO:0000286;ltr_identity=0.9440;Method=structural;motif=TGCA;tsd=GAGGG::Chr06:12605338-12606742(+)
RL000036	ID=lLTR_RLGSvm1G00150;Parent=repeat_region_25;Name=TE_00000676;Classification=LTR/Gypsy;Sequence_ontology=SO:0000286;ltr_identity=0.9915;Method=structural;motif=TGCA;tsd=CTAAG::Chr06:11779313-11780018(+)
RL000190	ID=lLTR_RLCSvm1G00179;Parent=repeat_region_23;Name=TE_00000841;Classification=LTR/Copia;Sequence_ontology=SO:0000286;ltr_identity=0.9907;Method=structural;motif=TGCA;tsd=ATATG::Chr06:10922910-10923017(+)
RL000189	ID=lLTR_RLXSvm1G00040;Parent=repeat_region_22;Name=TE_00000428;Classification=LTR/unknown;Sequence_ontology=SO:0000286;ltr_identity=0.9801;Method=structural;motif=TGCA;tsd=AAAGT::Chr06:10366554-10366806(?)
RL000188	ID=lLTR_RLCSvm1G00178;Parent=repeat_region_21;Name=TE_00000851;Classification=LTR/Copia;Sequence_ontology=SO:0000286;ltr_identity=0.9421;Method=structural;motif=TGCA;tsd=AAAAG::Chr06:10089043-10089627(-)
RL000187	ID=lLTR_RLXSvm1G00039;Parent=repeat_region_20;Name=TE_00000476;Classification=LTR/unknown;Sequence_ontology=SO:0000286;ltr_identity=0.9167;Method=structural;motif=TGCA;tsd=AAGGG::Chr06:10057491-10057646(?)
RL000030	ID=lLTR_RLGSvm1G00222;Parent=repeat_region_32;Name=TE_00000678;Classification=LTR/Gypsy;Sequence_ontology=SO:0000286;ltr_identity=0.9554;Method=structural;motif=TGCA;tsd=AAAGT::Chr09:28202135-28202740(+)
RL000034	ID=lLTR_RLGSvm1G00148;Parent=repeat_region_19;Name=TE_00000621;Classification=LTR/Gypsy;Sequence_ontology=SO:0000286;ltr_identity=0.9515;Method=structural;motif=TGCA;tsd=AACCT::Chr06:9707631-9708691(-)
RL000186	ID=lLTR_RLCSvm1G00177;Parent=repeat_region_18;Name=TE_00000828;Classification=LTR/Copia;Sequence_ontology=SO:0000286;ltr_identity=0.9334;Method=structural;motif=TGCA;tsd=CCTAT::Chr06:8162632-8163566(+)
RL000022	ID=lLTR_RLCSvm1G00175;Parent=repeat_region_16;Name=TE_00000554;Classification=LTR/Copia;Sequence_ontology=SO:0000286;ltr_identity=0.9274;Method=structural;motif=TGCA;tsd=CTTCG::Chr06:7359970-7360417(-)
RL000261	ID=lLTR_RLXSvm1G00071;Parent=repeat_region_51;Name=TE_00001112;Classification=LTR/unknown;Sequence_ontology=SO:0000286;ltr_identity=0.9675;Method=structural;motif=TGCA;tsd=CTTTT::Chr09:41488690-41488842(?)
RL000023	ID=lLTR_RLCSvm1G00173;Parent=repeat_region_13;Name=TE_00000507;Classification=LTR/Copia;Sequence_ontology=SO:0000286;ltr_identity=0.9603;Method=structural;motif=TACA;tsd=CTTAT::Chr06:6213641-6213791(-)
RL000184	ID=lLTR_RLGSvm1G00146;Parent=repeat_region_12;Name=TE_00000675;Classification=LTR/Gypsy;Sequence_ontology=SO:0000286;ltr_identity=0.9521;Method=structural;motif=TGCA;tsd=GACTC::Chr06:5876105-5876420(+)
RL000005	ID=lLTR_RLCSvm1G00182;Parent=repeat_region_33;Name=TE_00000399;Classification=LTR/Copia;Sequence_ontology=SO:0000286;ltr_identity=0.9468;Method=structural;motif=TGCA;tsd=CTTAT::Chr06:16394693-16396089(-)
RL000183	ID=lLTR_RLCSvm1G00172;Parent=repeat_region_11;Name=TE_00000684;Classification=LTR/Copia;Sequence_ontology=SO:0000286;ltr_identity=0.9925;Method=structural;motif=TGCA;tsd=ATCAC::Chr06:5866777-5867188(-)
RL000013	ID=lLTR_RLGSvm1G00182;Parent=repeat_region_6;Name=TE_00000706;Classification=LTR/Gypsy;Sequence_ontology=SO:0000286;ltr_identity=0.9665;Method=structural;motif=TGCA;tsd=CATAT::Chr08:4553735-4554794(+)
RL000182	ID=lLTR_RLGSvm1G00145;Parent=repeat_region_10;Name=TE_00000655;Classification=LTR/Gypsy;Sequence_ontology=SO:0000286;ltr_identity=0.9818;Method=structural;motif=TTTA;tsd=TTACA::Chr06:5704936-5705981(?)
RL000066	ID=lLTR_RLCSvm1G00171;Parent=repeat_region_9;Name=TE_00000686;Classification=LTR/Copia;Sequence_ontology=SO:0000286;ltr_identity=0.9514;Method=structural;motif=TGTA;tsd=GAGAG::Chr06:4251736-4251880(-)
RL000180	ID=lLTR_RLCSvm1G00167;Parent=repeat_region_3;Name=TE_00000700;Classification=LTR/Copia;Sequence_ontology=SO:0000286;ltr_identity=0.9487;Method=structural;motif=TGCA;tsd=ATCT::Chr06:1705528-1705644(-)
RL000179	ID=lLTR_RLXSvm1G00037;Parent=repeat_region_2;Name=TE_00000643;Classification=LTR/unknown;Sequence_ontology=SO:0000286;ltr_identity=0.9868;Method=structural;motif=TGCA;tsd=CAGC::Chr06:712742-712893(?)
RL000022	ID=lLTR_RLCSvm1G00241;Parent=repeat_region_46;Name=TE_00000773;Classification=LTR/Copia;Sequence_ontology=SO:0000286;ltr_identity=0.9664;Method=structural;motif=TGCA;tsd=ATGGG::Chr08:24250219-24250671(+)
RL000064	ID=lLTR_RLCSvm1G00164;Parent=repeat_region_63;Name=TE_00001022;Classification=LTR/Copia;Sequence_ontology=SO:0000286;ltr_identity=1.0000;Method=structural;motif=TGCA;tsd=AGCTT::Chr05:42596304-42596517(-)
RL000178	ID=lLTR_RLGSvm1G00143;Parent=repeat_region_61;Name=TE_00000539;Classification=LTR/Gypsy;Sequence_ontology=SO:0000286;ltr_identity=0.9679;Method=structural;motif=TGCA;tsd=GTTCC::Chr05:39083801-39084116(+)
RL000066	ID=lLTR_RLCSvm1G00212;Parent=repeat_region_32;Name=TE_00000471;Classification=LTR/Copia;Sequence_ontology=SO:0000286;ltr_identity=0.9863;Method=structural;motif=TGTA;tsd=CATGT::Chr07:13289073-13289220(-)
RL000177	ID=lLTR_RLCSvm1G00162;Parent=repeat_region_60;Name=TE_00000497;Classification=LTR/Copia;Sequence_ontology=SO:0000286;ltr_identity=0.9209;Method=structural;motif=TGCA;tsd=CCAAG::Chr05:38291338-38291616(-)
RL000013	ID=lLTR_RLGSvm1G00206;Parent=repeat_region_56;Name=TE_00000955;Classification=LTR/Gypsy;Sequence_ontology=SO:0000286;ltr_identity=0.9670;Method=structural;motif=TGCA;tsd=CCGAT::Chr08:29146804-29147846(+)
RL000198	ID=lLTR_RLXSvm1G00045;Parent=repeat_region_51;Name=TE_00000682;Classification=LTR/unknown;Sequence_ontology=SO:0000286;ltr_identity=0.9994;Method=structural;motif=TATA;tsd=GAAAT::Chr06:24557833-24559502(?)
RL000041	ID=lLTR_RLCSvm1G00161;Parent=repeat_region_59;Name=TE_00000946;Classification=LTR/Copia;Sequence_ontology=SO:0000286;ltr_identity=0.9787;Method=structural;motif=TGCA;tsd=CAAAC::Chr05:37508023-37508163(-)
RL000009	ID=lLTR_RLXSvm1G00036;Parent=repeat_region_58;Name=TE_00000667;Classification=LTR/unknown;Sequence_ontology=SO:0000286;ltr_identity=0.9901;Method=structural;motif=TGTA;tsd=GTAAA::Chr05:36092289-36092389(?)
RL000176	ID=lLTR_RLCSvm1G00160;Parent=repeat_region_57;Name=TE_00000797;Classification=LTR/Copia;Sequence_ontology=SO:0000286;ltr_identity=0.9333;Method=structural;motif=TGGA;tsd=TCACG::Chr05:33950245-33950439(+)
RL000240	ID=lLTR_RLCSvm1G00268;Parent=repeat_region_3;Name=TE_00001157;Classification=LTR/Copia;Sequence_ontology=SO:0000286;ltr_identity=0.9964;Method=structural;motif=TGCA;tsd=CTCGT::Chr09:4211054-4211332(-)
RL000126	ID=lLTR_RLGSvm1G00061;Parent=repeat_region_31;Name=TE_00000514;Classification=LTR/Gypsy;Sequence_ontology=SO:0000286;ltr_identity=0.9578;Method=structural;motif=TGCA;tsd=CAGGA::Chr03:27381574-27381908(+)
RL000008	ID=lLTR_RLGSvm1G00005;Parent=repeat_region_22;Name=TE_00000697;Classification=LTR/Gypsy;Sequence_ontology=SO:0000286;ltr_identity=0.9675;Method=structural;motif=TGCA;tsd=TACTC::Chr01:15573890-15574905(+)
RL000032	ID=lLTR_RLGSvm1G00066;Parent=repeat_region_40;Name=Chr03:30054669..30062409;Classification=LTR/Gypsy;Sequence_ontology=SO:0000286;ltr_identity=0.9969;Method=structural;motif=TACA;tsd=GTCTA::Chr03:30054669-30055630(+)
RL000125	ID=lLTR_RLGSvm1G00056;Parent=repeat_region_25;Name=TE_00000639;Classification=LTR/Gypsy;Sequence_ontology=SO:0000286;ltr_identity=0.9449;Method=structural;motif=TGCA;tsd=AGCGG::Chr03:21539878-21540152(-)
RL000122	ID=lLTR_RLCSvm1G00083;Parent=repeat_region_19;Name=TE_00000621;Classification=LTR/Copia;Sequence_ontology=SO:0000286;ltr_identity=0.9640;Method=structural;motif=TACA;tsd=CATAT::Chr03:17657004-17657142(-)
RL000093	ID=lLTR_RLGSvm1G00012;Parent=repeat_region_42;Name=TE_00000762;Classification=LTR/Gypsy;Sequence_ontology=SO:0000286;ltr_identity=0.9517;Method=structural;motif=TGCA;tsd=ATTAG::Chr01:31979766-31979972(-)
RL000003	ID=lLTR_RLGSvm1G00054;Parent=repeat_region_22;Name=TE_00000805;Classification=LTR/Gypsy;Sequence_ontology=SO:0000286;ltr_identity=0.9567;Method=structural;motif=TGCA;tsd=AATGA::Chr03:19776388-19776711(+)
RL000197	ID=lLTR_RLXSvm1G00043;Parent=repeat_region_49;Name=TE_00000656;Classification=LTR/unknown;Sequence_ontology=SO:0000286;ltr_identity=0.9577;Method=structural;motif=TGCA;tsd=GTTCC::Chr06:22380068-22380295(?)
RL000034	ID=lLTR_RLGSvm1G00098;Parent=repeat_region_21;Name=TE_00000593;Classification=LTR/Gypsy;Sequence_ontology=SO:0000286;ltr_identity=0.9369;Method=structural;motif=TGCA;tsd=CAAGT::Chr04:15447043-15448100(?)
RL000061	ID=lLTR_RLXSvm1G00038;Parent=repeat_region_8;Name=TE_00000699;Classification=LTR/unknown;Sequence_ontology=SO:0000286;ltr_identity=1.0000;Method=structural;motif=TGCA;tsd=CAATG::Chr06:2967698-2967857(-)
RL000124	ID=lLTR_RLXSvm1G00019;Parent=repeat_region_21;Name=TE_00000986;Classification=LTR/unknown;Sequence_ontology=SO:0000286;ltr_identity=0.9444;Method=structural;motif=TGCA;tsd=GATGA::Chr03:17810112-17810472(?)
RL000218	ID=lLTR_RLCSvm1G00235;Parent=repeat_region_20;Name=TE_00000869;Classification=LTR/Copia;Sequence_ontology=SO:0000286;ltr_identity=0.9677;Method=structural;motif=TGCA;tsd=TACAC::Chr08:15151530-15151870(+)
RL000013	ID=lLTR_RLGSvm1G00029;Parent=repeat_region_42;Name=TE_00001093;Classification=LTR/Gypsy;Sequence_ontology=SO:0000286;ltr_identity=0.9783;Method=structural;motif=TGCA;tsd=GGGTG::Chr02:15973113-15974195(-)
RL000020	ID=lLTR_RLXSvm1G00018;Parent=repeat_region_14;Name=TE_00000924;Classification=LTR/unknown;Sequence_ontology=SO:0000286;ltr_identity=0.9082;Method=structural;motif=TGCA;tsd=CCACC::Chr03:13453305-13453720(?)
RL000005	ID=lLTR_RLCSvm1G00284;Parent=repeat_region_31;Name=TE_00000717;Classification=LTR/Copia;Sequence_ontology=SO:0000286;ltr_identity=0.9678;Method=structural;motif=TGCA;tsd=AGTTC::Chr09:28157545-28158954(-)
RL000013	ID=lLTR_RLGSvm1G00051;Parent=repeat_region_10;Name=TE_00000756;Classification=LTR/Gypsy;Sequence_ontology=SO:0000286;ltr_identity=0.9761;Method=structural;motif=TGCA;tsd=ATAGT::Chr03:10080619-10081676(-)
RL000005	ID=lLTR_RLCSvm1G00013;Parent=repeat_region_18;Name=TE_00000693;Classification=LTR/Copia;Sequence_ontology=SO:0000286;ltr_identity=0.9482;Method=structural;motif=TGCA;tsd=TCTTG::Chr01:13397604-13398973(+)
RL000001	ID=lLTR_RLCSvm1G00082;Parent=repeat_region_18;Name=TE_00000757;Classification=LTR/Copia;Sequence_ontology=SO:0000286;ltr_identity=0.9585;Method=structural;motif=TGCA;tsd=GACGG::Chr03:16042144-16042408(+)
RL000075	ID=lLTR_RLGSvm1G00001;Parent=repeat_region_1;Name=TE_00000648;Classification=LTR/Gypsy;Sequence_ontology=SO:0000286;ltr_identity=0.9739;Method=structural;motif=TGCA;tsd=CTTTT::Chr01:1697717-1697984(-)
RL000014	ID=lLTR_RLCSvm1G00134;Parent=repeat_region_61;Name=TE_00000656;Classification=LTR/Copia;Sequence_ontology=SO:0000286;ltr_identity=0.9816;Method=structural;motif=TGCA;tsd=TTCTG::Chr04:37661394-37663306(+)
RL000059	ID=lLTR_RLCSvm1G00265;Parent=repeat_region_84;Name=TE_00000662;Classification=LTR/Copia;Sequence_ontology=SO:0000286;ltr_identity=0.9842;Method=structural;motif=TGCA;tsd=CAGGC::Chr08:41911908-41912513(+)
RL000030	ID=lLTR_RLGSvm1G00204;Parent=repeat_region_53;Name=TE_00000762;Classification=LTR/Gypsy;Sequence_ontology=SO:0000286;ltr_identity=0.9681;Method=structural;motif=TGCA;tsd=TCGGG::Chr08:28889569-28890144(-)
RL000030	ID=lLTR_RLGSvm1G00163;Parent=repeat_region_59;Name=TE_00000853;Classification=LTR/Gypsy;Sequence_ontology=SO:0000286;ltr_identity=0.9626;Method=structural;motif=TGCA;tsd=CTTTT::Chr06:30901123-30901730(-)
RL000019	ID=lLTR_RLCSvm1G00075;Parent=repeat_region_6;Name=TE_00000848;Classification=LTR/Copia;Sequence_ontology=SO:0000286;ltr_identity=0.9817;Method=structural;motif=TGCA;tsd=TTTAA::Chr03:4764298-4764679(-)
RL000030	ID=lLTR_RLGSvm1G00042;Parent=repeat_region_63;Name=TE_00000629;Classification=LTR/Gypsy;Sequence_ontology=SO:0000286;ltr_identity=0.9485;Method=structural;motif=TGCA;tsd=TAGAT::Chr02:22552632-22553241(-)
RL000024	ID=lLTR_RLCSvm1G00109;Parent=repeat_region_4;Name=TE_00000799;Classification=LTR/Copia;Sequence_ontology=SO:0000286;ltr_identity=0.9847;Method=structural;motif=TGCA;tsd=GCTAC::Chr04:4656044-4656174(+)
RL000042	ID=lLTR_RLCSvm1G00072;Parent=repeat_region_3;Name=TE_00000555;Classification=LTR/Copia;Sequence_ontology=SO:0000286;ltr_identity=0.9635;Method=structural;motif=TGCA;tsd=TACTT::Chr03:3403785-3404003(-)
RL000009	ID=lLTR_RLCSvm1G00190;Parent=repeat_region_48;Name=TE_00000839;Classification=LTR/Copia;Sequence_ontology=SO:0000286;ltr_identity=0.9901;Method=structural;motif=TGTA;tsd=ATTAC::Chr06:21783947-21784047(+)
RL000115	ID=lLTR_RLCSvm1G00065;Parent=repeat_region_81;Name=TE_00000804;Classification=LTR/Copia;Sequence_ontology=SO:0000286;ltr_identity=1.0000;Method=structural;motif=TGCA;tsd=CTCCT::Chr02:37596873-37597092(+)
RL000015	ID=lLTR_RLGSvm1G00177;Parent=repeat_region_25;Name=TE_00000864;Classification=LTR/Gypsy;Sequence_ontology=SO:0000286;ltr_identity=0.9691;Method=structural;motif=TGCA;tsd=ATGAG::Chr07:12199534-12202383(-)
RL000041	ID=lLTR_RLCSvm1G00069;Parent=repeat_region_86;Name=TE_00001034;Classification=LTR/Copia;Sequence_ontology=SO:0000286;ltr_identity=0.9716;Method=structural;motif=TGCA;tsd=TTAAT::Chr02:46762742-46762882(-)
RL000026	ID=lLTR_RLGSvm1G00060;Parent=repeat_region_30;Name=TE_00000859;Classification=LTR/Gypsy;Sequence_ontology=SO:0000286;ltr_identity=0.9332;Method=structural;motif=TGCA;tsd=GTTGG::Chr03:26540082-26540500(?)
RL000226	ID=lLTR_RLGSvm1G00200;Parent=repeat_region_40;Name=TE_00000675;Classification=LTR/Gypsy;Sequence_ontology=SO:0000286;ltr_identity=0.9329;Method=structural;motif=TGCA;tsd=CTACA::Chr08:22305599-22308696(-)
RL000005	ID=lLTR_RLCSvm1G00092;Parent=repeat_region_50;Name=TE_00000960;Classification=LTR/Copia;Sequence_ontology=SO:0000286;ltr_identity=0.9539;Method=structural;motif=TGCA;tsd=GAATC::Chr03:31213480-31214886(+)
RL000040	ID=lLTR_RLCSvm1G00194;Parent=repeat_region_57;Name=TE_00000842;Classification=LTR/Copia;Sequence_ontology=SO:0000286;ltr_identity=0.9928;Method=structural;motif=TGCA;tsd=CATCT::Chr06:29999512-29999787(+)
RL000022	ID=lLTR_RLCSvm1G00064;Parent=repeat_region_80;Name=TE_00001089;Classification=LTR/Copia;Sequence_ontology=SO:0000286;ltr_identity=0.9733;Method=structural;motif=TGCA;tsd=CCTAG::Chr02:36951430-36951882(-)
RL000114	ID=lLTR_RLCSvm1G00061;Parent=repeat_region_76;Name=TE_00000642;Classification=LTR/Copia;Sequence_ontology=SO:0000286;ltr_identity=1.0000;Method=structural;motif=TGCA;tsd=GCGCC::Chr02:35213871-35214473(-)
RL000057	ID=lLTR_RLGSvm1G00106;Parent=repeat_region_34;Name=TE_00000712;Classification=LTR/Gypsy;Sequence_ontology=SO:0000286;ltr_identity=0.9385;Method=structural;motif=TGCA;tsd=GGCAG::Chr04:20480487-20480912(?)
RL000094	ID=lLTR_RLXSvm1G00005;Parent=repeat_region_46;Name=TE_00000512;Classification=LTR/unknown;Sequence_ontology=SO:0000286;ltr_identity=0.9565;Method=structural;motif=TGCA;tsd=CTTAT::Chr01:40797124-40797330(?)
RL000037	ID=lLTR_RLXSvm1G00015;Parent=repeat_region_73;Name=TE_00000899;Classification=LTR/unknown;Sequence_ontology=SO:0000286;ltr_identity=0.9424;Method=structural;motif=TGCA;tsd=ATAGT::Chr02:32989859-32990049(-)
RL000013	ID=lLTR_RLGSvm1G00176;Parent=repeat_region_23;Name=TE_00000685;Classification=LTR/Gypsy;Sequence_ontology=SO:0000286;ltr_identity=0.9581;Method=structural;motif=TGCA;tsd=CACAG::Chr07:10983494-10984552(+)
RL000019	ID=lLTR_RLCSvm1G00124;Parent=repeat_region_40;Name=TE_00000913;Classification=LTR/Copia;Sequence_ontology=SO:0000286;ltr_identity=0.9659;Method=structural;motif=TGCA;tsd=GCAAC::Chr04:22900564-22900944(+)
RL000026	ID=lLTR_RLGSvm1G00045;Parent=repeat_region_70;Name=TE_00001102;Classification=LTR/Gypsy;Sequence_ontology=SO:0000286;ltr_identity=0.9695;Method=structural;motif=TGCA;tsd=CTCAT::Chr02:30458177-30458604(?)
RL000059	ID=lLTR_RLCSvm1G00168;Parent=repeat_region_4;Name=TE_00000565;Classification=LTR/Copia;Sequence_ontology=SO:0000286;ltr_identity=0.9782;Method=structural;motif=TGCA;tsd=TATAA::Chr06:2070037-2070637(-)
RL000009	ID=lLTR_RLCSvm1G00077;Parent=repeat_region_9;Name=TE_00000516;Classification=LTR/Copia;Sequence_ontology=SO:0000286;ltr_identity=0.9904;Method=structural;motif=TGCA;tsd=TTTCC::Chr03:7054962-7055065(-)
RL000045	ID=lLTR_RLCSvm1G00081;Parent=repeat_region_17;Name=TE_00001133;Classification=LTR/Copia;Sequence_ontology=SO:0000286;ltr_identity=0.9926;Method=structural;motif=TGCA;tsd=TCCTG::Chr03:15817496-15817630(+)
RL000101	ID=lLTR_RLCSvm1G00039;Parent=repeat_region_20;Name=TE_00000823;Classification=LTR/Copia;Sequence_ontology=SO:0000286;ltr_identity=0.9826;Method=structural;motif=TGCA;tsd=TCTG::Chr02:6736642-6736756(+)
RL000143	ID=lLTR_RLXSvm1G00025;Parent=repeat_region_27;Name=TE_00000847;Classification=LTR/unknown;Sequence_ontology=SO:0000286;ltr_identity=0.9607;Method=structural;motif=TGCA;tsd=TACAT::Chr04:18232543-18232722(?)
RL000018	ID=lLTR_RLGSvm1G00175;Parent=repeat_region_22;Name=TE_00000457;Classification=LTR/Gypsy;Sequence_ontology=SO:0000286;ltr_identity=0.9879;Method=structural;motif=TGCA;tsd=AGCAC::Chr07:10210848-10213007(+)
RL000008	ID=lLTR_RLGSvm1G00043;Parent=repeat_region_66;Name=TE_00000976;Classification=LTR/Gypsy;Sequence_ontology=SO:0000286;ltr_identity=0.9941;Method=structural;motif=TGCA;tsd=CCAAC::Chr02:25244634-25245647(+)
RL000035	ID=lLTR_RLXSvm1G00013;Parent=repeat_region_65;Name=TE_00000562;Classification=LTR/unknown;Sequence_ontology=SO:0000286;ltr_identity=0.9562;Method=structural;motif=TGCA;tsd=CTAAC::Chr02:22717427-22717832(?)
RL000040	ID=lLTR_RLCSvm1G00066;Parent=repeat_region_82;Name=TE_00000877;Classification=LTR/Copia;Sequence_ontology=SO:0000286;ltr_identity=0.9928;Method=structural;motif=TGCA;tsd=ACAAA::Chr02:37672856-37673131(-)
RL000022	ID=lLTR_RLCSvm1G00046;Parent=repeat_region_37;Name=TE_00000593;Classification=LTR/Copia;Sequence_ontology=SO:0000286;ltr_identity=0.9457;Method=structural;motif=TGCA;tsd=CCATT::Chr02:14373314-14373762(-)
RL000008	ID=lLTR_RLGSvm1G00041;Parent=repeat_region_62;Name=TE_00000550;Classification=LTR/Gypsy;Sequence_ontology=SO:0000286;ltr_identity=0.9862;Method=structural;motif=TGCA;tsd=GGGAG::Chr02:22254500-22255514(-)
RL000002	ID=lLTR_RLCSvm1G00010;Parent=repeat_region_13;Name=TE_00000958;Classification=LTR/Copia;Sequence_ontology=SO:0000286;ltr_identity=0.9874;Method=structural;motif=TGCA;tsd=CATTC::Chr01:8647279-8648316(-)
RL000045	ID=lLTR_RLCSvm1G00174;Parent=repeat_region_15;Name=TE_00000514;Classification=LTR/Copia;Sequence_ontology=SO:0000286;ltr_identity=1.0000;Method=structural;motif=TGCA;tsd=CCCGG::Chr06:6370622-6370756(+)
RL000117	ID=lLTR_RLCSvm1G00071;Parent=repeat_region_1;Name=TE_00000784;Classification=LTR/Copia;Sequence_ontology=SO:0000286;ltr_identity=0.9291;Method=structural;motif=TGCA;tsd=ATTTT::Chr03:1811624-1811891(-)
RL000034	ID=lLTR_RLGSvm1G00040;Parent=repeat_region_61;Name=TE_00000632;Classification=LTR/Gypsy;Sequence_ontology=SO:0000286;ltr_identity=0.9766;Method=structural;motif=TGCA;tsd=CCTTC::Chr02:22191597-22192590(-)
RL000111	ID=lLTR_RLCSvm1G00058;Parent=repeat_region_69;Name=TE_00000874;Classification=LTR/Copia;Sequence_ontology=SO:0000286;ltr_identity=0.9690;Method=structural;motif=TGCA;tsd=TTCCC::Chr02:29062513-29062770(+)
RL000022	ID=lLTR_RLCSvm1G00062;Parent=repeat_region_78;Name=TE_00000919;Classification=LTR/Copia;Sequence_ontology=SO:0000286;ltr_identity=0.9911;Method=structural;motif=TGCA;tsd=GAACT::Chr02:36224155-36224605(+)
RL000064	ID=lLTR_RLCSvm1G00176;Parent=repeat_region_17;Name=TE_00000801;Classification=LTR/Copia;Sequence_ontology=SO:0000286;ltr_identity=0.9953;Method=structural;motif=TGCA;tsd=AAATT::Chr06:7772343-7772556(-)
RL000033	ID=lLTR_RLGSvm1G00038;Parent=repeat_region_59;Name=TE_00000755;Classification=LTR/Gypsy;Sequence_ontology=SO:0000286;ltr_identity=0.9171;Method=structural;motif=TGCA;tsd=TTCCT::Chr02:21770105-21770900(+)
RL000069	ID=lLTR_RLXSvm1G00058;Parent=repeat_region_15;Name=TE_00000735;Classification=LTR/unknown;Sequence_ontology=SO:0000286;ltr_identity=0.9618;Method=structural;motif=TGCA;tsd=GTATA::Chr08:12632703-12632833(-)
RL000092	ID=lLTR_RLCSvm1G00025;Parent=repeat_region_38;Name=TE_00000534;Classification=LTR/Copia;Sequence_ontology=SO:0000286;ltr_identity=0.8763;Method=structural;motif=TGCA;tsd=CATTC::Chr01:28874016-28874520(+)
RL000139	ID=lLTR_RLGSvm1G00093;Parent=repeat_region_12;Name=TE_00000635;Classification=LTR/Gypsy;Sequence_ontology=SO:0000286;ltr_identity=0.8856;Method=structural;motif=TGCA;tsd=AGCAT::Chr04:9599796-9600242(-)
RL000243	ID=lLTR_RLCSvm1G00275;Parent=repeat_region_13;Name=TE_00000859;Classification=LTR/Copia;Sequence_ontology=SO:0000286;ltr_identity=0.9500;Method=structural;motif=TACA;tsd=AAGAG::Chr09:16699979-16700118(-)
RL000004	ID=lLTR_RLCSvm1G00055;Parent=repeat_region_58;Name=TE_00000824;Classification=LTR/Copia;Sequence_ontology=SO:0000286;ltr_identity=0.9643;Method=structural;motif=TGCA;tsd=TATAG::Chr02:20798992-20799754(-)
RL000030	ID=lLTR_RLGSvm1G00037;Parent=repeat_region_57;Name=TE_00000629;Classification=LTR/Gypsy;Sequence_ontology=SO:0000286;ltr_identity=0.9628;Method=structural;motif=TGCA;tsd=AAATC::Chr02:20707813-20708427(-)
RL000192	ID=lLTR_RLXSvm1G00042;Parent=repeat_region_32;Name=TE_00000838;Classification=LTR/unknown;Sequence_ontology=SO:0000286;ltr_identity=0.9659;Method=structural;motif=TGCA;tsd=ATATG::Chr06:16282263-16282526(?)
RL000005	ID=lLTR_RLCSvm1G00054;Parent=repeat_region_55;Name=TE_00000511;Classification=LTR/Copia;Sequence_ontology=SO:0000286;ltr_identity=0.9578;Method=structural;motif=TGCA;tsd=ATTAA::Chr02:20078375-20079779(-)
RL000016	ID=lLTR_RLCSvm1G00068;Parent=repeat_region_85;Name=TE_00000774;Classification=LTR/Copia;Sequence_ontology=SO:0000286;ltr_identity=0.9876;Method=structural;motif=TGCA;tsd=GCAGA::Chr02:46071153-46071313(-)
RL000005	ID=lLTR_RLCSvm1G00290;Parent=repeat_region_46;Name=TE_00000717;Classification=LTR/Copia;Sequence_ontology=SO:0000286;ltr_identity=0.9649;Method=structural;motif=TGCA;tsd=ATTGG::Chr09:36846275-36847668(+)
RL000012	ID=lLTR_RLGSvm1G00059;Parent=repeat_region_29;Name=TE_00000530;Classification=LTR/Gypsy;Sequence_ontology=SO:0000286;ltr_identity=0.9620;Method=structural;motif=TGCA;tsd=GCCTC::Chr03:26358090-26358462(-)
RL000005	ID=lLTR_RLCSvm1G00051;Parent=repeat_region_46;Name=TE_00000511;Classification=LTR/Copia;Sequence_ontology=SO:0000286;ltr_identity=0.9517;Method=structural;motif=TGCA;tsd=ATAGG::Chr02:18414054-18415448(+)
RL000112	ID=lLTR_RLCSvm1G00059;Parent=repeat_region_71;Name=TE_00000787;Classification=LTR/Copia;Sequence_ontology=SO:0000286;ltr_identity=0.9754;Method=structural;motif=TGCA;tsd=CTGAA::Chr02:31522427-31522711(-)
RL000193	ID=lLTR_RLCSvm1G00183;Parent=repeat_region_35;Name=TE_00000856;Classification=LTR/Copia;Sequence_ontology=SO:0000286;ltr_identity=0.9597;Method=structural;motif=TTAA;tsd=CATGT::Chr06:17388314-17388436(+)
RL000032	ID=lLTR_RLGSvm1G00035;Parent=repeat_region_54;Name=TE_00000843;Classification=LTR/Gypsy;Sequence_ontology=SO:0000286;ltr_identity=0.9760;Method=structural;motif=TACA;tsd=GCCAC::Chr02:19987355-19988320(-)
RL000005	ID=lLTR_RLCSvm1G00285;Parent=repeat_region_33;Name=TE_00000717;Classification=LTR/Copia;Sequence_ontology=SO:0000286;ltr_identity=0.9528;Method=structural;motif=TGCA;tsd=ACAAT::Chr09:28371369-28372785(-)
RL000009	ID=lLTR_RLCSvm1G00243;Parent=repeat_region_48;Name=TE_00000842;Classification=LTR/Copia;Sequence_ontology=SO:0000286;ltr_identity=0.9608;Method=structural;motif=TGTA;tsd=CTTCT::Chr08:25308619-25308720(-)
RL000005	ID=lLTR_RLCSvm1G00091;Parent=repeat_region_47;Name=TE_00000960;Classification=LTR/Copia;Sequence_ontology=SO:0000286;ltr_identity=0.9708;Method=structural;motif=TGCA;tsd=CTAAG::Chr03:31017018-31018418(+)
RL000044	ID=lLTR_RLCSvm1G00097;Parent=repeat_region_67;Name=TE_00000673;Classification=LTR/Copia;Sequence_ontology=SO:0000286;ltr_identity=0.9920;Method=structural;motif=TGCA;tsd=CGGGC::Chr03:35562487-35562611(-)
RL000030	ID=lLTR_RLGSvm1G00034;Parent=repeat_region_53;Name=TE_00000757;Classification=LTR/Gypsy;Sequence_ontology=SO:0000286;ltr_identity=0.9790;Method=structural;motif=TGCA;tsd=CTGCA::Chr02:19963536-19964118(+)
RL000005	ID=lLTR_RLCSvm1G00096;Parent=repeat_region_66;Name=TE_00000836;Classification=LTR/Copia;Sequence_ontology=SO:0000286;ltr_identity=0.9416;Method=structural;motif=TGCA;tsd=CCCAA::Chr03:35204799-35206220(-)
RL000018	ID=lLTR_RLGSvm1G00211;Parent=repeat_region_78;Name=TE_00000543;Classification=LTR/Gypsy;Sequence_ontology=SO:0000286;ltr_identity=0.9815;Method=structural;motif=TGCA;tsd=CTCTG::Chr08:38639250-38641410(-)
RL000024	ID=lLTR_RLCSvm1G00219;Parent=repeat_region_44;Name=TE_00000508;Classification=LTR/Copia;Sequence_ontology=SO:0000286;ltr_identity=0.9771;Method=structural;motif=TGCA;tsd=CAAAC::Chr07:27764839-27764969(-)
RL000005	ID=lLTR_RLCSvm1G00053;Parent=repeat_region_52;Name=TE_00000511;Classification=LTR/Copia;Sequence_ontology=SO:0000286;ltr_identity=0.9411;Method=structural;motif=TGCA;tsd=ATGGC::Chr02:19513514-19514919(-)
RL000030	ID=lLTR_RLGSvm1G00033;Parent=repeat_region_51;Name=TE_00000629;Classification=LTR/Gypsy;Sequence_ontology=SO:0000286;ltr_identity=0.9556;Method=structural;motif=TGCA;tsd=CTCTA::Chr02:19336562-19337167(+)
RL000108	ID=lLTR_RLGSvm1G00030;Parent=repeat_region_47;Name=TE_00001014;Classification=LTR/Gypsy;Sequence_ontology=SO:0000286;ltr_identity=0.9359;Method=structural;motif=TGCA;tsd=TGGTA::Chr02:18507835-18508478(-)
RL000031	ID=lLTR_RLXSvm1G00012;Parent=repeat_region_41;Name=TE_00000516;Classification=LTR/unknown;Sequence_ontology=SO:0000286;ltr_identity=0.9867;Method=structural;motif=TGCA;tsd=AACAT::Chr02:15821849-15822073(+)
RL000013	ID=lLTR_RLGSvm1G00050;Parent=repeat_region_7;Name=TE_00000756;Classification=LTR/Gypsy;Sequence_ontology=SO:0000286;ltr_identity=0.9876;Method=structural;motif=TGCA;tsd=CCTCC::Chr03:6575287-6576347(+)
RL000005	ID=lLTR_RLCSvm1G00093;Parent=repeat_region_52;Name=TE_00000960;Classification=LTR/Copia;Sequence_ontology=SO:0000286;ltr_identity=0.9553;Method=structural;motif=TGCA;tsd=ATCAA::Chr03:31649007-31650379(-)
RL000042	ID=lLTR_RLCSvm1G00073;Parent=repeat_region_4;Name=TE_00000555;Classification=LTR/Copia;Sequence_ontology=SO:0000286;ltr_identity=0.9615;Method=structural;motif=TGCT;tsd=TACTT::Chr03:3403796-3404003(-)
RL000008	ID=lLTR_RLGSvm1G00028;Parent=repeat_region_40;Name=TE_00000550;Classification=LTR/Gypsy;Sequence_ontology=SO:0000286;ltr_identity=0.9842;Method=structural;motif=TGCA;tsd=TATAT::Chr02:15710476-15711496(-)
RL000037	ID=lLTR_RLXSvm1G00014;Parent=repeat_region_72;Name=TE_00000899;Classification=LTR/unknown;Sequence_ontology=SO:0000286;ltr_identity=0.9521;Method=structural;motif=TGCA;tsd=ATAGT::Chr02:32984779-32984966(-)
RL000024	ID=lLTR_RLCSvm1G00070;Parent=repeat_region_88;Name=TE_00000995;Classification=LTR/Copia;Sequence_ontology=SO:0000286;ltr_identity=1.0000;Method=structural;motif=TGCA;tsd=CATAG::Chr02:48084884-48085014(+)
RL000233	ID=lLTR_RLCSvm1G00252;Parent=repeat_region_63;Name=TE_00000902;Classification=LTR/Copia;Sequence_ontology=SO:0000286;ltr_identity=0.9849;Method=structural;motif=TGCA;tsd=GTTTG::Chr08:33166958-33167156(+)
RL000005	ID=lLTR_RLCSvm1G00186;Parent=repeat_region_39;Name=TE_00000790;Classification=LTR/Copia;Sequence_ontology=SO:0000286;ltr_identity=0.9483;Method=structural;motif=TGCA;tsd=AAGAC::Chr06:18253717-18255114(+)
RL000022	ID=lLTR_RLCSvm1G00045;Parent=repeat_region_36;Name=TE_00000919;Classification=LTR/Copia;Sequence_ontology=SO:0000286;ltr_identity=0.9375;Method=structural;motif=TGCA;tsd=GATCC::Chr02:14272871-14273318(+)
RL000077	ID=lLTR_RLCSvm1G00002;Parent=repeat_region_3;Name=TE_00000490;Classification=LTR/Copia;Sequence_ontology=SO:0000286;ltr_identity=0.9104;Method=structural;motif=TGCA;tsd=CTTCC::Chr01:2981550-2982041(+)
RL000241	ID=lLTR_RLCSvm1G00270;Parent=repeat_region_6;Name=TE_00000881;Classification=LTR/Copia;Sequence_ontology=SO:0000286;ltr_identity=0.9919;Method=structural;motif=TGCA;tsd=CGATG::Chr09:9929263-9929510(+)
RL000068	ID=lLTR_RLCSvm1G00192;Parent=repeat_region_54;Name=TE_00000624;Classification=LTR/Copia;Sequence_ontology=SO:0000286;ltr_identity=0.9908;Method=structural;motif=TGCA;tsd=TCAAC::Chr06:26631383-26631491(+)
RL000030	ID=lLTR_RLGSvm1G00024;Parent=repeat_region_33;Name=TE_00000629;Classification=LTR/Gypsy;Sequence_ontology=SO:0000286;ltr_identity=0.9761;Method=structural;motif=TGCA;tsd=AACTT::Chr02:11807335-11807932(+)
RL000005	ID=lLTR_RLCSvm1G00085;Parent=repeat_region_32;Name=TE_00000960;Classification=LTR/Copia;Sequence_ontology=SO:0000286;ltr_identity=0.9555;Method=structural;motif=TTCA;tsd=CCCCC::Chr03:28661160-28662577(-)
RL000009	ID=lLTR_RLGSvm1G00008;Parent=repeat_region_31;Name=TE_00000812;Classification=LTR/Gypsy;Sequence_ontology=SO:0000286;ltr_identity=1.0000;Method=structural;motif=TGTA;tsd=ATTTC::Chr01:21839355-21839455(-)
RL000021	ID=lLTR_RLGSvm1G00057;Parent=repeat_region_26;Name=TE_00000874;Classification=LTR/Gypsy;Sequence_ontology=SO:0000286;ltr_identity=0.9862;Method=structural;motif=TGCA;tsd=TCCTA::Chr03:22863642-22863931(+)
RL000005	ID=lLTR_RLCSvm1G00020;Parent=repeat_region_32;Name=TE_00000693;Classification=LTR/Copia;Sequence_ontology=SO:0000286;ltr_identity=0.9440;Method=structural;motif=TGCA;tsd=GAAAG::Chr01:22174121-22175504(-)
RL000088	ID=lLTR_RLXSvm1G00004;Parent=repeat_region_21;Name=TE_00000918;Classification=LTR/unknown;Sequence_ontology=SO:0000286;ltr_identity=0.9904;Method=structural;motif=TGCA;tsd=CCAAC::Chr01:15329243-15329346(?)
RL000232	ID=lLTR_RLCSvm1G00247;Parent=repeat_region_57;Name=TE_00000971;Classification=LTR/Copia;Sequence_ontology=SO:0000286;ltr_identity=0.9829;Method=structural;motif=TGCA;tsd=ACTAC::Chr08:29176320-29177319(+)
RL000015	ID=lLTR_RLGSvm1G00048;Parent=repeat_region_84;Name=TE_00001090;Classification=LTR/Gypsy;Sequence_ontology=SO:0000286;ltr_identity=0.9879;Method=structural;motif=TGCA;tsd=CGCTC::Chr02:42502186-42505007(+)
RL000080	ID=lLTR_RLCSvm1G00005;Parent=repeat_region_7;Name=TE_00000693;Classification=LTR/Copia;Sequence_ontology=SO:0000286;ltr_identity=0.9930;Method=structural;motif=TGCA;tsd=GGGTC::Chr01:5764819-5764960(?)
RL000135	ID=lLTR_RLCSvm1G00112;Parent=repeat_region_7;Name=TE_00000730;Classification=LTR/Copia;Sequence_ontology=SO:0000286;ltr_identity=0.9374;Method=structural;motif=TGCA;tsd=CAAAA::Chr04:7413526-7415227(-)
RL000090	ID=lLTR_RLCSvm1G00022;Parent=repeat_region_35;Name=TE_00000776;Classification=LTR/Copia;Sequence_ontology=SO:0000286;ltr_identity=0.9891;Method=structural;motif=TGCA;tsd=CAATT::Chr01:25825390-25825756(+)
RL000030	ID=lLTR_RLGSvm1G00070;Parent=repeat_region_48;Name=Chr03:31091288..31098078;Classification=LTR/Gypsy;Sequence_ontology=SO:0000286;ltr_identity=0.9670;Method=structural;motif=TGCA;tsd=CCTAG::Chr03:31091288-31091889(+)
RL000007	ID=lLTR_RLGSvm1G00139;Parent=repeat_region_46;Name=TE_00000702;Classification=LTR/Gypsy;Sequence_ontology=SO:0000286;ltr_identity=0.9710;Method=structural;motif=TGCA;tsd=TATGA::Chr05:23249080-23250010(-)
RL000019	ID=lLTR_RLCSvm1G00225;Parent=repeat_region_5;Name=TE_00001019;Classification=LTR/Copia;Sequence_ontology=SO:0000286;ltr_identity=0.9895;Method=structural;motif=TGCA;tsd=GAACT::Chr08:4402291-4402672(-)
RL000022	ID=lLTR_RLCSvm1G00038;Parent=repeat_region_19;Name=TE_00000919;Classification=LTR/Copia;Sequence_ontology=SO:0000286;ltr_identity=0.9643;Method=structural;motif=TGCA;tsd=ACCAA::Chr02:6036469-6036920(+)
RL000006	ID=lLTR_RLGSvm1G00153;Parent=repeat_region_31;Name=TE_00000437;Classification=LTR/Gypsy;Sequence_ontology=SO:0000286;ltr_identity=0.9803;Method=structural;motif=TGCA;tsd=AAGTA::Chr06:16097066-16097978(+)
RL000022	ID=lLTR_RLCSvm1G00169;Parent=repeat_region_6;Name=TE_00000561;Classification=LTR/Copia;Sequence_ontology=SO:0000286;ltr_identity=0.9425;Method=structural;motif=TGCA;tsd=GCTCC::Chr06:2771059-2771507(-)
RL000005	ID=lLTR_RLCSvm1G00015;Parent=repeat_region_26;Name=TE_00000693;Classification=LTR/Copia;Sequence_ontology=SO:0000286;ltr_identity=0.9417;Method=structural;motif=TGCA;tsd=GGACT::Chr01:19857085-19858500(-)
RL000174	ID=lLTR_RLGSvm1G00141;Parent=repeat_region_54;Name=TE_00000855;Classification=LTR/Gypsy;Sequence_ontology=SO:0000286;ltr_identity=0.9359;Method=structural;motif=TGCA;tsd=CCTGG::Chr05:29097312-29100486(-)
RL000019	ID=lLTR_RLCSvm1G00032;Parent=repeat_region_10;Name=TE_00000502;Classification=LTR/Copia;Sequence_ontology=SO:0000286;ltr_identity=0.9817;Method=structural;motif=TGCA;tsd=CAGCT::Chr02:3090980-3091361(-)
RL000048	ID=lLTR_RLGSvm1G00193;Parent=repeat_region_31;Name=TE_00000675;Classification=LTR/Gypsy;Sequence_ontology=SO:0000286;ltr_identity=0.9336;Method=structural;motif=TGCA;tsd=CTATG::Chr08:19596390-19599506(+)
RL000120	ID=lLTR_RLGSvm1G00052;Parent=repeat_region_15;Name=TE_00000834;Classification=LTR/Gypsy;Sequence_ontology=SO:0000286;ltr_identity=0.9011;Method=structural;motif=TGCA;tsd=GATTT::Chr03:15002162-15002434(+)
RL000022	ID=lLTR_RLCSvm1G00067;Parent=repeat_region_83;Name=TE_00000593;Classification=LTR/Copia;Sequence_ontology=SO:0000286;ltr_identity=0.9477;Method=structural;motif=TGCA;tsd=GAAAC::Chr02:41862896-41863357(-)
RL000208	ID=lLTR_RLCSvm1G00214;Parent=repeat_region_35;Name=TE_00000853;Classification=LTR/Copia;Sequence_ontology=SO:0000286;ltr_identity=0.9283;Method=structural;motif=TGCA;tsd=CTATC::Chr07:13634954-13635176(+)
RL000116	ID=lLTR_RLXSvm1G00016;Parent=repeat_region_87;Name=TE_00000777;Classification=LTR/unknown;Sequence_ontology=SO:0000286;ltr_identity=1.0000;Method=structural;motif=TGCA;tsd=CTTCG::Chr02:46789693-46789817(?)
RL000106	ID=lLTR_RLGSvm1G00026;Parent=repeat_region_35;Name=TE_00000650;Classification=LTR/Gypsy;Sequence_ontology=SO:0000286;ltr_identity=0.9846;Method=structural;motif=TGCA;tsd=TAAG::Chr02:14094044-14095021(-)
RL000008	ID=lLTR_RLGSvm1G00006;Parent=repeat_region_23;Name=TE_00000741;Classification=LTR/Gypsy;Sequence_ontology=SO:0000286;ltr_identity=0.9742;Method=structural;motif=TGCA;tsd=CAATA::Chr01:16506805-16507819(-)
RL000001	ID=lLTR_RLCSvm1G00057;Parent=repeat_region_67;Name=TE_00000554;Classification=LTR/Copia;Sequence_ontology=SO:0000286;ltr_identity=0.9962;Method=structural;motif=TGCA;tsd=CTCTT::Chr02:26593226-26593488(+)
RL000018	ID=lLTR_RLGSvm1G00017;Parent=repeat_region_8;Name=TE_00000778;Classification=LTR/Gypsy;Sequence_ontology=SO:0000286;ltr_identity=0.9893;Method=structural;motif=TGCA;tsd=CATTG::Chr02:2228465-2230626(+)
RL000005	ID=lLTR_RLCSvm1G00153;Parent=repeat_region_48;Name=TE_00000570;Classification=LTR/Copia;Sequence_ontology=SO:0000286;ltr_identity=0.9586;Method=structural;motif=TGCA;tsd=CTCTC::Chr05:24189168-24190536(-)
RL000011	ID=lLTR_RLCSvm1G00026;Parent=repeat_region_39;Name=TE_00000840;Classification=LTR/Copia;Sequence_ontology=SO:0000286;ltr_identity=0.9917;Method=structural;motif=TGCA;tsd=CGTTT::Chr01:30445428-30445548(+)
RL000030	ID=lLTR_RLGSvm1G00187;Parent=repeat_region_24;Name=TE_00000739;Classification=LTR/Gypsy;Sequence_ontology=SO:0000286;ltr_identity=0.9541;Method=structural;motif=TGCA;tsd=TGCAC::Chr08:17761538-17762186(+)
RL000005	ID=lLTR_RLCSvm1G00017;Parent=repeat_region_28;Name=TE_00000693;Classification=LTR/Copia;Sequence_ontology=SO:0000286;ltr_identity=0.9504;Method=structural;motif=TGCA;tsd=ATCCA::Chr01:20559552-20560963(+)
RL000071	ID=lLTR_RLCSvm1G00223;Parent=repeat_region_1;Name=TE_00000534;Classification=LTR/Copia;Sequence_ontology=SO:0000286;ltr_identity=0.9916;Method=structural;motif=TGCA;tsd=TGATC::Chr08:2814407-2814645(-)
RL000036	ID=lLTR_RLGSvm1G00071;Parent=repeat_region_49;Name=TE_00001008;Classification=LTR/Gypsy;Sequence_ontology=SO:0000286;ltr_identity=0.9943;Method=structural;motif=TGCA;tsd=CTCTC::Chr03:31201653-31202358(+)
RL000118	ID=lLTR_RLGSvm1G00049;Parent=repeat_region_2;Name=TE_00001033;Classification=LTR/Gypsy;Sequence_ontology=SO:0000286;ltr_identity=0.9911;Method=structural;motif=TAGC;tsd=AAATG::Chr03:2758393-2759065(+)
RL000022	ID=lLTR_RLCSvm1G00131;Parent=repeat_region_57;Name=TE_00000468;Classification=LTR/Copia;Sequence_ontology=SO:0000286;ltr_identity=0.9532;Method=structural;motif=TGCA;tsd=TCCCT::Chr04:34837633-34838086(-)
RL000055	ID=lLTR_RLGSvm1G00125;Parent=repeat_region_23;Name=TE_00000792;Classification=LTR/Gypsy;Sequence_ontology=SO:0000286;ltr_identity=0.9824;Method=structural;motif=TGCA;tsd=CGGTG::Chr05:16349031-16349938(+)
RL000005	ID=lLTR_RLCSvm1G00052;Parent=repeat_region_48;Name=TE_00000511;Classification=LTR/Copia;Sequence_ontology=SO:0000286;ltr_identity=0.9574;Method=structural;motif=TGCA;tsd=TATTG::Chr02:18674536-18675905(-)
RL000097	ID=lLTR_RLCSvm1G00029;Parent=repeat_region_5;Name=TE_00000521;Classification=LTR/Copia;Sequence_ontology=SO:0000286;ltr_identity=1.0000;Method=structural;motif=TGTA;tsd=CCGAC::Chr02:1592754-1592923(-)
RL000032	ID=lLTR_RLGSvm1G00075;Parent=repeat_region_55;Name=TE_00000918;Classification=LTR/Gypsy;Sequence_ontology=SO:0000286;ltr_identity=0.9875;Method=structural;motif=TACA;tsd=GGTGG::Chr03:32188298-32189259(+)
RL000084	ID=lLTR_RLCSvm1G00008;Parent=repeat_region_11;Name=TE_00000675;Classification=LTR/Copia;Sequence_ontology=SO:0000286;ltr_identity=0.9518;Method=structural;motif=TGCA;tsd=GAGAT::Chr01:7010903-7011131(+)
RL000154	ID=lLTR_RLGSvm1G00118;Parent=repeat_region_60;Name=TE_00000912;Classification=LTR/Gypsy;Sequence_ontology=SO:0000286;ltr_identity=0.9243;Method=structural;motif=TGCA;tsd=CACTT::Chr04:36718437-36719136(?)
RL000010	ID=lLTR_RLCSvm1G00211;Parent=repeat_region_30;Name=TE_00000789;Classification=LTR/Copia;Sequence_ontology=SO:0000286;ltr_identity=1.0000;Method=structural;motif=TGCA;tsd=CAACC::Chr07:13190418-13190606(-)
RL000010	ID=lLTR_RLCSvm1G00074;Parent=repeat_region_5;Name=TE_00001120;Classification=LTR/Copia;Sequence_ontology=SO:0000286;ltr_identity=0.9894;Method=structural;motif=TGCA;tsd=CGGAG::Chr03:4472884-4473072(+)
RL000181	ID=lLTR_RLCSvm1G00170;Parent=repeat_region_7;Name=Chr06:2808318..2821804;Classification=LTR/Copia;Sequence_ontology=SO:0000286;ltr_identity=0.9959;Method=structural;motif=TGCA;tsd=AGAA::Chr06:2808318-2808558(-)
RL000121	ID=lLTR_RLCSvm1G00080;Parent=repeat_region_16;Name=TE_00000751;Classification=LTR/Copia;Sequence_ontology=SO:0000286;ltr_identity=0.8896;Method=structural;motif=TGCA;tsd=CTTAC::Chr03:15661966-15663665(-)
RL000164	ID=lLTR_RLCSvm1G00146;Parent=repeat_region_25;Name=TE_00000951;Classification=LTR/Copia;Sequence_ontology=SO:0000286;ltr_identity=0.9847;Method=structural;motif=TGCA;tsd=TCAT::Chr05:16425218-16425480(-)
RL000044	ID=lLTR_RLCSvm1G00079;Parent=repeat_region_13;Name=TE_00000894;Classification=LTR/Copia;Sequence_ontology=SO:0000286;ltr_identity=0.9920;Method=structural;motif=TGCA;tsd=CCGCG::Chr03:12088903-12089027(+)
RL000085	ID=lLTR_RLCSvm1G00009;Parent=repeat_region_12;Name=TE_00000517;Classification=LTR/Copia;Sequence_ontology=SO:0000286;ltr_identity=0.9613;Method=structural;motif=TGCA;tsd=AGAAG::Chr01:8237188-8238573(+)
RL000239	ID=lLTR_RLXSvm1G00065;Parent=repeat_region_2;Name=TE_00001037;Classification=LTR/unknown;Sequence_ontology=SO:0000286;ltr_identity=0.9716;Method=structural;motif=TGCA;tsd=TTATT::Chr09:1842887-1843067(?)
RL000008	ID=lLTR_RLGSvm1G00103;Parent=repeat_region_28;Name=TE_00000886;Classification=LTR/Gypsy;Sequence_ontology=SO:0000286;ltr_identity=0.9980;Method=structural;motif=TGCA;tsd=ATAAG::Chr04:18655716-18656727(+)
RL000034	ID=lLTR_RLGSvm1G00039;Parent=repeat_region_60;Name=TE_00000970;Classification=LTR/Gypsy;Sequence_ontology=SO:0000286;ltr_identity=0.9455;Method=structural;motif=TGCA;tsd=GGTGG::Chr02:22157922-22158955(-)
RL000032	ID=lLTR_RLGSvm1G00202;Parent=repeat_region_44;Name=TE_00000652;Classification=LTR/Gypsy;Sequence_ontology=SO:0000286;ltr_identity=0.9875;Method=structural;motif=TACA;tsd=CGAAG::Chr08:23752627-23753588(-)
RL000034	ID=lLTR_RLGSvm1G00055;Parent=repeat_region_24;Name=TE_00000596;Classification=LTR/Gypsy;Sequence_ontology=SO:0000286;ltr_identity=0.9454;Method=structural;motif=TGCA;tsd=CATAC::Chr03:21126649-21127705(+)
RL000009	ID=lLTR_RLCSvm1G00291;Parent=repeat_region_48;Name=TE_00000723;Classification=LTR/Copia;Sequence_ontology=SO:0000286;ltr_identity=1.0000;Method=structural;motif=TGTA;tsd=ATTTC::Chr09:40257050-40257150(+)
RL000019	ID=lLTR_RLCSvm1G00060;Parent=repeat_region_75;Name=TE_00000522;Classification=LTR/Copia;Sequence_ontology=SO:0000286;ltr_identity=0.9344;Method=structural;motif=TGCA;tsd=ACCAC::Chr02:34558192-34558578(+)
RL000008	ID=lLTR_RLGSvm1G00009;Parent=repeat_region_34;Name=TE_00000741;Classification=LTR/Gypsy;Sequence_ontology=SO:0000286;ltr_identity=0.9882;Method=structural;motif=TGCA;tsd=GTTAG::Chr01:25437117-25438132(+)
RL000168	ID=lLTR_RLCSvm1G00151;Parent=repeat_region_34;Name=TE_00000799;Classification=LTR/Copia;Sequence_ontology=SO:0000286;ltr_identity=0.8640;Method=structural;motif=TGCA;tsd=TGTTT::Chr05:19700766-19701438(-)
RL000005	ID=lLTR_RLCSvm1G00016;Parent=repeat_region_27;Name=TE_00000693;Classification=LTR/Copia;Sequence_ontology=SO:0000286;ltr_identity=0.9621;Method=structural;motif=TGCA;tsd=CCTCT::Chr01:20432427-20433817(-)
RL000055	ID=lLTR_RLGSvm1G00144;Parent=repeat_region_5;Name=TE_00000778;Classification=LTR/Gypsy;Sequence_ontology=SO:0000286;ltr_identity=0.9901;Method=structural;motif=TGCA;tsd=GTGCC::Chr06:2621781-2622693(+)
RL000021	ID=lLTR_RLGSvm1G00018;Parent=repeat_region_14;Name=TE_00001146;Classification=LTR/Gypsy;Sequence_ontology=SO:0000286;ltr_identity=1.0000;Method=structural;motif=TGCA;tsd=TATCC::Chr02:4847552-4847841(+)
RL000005	ID=lLTR_RLCSvm1G00122;Parent=repeat_region_35;Name=TE_00000911;Classification=LTR/Copia;Sequence_ontology=SO:0000286;ltr_identity=0.9462;Method=structural;motif=TGCA;tsd=TTTCC::Chr04:20495900-20497326(+)
RL000082	ID=lLTR_RLXSvm1G00002;Parent=repeat_region_9;Name=TE_00000502;Classification=LTR/unknown;Sequence_ontology=SO:0000286;ltr_identity=0.9683;Method=structural;motif=TGCA;tsd=TGTAC::Chr01:6644183-6644561(?)
RL000155	ID=lLTR_RLXSvm1G00028;Parent=repeat_region_1;Name=TE_00000553;Classification=LTR/unknown;Sequence_ontology=SO:0000286;ltr_identity=0.9532;Method=structural;motif=TGCA;tsd=TTGTT::Chr05:823576-823990(?)
RL000083	ID=lLTR_RLCSvm1G00007;Parent=repeat_region_10;Name=TE_00000603;Classification=LTR/Copia;Sequence_ontology=SO:0000286;ltr_identity=0.9656;Method=structural;motif=TCTC;tsd=CTTCA::Chr01:6892962-6893310(+)
RL000034	ID=lLTR_RLGSvm1G00058;Parent=repeat_region_28;Name=TE_00000601;Classification=LTR/Gypsy;Sequence_ontology=SO:0000286;ltr_identity=0.9461;Method=structural;motif=TGCA;tsd=GGATA::Chr03:25531637-25532697(+)
RL000034	ID=lLTR_RLGSvm1G00085;Parent=repeat_region_74;Name=TE_00000645;Classification=LTR/Gypsy;Sequence_ontology=SO:0000286;ltr_identity=0.9619;Method=structural;motif=TGCA;tsd=GTAGC::Chr03:39832205-39833258(+)
RL000146	ID=lLTR_RLCSvm1G00125;Parent=repeat_region_44;Name=TE_00000805;Classification=LTR/Copia;Sequence_ontology=SO:0000286;ltr_identity=0.9826;Method=structural;motif=TGCA;tsd=TCCCC::Chr04:23814067-23814353(+)
RL000010	ID=lLTR_RLCSvm1G00023;Parent=repeat_region_36;Name=TE_00000662;Classification=LTR/Copia;Sequence_ontology=SO:0000286;ltr_identity=1.0000;Method=structural;motif=TGCA;tsd=GCGGC::Chr01:25904238-25904426(-)
RL000070	ID=lLTR_RLCSvm1G00198;Parent=repeat_region_62;Name=TE_00000722;Classification=LTR/Copia;Sequence_ontology=SO:0000286;ltr_identity=0.9837;Method=structural;motif=TGCA;tsd=CAAAC::Chr06:34619944-34620310(-)
RL000003	ID=lLTR_RLGSvm1G00002;Parent=repeat_region_14;Name=TE_00000700;Classification=LTR/Gypsy;Sequence_ontology=SO:0000286;ltr_identity=0.9756;Method=structural;motif=TGCA;tsd=TTGCT::Chr01:11123911-11124238(-)
RL000017	ID=lLTR_RLGSvm1G00015;Parent=repeat_region_4;Name=TE_00001141;Classification=LTR/Gypsy;Sequence_ontology=SO:0000286;ltr_identity=0.9767;Method=structural;motif=TGCA;tsd=GACAC::Chr02:1336967-1340744(-)
RL000207	ID=lLTR_RLGSvm1G00178;Parent=repeat_region_28;Name=TE_00000730;Classification=LTR/Gypsy;Sequence_ontology=SO:0000286;ltr_identity=0.9742;Method=structural;motif=TGCA;tsd=TCCTT::Chr07:12685272-12687263(-)
RL000027	ID=lLTR_RLGSvm1G00021;Parent=repeat_region_24;Name=TE_00000778;Classification=LTR/Gypsy;Sequence_ontology=SO:0000286;ltr_identity=0.9838;Method=structural;motif=TGCA;tsd=TAA::Chr02:6955407-6956766(+)
RL000086	ID=lLTR_RLXSvm1G00003;Parent=repeat_region_16;Name=TE_00000636;Classification=LTR/unknown;Sequence_ontology=SO:0000286;ltr_identity=0.9543;Method=structural;motif=TGCA;tsd=GGTGG::Chr01:11839256-11839605(?)
RL000014	ID=lLTR_RLCSvm1G00027;Parent=repeat_region_43;Name=TE_00000689;Classification=LTR/Copia;Sequence_ontology=SO:0000286;ltr_identity=0.9796;Method=structural;motif=TGCA;tsd=GAAAT::Chr01:35139743-35141769(-)
RL000034	ID=lLTR_RLGSvm1G00149;Parent=repeat_region_24;Name=TE_00000404;Classification=LTR/Gypsy;Sequence_ontology=SO:0000286;ltr_identity=0.9536;Method=structural;motif=TGCA;tsd=GATAC::Chr06:11149626-11150672(-)
RL000036	ID=lLTR_RLGSvm1G00044;Parent=repeat_region_68;Name=TE_00000554;Classification=LTR/Gypsy;Sequence_ontology=SO:0000286;ltr_identity=0.9887;Method=structural;motif=TGCA;tsd=ACATG::Chr02:26596950-26597655(+)
RL000040	ID=lLTR_RLCSvm1G00138;Parent=repeat_region_8;Name=TE_00000564;Classification=LTR/Copia;Sequence_ontology=SO:0000286;ltr_identity=1.0000;Method=structural;motif=TGCA;tsd=ACGGT::Chr05:7477724-7477999(+)
RL000050	ID=lLTR_RLGSvm1G00086;Parent=repeat_region_75;Name=TE_00000761;Classification=LTR/Gypsy;Sequence_ontology=SO:0000286;ltr_identity=0.9722;Method=structural;motif=TGCA;tsd=TTCCT::Chr03:41107923-41111961(-)
RL000013	ID=lLTR_RLGSvm1G00031;Parent=repeat_region_49;Name=TE_00000879;Classification=LTR/Gypsy;Sequence_ontology=SO:0000286;ltr_identity=0.9761;Method=structural;motif=TGCA;tsd=CCACC::Chr02:18876204-18877256(+)
RL000153	ID=lLTR_RLCSvm1G00129;Parent=repeat_region_53;Name=TE_00000686;Classification=LTR/Copia;Sequence_ontology=SO:0000286;ltr_identity=0.9680;Method=structural;motif=TGCA;tsd=GATGC::Chr04:32019841-32021910(+)
RL000006	ID=lLTR_RLGSvm1G00013;Parent=repeat_region_44;Name=TE_00000510;Classification=LTR/Gypsy;Sequence_ontology=SO:0000286;ltr_identity=0.9835;Method=structural;motif=TGCA;tsd=ACTAC::Chr01:38635819-38636727(+)
RL000104	ID=lLTR_RLCSvm1G00042;Parent=repeat_region_29;Name=TE_00001025;Classification=LTR/Copia;Sequence_ontology=SO:0000286;ltr_identity=0.9950;Method=structural;motif=TGCT;tsd=CCACA::Chr02:9574961-9575159(+)
RL000005	ID=lLTR_RLCSvm1G00149;Parent=repeat_region_32;Name=TE_00000655;Classification=LTR/Copia;Sequence_ontology=SO:0000286;ltr_identity=0.9474;Method=structural;motif=TGCA;tsd=AAAGG::Chr05:18581694-18583068(+)
RL000076	ID=lLTR_RLCSvm1G00001;Parent=repeat_region_2;Name=TE_00000813;Classification=LTR/Copia;Sequence_ontology=SO:0000286;ltr_identity=0.9650;Method=structural;motif=TGCA;tsd=CTGCT::Chr01:2775978-2776263(-)
RL000096	ID=lLTR_RLXSvm1G00007;Parent=repeat_region_3;Name=TE_00000721;Classification=LTR/unknown;Sequence_ontology=SO:0000286;ltr_identity=0.9920;Method=structural;motif=TGCA;tsd=TTTT::Chr02:1314375-1315250(?)
RL000047	ID=lLTR_RLGSvm1G00062;Parent=repeat_region_35;Name=TE_00001101;Classification=LTR/Gypsy;Sequence_ontology=SO:0000286;ltr_identity=0.9614;Method=structural;motif=TGCA;tsd=GATGG::Chr03:29287960-29289114(-)
RL000025	ID=lLTR_RLXSvm1G00010;Parent=repeat_region_21;Name=TE_00001087;Classification=LTR/unknown;Sequence_ontology=SO:0000286;ltr_identity=0.9179;Method=structural;motif=TGCA;tsd=TTAAC::Chr02:6765316-6765595(?)
RL000228	ID=lLTR_RLCSvm1G00242;Parent=repeat_region_47;Name=TE_00001000;Classification=LTR/Copia;Sequence_ontology=SO:0000286;ltr_identity=0.9081;Method=structural;motif=TGCA;tsd=TCTC::Chr08:24338294-24338565(+)
RL000119	ID=lLTR_RLXSvm1G00017;Parent=repeat_region_12;Name=TE_00001069;Classification=LTR/unknown;Sequence_ontology=SO:0000286;ltr_identity=0.9623;Method=structural;motif=TGCA;tsd=GTGTA::Chr03:11548804-11549104(?)
RL000005	ID=lLTR_RLCSvm1G00019;Parent=repeat_region_30;Name=TE_00000698;Classification=LTR/Copia;Sequence_ontology=SO:0000286;ltr_identity=0.9210;Method=structural;motif=TGCA;tsd=CTACA::Chr01:20837845-20839203(+)
RL000140	ID=lLTR_RLGSvm1G00094;Parent=repeat_region_13;Name=TE_00000601;Classification=LTR/Gypsy;Sequence_ontology=SO:0000286;ltr_identity=0.9470;Method=structural;motif=TGCA;tsd=CAGAT::Chr04:10046231-10046551(+)
RL000005	ID=lLTR_RLCSvm1G00047;Parent=repeat_region_39;Name=TE_00000511;Classification=LTR/Copia;Sequence_ontology=SO:0000286;ltr_identity=0.9639;Method=structural;motif=TGCA;tsd=ACATC::Chr02:15458505-15459893(-)
RL000091	ID=lLTR_RLCSvm1G00024;Parent=repeat_region_37;Name=TE_00000661;Classification=LTR/Copia;Sequence_ontology=SO:0000286;ltr_identity=0.9417;Method=structural;motif=TGCA;tsd=AATTC::Chr01:27891991-27892213(-)
RL000015	ID=lLTR_RLGSvm1G00014;Parent=repeat_region_45;Name=TE_00000704;Classification=LTR/Gypsy;Sequence_ontology=SO:0000286;ltr_identity=0.9706;Method=structural;motif=TGCA;tsd=TGATC::Chr01:38741275-38744152(+)
RL000070	ID=lLTR_RLCSvm1G00254;Parent=repeat_region_65;Name=TE_00001036;Classification=LTR/Copia;Sequence_ontology=SO:0000286;ltr_identity=1.0000;Method=structural;motif=TGCA;tsd=ACATA::Chr08:33819225-33819591(+)
RL000009	ID=lLTR_RLXSvm1G00049;Parent=repeat_region_29;Name=TE_00000481;Classification=LTR/unknown;Sequence_ontology=SO:0000286;ltr_identity=1.0000;Method=structural;motif=TGTA;tsd=GTATT::Chr07:12859075-12859176(+)
RL000165	ID=lLTR_RLGSvm1G00128;Parent=repeat_region_28;Name=TE_00000784;Classification=LTR/Gypsy;Sequence_ontology=SO:0000286;ltr_identity=0.9164;Method=structural;motif=TGCA;tsd=ATAAG::Chr05:17279037-17280173(-)
RL000069	ID=lLTR_RLCSvm1G00295;Parent=repeat_region_59;Name=TE_00001084;Classification=LTR/Copia;Sequence_ontology=SO:0000286;ltr_identity=1.0000;Method=structural;motif=TGCA;tsd=CATAA::Chr09:50119079-50119208(-)
RL000016	ID=lLTR_RLCSvm1G00028;Parent=repeat_region_1;Name=TE_00000774;Classification=LTR/Copia;Sequence_ontology=SO:0000286;ltr_identity=1.0000;Method=structural;motif=TGCA;tsd=GGTAC::Chr02:824980-825140(+)
RL000030	ID=lLTR_RLGSvm1G00172;Parent=repeat_region_17;Name=TE_00000472;Classification=LTR/Gypsy;Sequence_ontology=SO:0000286;ltr_identity=0.9277;Method=structural;motif=TGCA;tsd=CATGG::Chr07:7575460-7576066(-)
RL000005	ID=lLTR_RLCSvm1G00184;Parent=repeat_region_36;Name=TE_00000399;Classification=LTR/Copia;Sequence_ontology=SO:0000286;ltr_identity=0.9606;Method=structural;motif=TGCA;tsd=CCACA::Chr06:17627092-17628486(-)
RL000110	ID=lLTR_RLGSvm1G00036;Parent=repeat_region_56;Name=TE_00000607;Classification=LTR/Gypsy;Sequence_ontology=SO:0000286;ltr_identity=0.9485;Method=structural;motif=TGCA;tsd=TGTA::Chr02:20309804-20309939(-)
RL000245	ID=lLTR_RLCSvm1G00277;Parent=repeat_region_18;Name=TE_00000880;Classification=LTR/Copia;Sequence_ontology=SO:0000286;ltr_identity=0.9831;Method=structural;motif=TGCA;tsd=TCTTC::Chr09:22368835-22369070(+)
RL000023	ID=lLTR_RLXSvm1G00009;Parent=repeat_region_17;Name=TE_00001013;Classification=LTR/unknown;Sequence_ontology=SO:0000286;ltr_identity=0.9521;Method=structural;motif=TACA;tsd=TACTC::Chr02:5816151-5816299(+)
RL000005	ID=lLTR_RLCSvm1G00208;Parent=repeat_region_20;Name=TE_00000463;Classification=LTR/Copia;Sequence_ontology=SO:0000286;ltr_identity=0.9617;Method=structural;motif=TGCA;tsd=TTGAG::Chr07:9332022-9333390(-)
RL000005	ID=lLTR_RLCSvm1G00056;Parent=repeat_region_64;Name=TE_00000511;Classification=LTR/Copia;Sequence_ontology=SO:0000286;ltr_identity=0.9481;Method=structural;motif=TGCA;tsd=CCGAC::Chr02:22572228-22573605(+)
RL000098	ID=lLTR_RLCSvm1G00031;Parent=repeat_region_9;Name=TE_00001116;Classification=LTR/Copia;Sequence_ontology=SO:0000286;ltr_identity=0.9947;Method=structural;motif=TGCA;tsd=CAGAA::Chr02:2852356-2852735(-)
RL000087	ID=lLTR_RLCSvm1G00012;Parent=repeat_region_17;Name=TE_00000817;Classification=LTR/Copia;Sequence_ontology=SO:0000286;ltr_identity=0.9548;Method=structural;motif=TGCA;tsd=ATCAT::Chr01:12607780-12608115(-)
RL000145	ID=lLTR_RLGSvm1G00105;Parent=repeat_region_32;Name=TE_00000494;Classification=LTR/Gypsy;Sequence_ontology=SO:0000286;ltr_identity=0.9175;Method=structural;motif=TGCA;tsd=TCCTC::Chr04:20125245-20125741(+)
RL000034	ID=lLTR_RLGSvm1G00132;Parent=repeat_region_38;Name=TE_00000929;Classification=LTR/Gypsy;Sequence_ontology=SO:0000286;ltr_identity=0.9259;Method=structural;motif=TGCA;tsd=AGTTC::Chr05:21280670-21281726(+)
RL000017	ID=lLTR_RLGSvm1G00016;Parent=repeat_region_6;Name=TE_00000660;Classification=LTR/Gypsy;Sequence_ontology=SO:0000286;ltr_identity=0.9768;Method=structural;motif=TGCA;tsd=CCGAC::Chr02:1835976-1839934(-)
RL000027	ID=lLTR_RLGSvm1G00020;Parent=repeat_region_23;Name=TE_00000778;Classification=LTR/Gypsy;Sequence_ontology=SO:0000286;ltr_identity=0.9845;Method=structural;motif=TGCA;tsd=TAATC::Chr02:6954037-6955402(+)
RL000008	ID=lLTR_RLGSvm1G00136;Parent=repeat_region_43;Name=TE_00000510;Classification=LTR/Gypsy;Sequence_ontology=SO:0000286;ltr_identity=0.9567;Method=structural;motif=TGCA;tsd=GAGTG::Chr05:22503758-22504773(-)
RL000127	ID=lLTR_RLGSvm1G00074;Parent=repeat_region_54;Name=TE_00000760;Classification=LTR/Gypsy;Sequence_ontology=SO:0000286;ltr_identity=0.9914;Method=structural;motif=TACC;tsd=ATGAA::Chr03:31993753-31996070(-)
RL000123	ID=lLTR_RLGSvm1G00053;Parent=repeat_region_20;Name=TE_00000754;Classification=LTR/Gypsy;Sequence_ontology=SO:0000286;ltr_identity=0.9152;Method=structural;motif=TGCA;tsd=GGCAC::Chr03:17696849-17697297(?)
RL000023	ID=lLTR_RLGSvm1G00142;Parent=repeat_region_55;Name=TE_00001024;Classification=LTR/Gypsy;Sequence_ontology=SO:0000286;ltr_identity=0.9592;Method=structural;motif=TACA;tsd=ATCTC::Chr05:29559538-29559685(+)
RL000046	ID=lLTR_RLXSvm1G00020;Parent=repeat_region_23;Name=TE_00000898;Classification=LTR/unknown;Sequence_ontology=SO:0000286;ltr_identity=0.9615;Method=structural;motif=TGCA;tsd=AGGTA::Chr03:20293111-20293292(?)
RL000005	ID=lLTR_RLCSvm1G00049;Parent=repeat_region_44;Name=TE_00000511;Classification=LTR/Copia;Sequence_ontology=SO:0000286;ltr_identity=0.9508;Method=structural;motif=TGCA;tsd=GGCAC::Chr02:17455468-17456850(+)
RL000089	ID=lLTR_RLCSvm1G00021;Parent=repeat_region_33;Name=TE_00000890;Classification=LTR/Copia;Sequence_ontology=SO:0000286;ltr_identity=0.9919;Method=structural;motif=TGCA;tsd=TAATT::Chr01:23472214-23472585(-)
RL000236	ID=lLTR_RLGSvm1G00209;Parent=repeat_region_72;Name=TE_00000829;Classification=LTR/Gypsy;Sequence_ontology=SO:0000286;ltr_identity=1.0000;Method=structural;motif=TGCA;tsd=GCCTC::Chr08:35735384-35735690(-)
RL000011	ID=lLTR_RLCSvm1G00033;Parent=repeat_region_11;Name=TE_00000671;Classification=LTR/Copia;Sequence_ontology=SO:0000286;ltr_identity=0.9752;Method=structural;motif=TGCA;tsd=ACTAC::Chr02:3473115-3473235(-)
RL000152	ID=lLTR_RLCSvm1G00128;Parent=repeat_region_52;Name=TE_00000745;Classification=LTR/Copia;Sequence_ontology=SO:0000286;ltr_identity=0.9735;Method=structural;motif=TGCA;tsd=GGAAT::Chr04:31653035-31653713(-)
RL000008	ID=lLTR_RLGSvm1G00107;Parent=repeat_region_36;Name=TE_00000886;Classification=LTR/Gypsy;Sequence_ontology=SO:0000286;ltr_identity=0.9842;Method=structural;motif=TGCA;tsd=TGTGT::Chr04:21265909-21266933(+)
RL000038	ID=lLTR_RLGSvm1G00047;Parent=repeat_region_77;Name=TE_00001118;Classification=LTR/Gypsy;Sequence_ontology=SO:0000286;ltr_identity=0.9953;Method=structural;motif=TGCA;tsd=ATACG::Chr02:35595769-35596410(?)
RL000022	ID=lLTR_RLCSvm1G00035;Parent=repeat_region_15;Name=TE_00000593;Classification=LTR/Copia;Sequence_ontology=SO:0000286;ltr_identity=0.9499;Method=structural;motif=TGCA;tsd=ACTTT::Chr02:5045329-5045778(-)
RL000107	ID=lLTR_RLGSvm1G00027;Parent=repeat_region_38;Name=TE_00000934;Classification=LTR/Gypsy;Sequence_ontology=SO:0000286;ltr_identity=0.9345;Method=structural;motif=TGCA;tsd=CCTAA::Chr02:15310938-15314073(+)
RL000099	ID=lLTR_RLCSvm1G00034;Parent=repeat_region_12;Name=TE_00000741;Classification=LTR/Copia;Sequence_ontology=SO:0000286;ltr_identity=0.9677;Method=structural;motif=TGCA;tsd=TTCTA::Chr02:4266472-4266873(-)
RL000210	ID=lLTR_RLCSvm1G00218;Parent=repeat_region_43;Name=TE_00000678;Classification=LTR/Copia;Sequence_ontology=SO:0000286;ltr_identity=0.9177;Method=structural;motif=TGCA;tsd=GTTGC::Chr07:22961666-22961824(+)
RL000005	ID=lLTR_RLCSvm1G00090;Parent=repeat_region_44;Name=TE_00000571;Classification=LTR/Copia;Sequence_ontology=SO:0000286;ltr_identity=0.9677;Method=structural;motif=TGCA;tsd=AAGCA::Chr03:30555669-30557062(+)
RL000100	ID=lLTR_RLCSvm1G00036;Parent=repeat_region_16;Name=TE_00000741;Classification=LTR/Copia;Sequence_ontology=SO:0000286;ltr_identity=0.9933;Method=structural;motif=TGCA;tsd=AGCAG::Chr02:5053393-5053840(+)
RL000038	ID=lLTR_RLGSvm1G00124;Parent=repeat_region_20;Name=TE_00000658;Classification=LTR/Gypsy;Sequence_ontology=SO:0000286;ltr_identity=0.9765;Method=structural;motif=TGCA;tsd=ATTTT::Chr05:14178288-14178929(?)
RL000020	ID=lLTR_RLXSvm1G00008;Parent=repeat_region_13;Name=TE_00000929;Classification=LTR/unknown;Sequence_ontology=SO:0000286;ltr_identity=0.8925;Method=structural;motif=TGCA;tsd=CGAGG::Chr02:4732386-4732814(?)
RL000013	ID=lLTR_RLGSvm1G00180;Parent=repeat_region_37;Name=TE_00000691;Classification=LTR/Gypsy;Sequence_ontology=SO:0000286;ltr_identity=0.9653;Method=structural;motif=TGCA;tsd=ACTCT::Chr07:14524621-14525686(-)
RL000102	ID=lLTR_RLXSvm1G00011;Parent=repeat_region_25;Name=TE_00001072;Classification=LTR/unknown;Sequence_ontology=SO:0000286;ltr_identity=0.9266;Method=structural;motif=TGCA;tsd=GGCC::Chr02:7567877-7567985(?)
RL000030	ID=lLTR_RLGSvm1G00152;Parent=repeat_region_29;Name=TE_00000791;Classification=LTR/Gypsy;Sequence_ontology=SO:0000286;ltr_identity=0.9672;Method=structural;motif=TGCA;tsd=CCTAT::Chr06:14648143-14648737(-)
RL000023	ID=lLTR_RLCSvm1G00078;Parent=repeat_region_11;Name=TE_00000977;Classification=LTR/Copia;Sequence_ontology=SO:0000286;ltr_identity=0.9728;Method=structural;motif=TACA;tsd=GTTAT::Chr03:11542865-11543013(-)
RL000030	ID=lLTR_RLXSvm1G00021;Parent=repeat_region_45;Name=Chr03:30590244..30597046;Classification=LTR/unknown;Sequence_ontology=SO:0000286;ltr_identity=0.9567;Method=structural;motif=TGCA;tsd=ACCAA::Chr03:30590244-30590819(?)
RL000078	ID=lLTR_RLCSvm1G00003;Parent=repeat_region_4;Name=TE_00000960;Classification=LTR/Copia;Sequence_ontology=SO:0000286;ltr_identity=0.9492;Method=structural;motif=TGCA;tsd=CTTAG::Chr01:3529229-3530595(-)
RL000065	ID=lLTR_RLCSvm1G00166;Parent=repeat_region_1;Name=TE_00000447;Classification=LTR/Copia;Sequence_ontology=SO:0000286;ltr_identity=0.9848;Method=structural;motif=TGCA;tsd=TGTAT::Chr06:476438-476701(+)
RL000004	ID=lLTR_RLCSvm1G00011;Parent=repeat_region_15;Name=TE_00000685;Classification=LTR/Copia;Sequence_ontology=SO:0000286;ltr_identity=0.9503;Method=structural;motif=TGCA;tsd=ACCAC::Chr01:11160817-11161611(+)
RL000022	ID=lLTR_RLCSvm1G00144;Parent=repeat_region_19;Name=TE_00000551;Classification=LTR/Copia;Sequence_ontology=SO:0000286;ltr_identity=0.9714;Method=structural;motif=TGCA;tsd=CAAAC::Chr05:13749693-13750146(+)
RL000024	ID=lLTR_RLCSvm1G00037;Parent=repeat_region_18;Name=TE_00000904;Classification=LTR/Copia;Sequence_ontology=SO:0000286;ltr_identity=0.9609;Method=structural;motif=TGCA;tsd=ATTTT::Chr02:5939667-5939794(-)
RL000067	ID=lLTR_RLXSvm1G00044;Parent=repeat_region_50;Name=TE_00000823;Classification=LTR/unknown;Sequence_ontology=SO:0000286;ltr_identity=0.9669;Method=structural;motif=TGCA;tsd=AAGAC::Chr06:23273572-23273723(?)
RL000026	ID=lLTR_RLGSvm1G00019;Parent=repeat_region_22;Name=TE_00001102;Classification=LTR/Gypsy;Sequence_ontology=SO:0000286;ltr_identity=0.9519;Method=structural;motif=TGCA;tsd=ACCGC::Chr02:6825914-6826351(+)
RL000079	ID=lLTR_RLXSvm1G00001;Parent=repeat_region_6;Name=TE_00000577;Classification=LTR/unknown;Sequence_ontology=SO:0000286;ltr_identity=0.8957;Method=structural;motif=TGCA;tsd=AAGAG::Chr01:4368684-4369175(?)
RL000007	ID=lLTR_RLGSvm1G00007;Parent=repeat_region_24;Name=TE_00000739;Classification=LTR/Gypsy;Sequence_ontology=SO:0000286;ltr_identity=0.9828;Method=structural;motif=TGCA;tsd=TGTG::Chr01:18737152-18738082(+)
RL000005	ID=lLTR_RLCSvm1G00123;Parent=repeat_region_38;Name=TE_00000911;Classification=LTR/Copia;Sequence_ontology=SO:0000286;ltr_identity=0.9625;Method=structural;motif=TGCA;tsd=AAAAT::Chr04:22008978-22010368(+)
RL000005	ID=lLTR_RLCSvm1G00148;Parent=repeat_region_31;Name=TE_00000655;Classification=LTR/Copia;Sequence_ontology=SO:0000286;ltr_identity=0.9479;Method=structural;motif=TGCA;tsd=ATAAC::Chr05:18426655-18428059(-)
RL000007	ID=lLTR_RLGSvm1G00004;Parent=repeat_region_20;Name=TE_00000739;Classification=LTR/Gypsy;Sequence_ontology=SO:0000286;ltr_identity=0.9774;Method=structural;motif=TGCA;tsd=ATATG::Chr01:15005897-15006826(+)
RL000021	ID=lLTR_RLGSvm1G00025;Parent=repeat_region_34;Name=TE_00000856;Classification=LTR/Gypsy;Sequence_ontology=SO:0000286;ltr_identity=0.9966;Method=structural;motif=TGCA;tsd=CCAAG::Chr02:11973295-11973584(+)
RL000039	ID=lLTR_RLCSvm1G00063;Parent=repeat_region_79;Name=TE_00000508;Classification=LTR/Copia;Sequence_ontology=SO:0000286;ltr_identity=0.9943;Method=structural;motif=TGCA;tsd=ATGCC::Chr02:36358853-36359028(+)
RL000005	ID=lLTR_RLCSvm1G00048;Parent=repeat_region_43;Name=TE_00000629;Classification=LTR/Copia;Sequence_ontology=SO:0000286;ltr_identity=0.9590;Method=structural;motif=TGCA;tsd=GATGT::Chr02:16532881-16534275(+)
RL000128	ID=lLTR_RLGSvm1G00077;Parent=repeat_region_57;Name=TE_00001078;Classification=LTR/Gypsy;Sequence_ontology=SO:0000286;ltr_identity=0.9523;Method=structural;motif=TGCA;tsd=GTTCC::Chr03:32363136-32364469(+)
RL000008	ID=lLTR_RLGSvm1G00102;Parent=repeat_region_26;Name=TE_00000493;Classification=LTR/Gypsy;Sequence_ontology=SO:0000286;ltr_identity=0.8955;Method=structural;motif=TGCA;tsd=AGAGA::Chr04:17971237-17972254(+)
RL000022	ID=lLTR_RLCSvm1G00044;Parent=repeat_region_31;Name=TE_00000919;Classification=LTR/Copia;Sequence_ontology=SO:0000286;ltr_identity=0.9510;Method=structural;motif=TGCA;tsd=CTATA::Chr02:10041031-10041498(-)
RL000012	ID=lLTR_RLGSvm1G00010;Parent=repeat_region_40;Name=TE_00000795;Classification=LTR/Gypsy;Sequence_ontology=SO:0000286;ltr_identity=0.9808;Method=structural;motif=TGCA;tsd=GTGGA::Chr01:30966940-30967305(+)
RL000105	ID=lLTR_RLGSvm1G00023;Parent=repeat_region_32;Name=TE_00000778;Classification=LTR/Gypsy;Sequence_ontology=SO:0000286;ltr_identity=0.9944;Method=structural;motif=TGCA;tsd=GATAG::Chr02:10116329-10116508(?)
RL000005	ID=lLTR_RLCSvm1G00084;Parent=repeat_region_27;Name=TE_00000960;Classification=LTR/Copia;Sequence_ontology=SO:0000286;ltr_identity=0.9531;Method=structural;motif=TGCA;tsd=ACAC::Chr03:24650301-24651707(+)
RL000005	ID=lLTR_RLCSvm1G00086;Parent=repeat_region_33;Name=TE_00001040;Classification=LTR/Copia;Sequence_ontology=SO:0000286;ltr_identity=0.9665;Method=structural;motif=TGCA;tsd=TGTCT::Chr03:28691261-28692671(-)
RL000005	ID=lLTR_RLCSvm1G00087;Parent=repeat_region_34;Name=TE_00000960;Classification=LTR/Copia;Sequence_ontology=SO:0000286;ltr_identity=0.9487;Method=structural;motif=TGCA;tsd=TGGAC::Chr03:29081293-29082650(+)
RL000005	ID=lLTR_RLCSvm1G00115;Parent=repeat_region_18;Name=TE_00000911;Classification=LTR/Copia;Sequence_ontology=SO:0000286;ltr_identity=0.9417;Method=structural;motif=TGCA;tsd=CTCCT::Chr04:13295246-13296644(+)
RL000005	ID=lLTR_RLCSvm1G00088;Parent=repeat_region_36;Name=TE_00000960;Classification=LTR/Copia;Sequence_ontology=SO:0000286;ltr_identity=0.9515;Method=structural;motif=TGCA;tsd=CTGT::Chr03:29346685-29348058(-)
RL000156	ID=lLTR_RLGSvm1G00119;Parent=repeat_region_2;Name=TE_00000782;Classification=LTR/Gypsy;Sequence_ontology=SO:0000286;ltr_identity=0.9898;Method=structural;motif=TGCA;tsd=GATGT::Chr05:1016487-1019138(+)
RL000113	ID=lLTR_RLGSvm1G00046;Parent=repeat_region_74;Name=TE_00000551;Classification=LTR/Gypsy;Sequence_ontology=SO:0000286;ltr_identity=0.8884;Method=structural;motif=TGCA;tsd=ATCAG::Chr02:33575550-33575996(?)
RL000008	ID=lLTR_RLXSvm1G00029;Parent=repeat_region_4;Name=TE_00000510;Classification=LTR/unknown;Sequence_ontology=SO:0000286;ltr_identity=0.9123;Method=structural;motif=TGCA;tsd=TCTGG::Chr05:3181675-3182689(?)
RL000007	ID=lLTR_RLGSvm1G00063;Parent=repeat_region_37;Name=TE_00000584;Classification=LTR/Gypsy;Sequence_ontology=SO:0000286;ltr_identity=0.9882;Method=structural;motif=TGCA;tsd=GGTCC::Chr03:29629991-29630921(-)
RL000195	ID=lLTR_RLCSvm1G00189;Parent=repeat_region_44;Name=TE_00000846;Classification=LTR/Copia;Sequence_ontology=SO:0000286;ltr_identity=0.9595;Method=structural;motif=TGAC;tsd=CTCCA::Chr06:18796859-18797104(-)
RL000030	ID=lLTR_RLGSvm1G00064;Parent=repeat_region_38;Name=Chr03:29846305..29853120;Classification=LTR/Gypsy;Sequence_ontology=SO:0000286;ltr_identity=0.9645;Method=structural;motif=TGAG;tsd=GTTAT::Chr03:29846305-29846890(+)
RL000029	ID=lLTR_RLCSvm1G00041;Parent=repeat_region_28;Name=TE_00000752;Classification=LTR/Copia;Sequence_ontology=SO:0000286;ltr_identity=0.9789;Method=structural;motif=TGCA;tsd=TTTAT::Chr02:9490333-9490474(+)
RL000030	ID=lLTR_RLGSvm1G00067;Parent=repeat_region_41;Name=TE_00000620;Classification=LTR/Gypsy;Sequence_ontology=SO:0000286;ltr_identity=0.9558;Method=structural;motif=TGCA;tsd=CACTT::Chr03:30163366-30164013(+)
RL000002	ID=lLTR_RLCSvm1G00222;Parent=repeat_region_47;Name=TE_00000469;Classification=LTR/Copia;Sequence_ontology=SO:0000286;ltr_identity=0.9783;Method=structural;motif=TGCA;tsd=CAAAG::Chr07:30598284-30599445(-)
RL000005	ID=lLTR_RLCSvm1G00089;Parent=repeat_region_43;Name=TE_00001085;Classification=LTR/Copia;Sequence_ontology=SO:0000286;ltr_identity=0.9563;Method=structural;motif=TGCA;tsd=TCCTA::Chr03:30452797-30454204(+)
RL000008	ID=lLTR_RLGSvm1G00069;Parent=repeat_region_46;Name=TE_00000987;Classification=LTR/Gypsy;Sequence_ontology=SO:0000286;ltr_identity=0.9536;Method=structural;motif=TGCA;tsd=GAAGA::Chr03:31001332-31002346(+)
RL000017	ID=lLTR_RLGSvm1G00213;Parent=repeat_region_83;Name=TE_00000849;Classification=LTR/Gypsy;Sequence_ontology=SO:0000286;ltr_identity=0.9804;Method=structural;motif=TGCA;tsd=AGCAG::Chr08:41429133-41433104(+)
RL000005	ID=lLTR_RLCSvm1G00203;Parent=repeat_region_9;Name=TE_00000463;Classification=LTR/Copia;Sequence_ontology=SO:0000286;ltr_identity=0.9411;Method=structural;motif=TGCA;tsd=TTGAT::Chr07:4868850-4870252(-)
RL000026	ID=lLTR_RLGSvm1G00072;Parent=repeat_region_51;Name=TE_00000518;Classification=LTR/Gypsy;Sequence_ontology=SO:0000286;ltr_identity=0.9327;Method=structural;motif=TGCA;tsd=GGGTA::Chr03:31476150-31476567(?)
RL000022	ID=lLTR_RLCSvm1G00163;Parent=repeat_region_62;Name=TE_00000627;Classification=LTR/Copia;Sequence_ontology=SO:0000286;ltr_identity=0.9048;Method=structural;motif=TGCA;tsd=ATAAC::Chr05:39523508-39523972(-)
RL000008	ID=lLTR_RLGSvm1G00131;Parent=repeat_region_36;Name=TE_00000510;Classification=LTR/Gypsy;Sequence_ontology=SO:0000286;ltr_identity=0.9575;Method=structural;motif=TGCA;tsd=TTTTA::Chr05:20979342-20980353(+)
RL000030	ID=lLTR_RLGSvm1G00073;Parent=repeat_region_53;Name=Chr03:31888628..31895449;Classification=LTR/Gypsy;Sequence_ontology=SO:0000286;ltr_identity=0.9612;Method=structural;motif=TGCA;tsd=CCTAG::Chr03:31888628-31889239(-)
RL000013	ID=lLTR_RLGSvm1G00011;Parent=repeat_region_41;Name=TE_00000658;Classification=LTR/Gypsy;Sequence_ontology=SO:0000286;ltr_identity=0.9592;Method=structural;motif=TGCA;tsd=GGTAT::Chr01:31938317-31939389(-)
RL000005	ID=lLTR_RLCSvm1G00094;Parent=repeat_region_59;Name=TE_00000772;Classification=LTR/Copia;Sequence_ontology=SO:0000286;ltr_identity=0.9432;Method=structural;motif=TGCA;tsd=NA::Chr03:32666577-32667989(+)
RL000030	ID=lLTR_RLGSvm1G00079;Parent=repeat_region_61;Name=Chr03:32849233..32855227;Classification=LTR/Gypsy;Sequence_ontology=SO:0000286;ltr_identity=0.9432;Method=structural;motif=TGCA;tsd=TAGAG::Chr03:32849233-32849832(-)
RL000063	ID=lLTR_RLCSvm1G00191;Parent=repeat_region_52;Name=TE_00000478;Classification=LTR/Copia;Sequence_ontology=SO:0000286;ltr_identity=0.9572;Method=structural;motif=TGCA;tsd=CTTGT::Chr06:24923724-24923980(+)
RL000032	ID=lLTR_RLGSvm1G00065;Parent=repeat_region_39;Name=TE_00001105;Classification=LTR/Gypsy;Sequence_ontology=SO:0000286;ltr_identity=0.9823;Method=structural;motif=TACA;tsd=TTAGC::Chr03:29975675-29976638(-)
RL000013	ID=lLTR_RLGSvm1G00080;Parent=repeat_region_62;Name=TE_00000662;Classification=LTR/Gypsy;Sequence_ontology=SO:0000286;ltr_identity=0.9710;Method=structural;motif=TGCA;tsd=ACTAG::Chr03:33835638-33836690(-)
RL000044	ID=lLTR_RLCSvm1G00155;Parent=repeat_region_50;Name=TE_00000823;Classification=LTR/Copia;Sequence_ontology=SO:0000286;ltr_identity=0.9920;Method=structural;motif=TGCA;tsd=AACCC::Chr05:26224839-26224963(+)
RL000051	ID=lLTR_RLCSvm1G00209;Parent=repeat_region_24;Name=TE_00000854;Classification=LTR/Copia;Sequence_ontology=SO:0000286;ltr_identity=0.9929;Method=structural;motif=TGCA;tsd=CCTTC::Chr07:11517264-11517689(+)
RL000025	ID=lLTR_RLXSvm1G00022;Parent=repeat_region_63;Name=TE_00001063;Classification=LTR/unknown;Sequence_ontology=SO:0000286;ltr_identity=0.9502;Method=structural;motif=TGCA;tsd=GAGCT::Chr03:34011964-34012244(?)
RL000133	ID=lLTR_RLCSvm1G00110;Parent=repeat_region_5;Name=TE_00000686;Classification=LTR/Copia;Sequence_ontology=SO:0000286;ltr_identity=0.9754;Method=structural;motif=TGCA;tsd=CTTAC::Chr04:5338239-5340304(-)
RL000142	ID=lLTR_RLGSvm1G00096;Parent=repeat_region_16;Name=TE_00000578;Classification=LTR/Gypsy;Sequence_ontology=SO:0000286;ltr_identity=0.9448;Method=structural;motif=TGCA;tsd=AAATC::Chr04:11161810-11162170(+)
RL000175	ID=lLTR_RLCSvm1G00159;Parent=repeat_region_56;Name=TE_00000490;Classification=LTR/Copia;Sequence_ontology=SO:0000286;ltr_identity=0.9921;Method=structural;motif=TGCA;tsd=TTCAA::Chr05:32029364-32029617(-)
RL000008	ID=lLTR_RLGSvm1G00081;Parent=repeat_region_64;Name=TE_00001108;Classification=LTR/Gypsy;Sequence_ontology=SO:0000286;ltr_identity=0.9822;Method=structural;motif=TGCA;tsd=CCCCA::Chr03:34337618-34338634(-)
RL000007	ID=lLTR_RLGSvm1G00120;Parent=repeat_region_3;Name=TE_00000702;Classification=LTR/Gypsy;Sequence_ontology=SO:0000286;ltr_identity=0.9796;Method=structural;motif=TGCA;tsd=CTGTT::Chr05:1248697-1249628(+)
RL000011	ID=lLTR_RLCSvm1G00030;Parent=repeat_region_7;Name=TE_00001045;Classification=LTR/Copia;Sequence_ontology=SO:0000286;ltr_identity=0.9675;Method=structural;motif=TGCA;tsd=ACACG::Chr02:2148209-2148331(-)
RL000030	ID=lLTR_RLGSvm1G00082;Parent=repeat_region_65;Name=Chr03:34381309..34388039;Classification=LTR/Gypsy;Sequence_ontology=SO:0000286;ltr_identity=0.9748;Method=structural;motif=TGCA;tsd=GCTTG::Chr03:34381309-34381952(+)
RL000028	ID=lLTR_RLCSvm1G00040;Parent=repeat_region_27;Name=TE_00001035;Classification=LTR/Copia;Sequence_ontology=SO:0000286;ltr_identity=1.0000;Method=structural;motif=TGCA;tsd=GTGGA::Chr02:9460273-9460683(+)
RL000005	ID=lLTR_RLCSvm1G00098;Parent=repeat_region_68;Name=TE_00000960;Classification=LTR/Copia;Sequence_ontology=SO:0000286;ltr_identity=0.9569;Method=structural;motif=TGCA;tsd=AAATA::Chr03:35684838-35686225(-)
RL000257	ID=lLTR_RLGSvm1G00227;Parent=repeat_region_39;Name=TE_00001008;Classification=LTR/Gypsy;Sequence_ontology=SO:0000286;ltr_identity=0.9151;Method=structural;motif=TGCA;tsd=ATTTG::Chr09:31791700-31794903(-)
RL000006	ID=lLTR_RLGSvm1G00083;Parent=repeat_region_69;Name=TE_00000593;Classification=LTR/Gypsy;Sequence_ontology=SO:0000286;ltr_identity=0.9770;Method=structural;motif=TGCA;tsd=GGAAT::Chr03:35849700-35850612(-)
RL000136	ID=lLTR_RLGSvm1G00090;Parent=repeat_region_8;Name=TE_00000691;Classification=LTR/Gypsy;Sequence_ontology=SO:0000286;ltr_identity=0.9269;Method=structural;motif=TGCA;tsd=CCTTG::Chr04:8115286-8116325(-)
RL000022	ID=lLTR_RLCSvm1G00108;Parent=repeat_region_1;Name=TE_00000842;Classification=LTR/Copia;Sequence_ontology=SO:0000286;ltr_identity=0.9705;Method=structural;motif=TGCA;tsd=GACAT::Chr04:135456-135906(-)
RL000159	ID=lLTR_RLCSvm1G00142;Parent=repeat_region_15;Name=TE_00000955;Classification=LTR/Copia;Sequence_ontology=SO:0000286;ltr_identity=0.9932;Method=structural;motif=TGCA;tsd=GGTGT::Chr05:12334805-12334951(-)
RL000007	ID=lLTR_RLGSvm1G00117;Parent=repeat_region_55;Name=TE_00000690;Classification=LTR/Gypsy;Sequence_ontology=SO:0000286;ltr_identity=0.9774;Method=structural;motif=TGCA;tsd=AACAT::Chr04:33173276-33174206(-)
RL000022	ID=lLTR_RLCSvm1G00101;Parent=repeat_region_73;Name=TE_00000643;Classification=LTR/Copia;Sequence_ontology=SO:0000286;ltr_identity=0.9636;Method=structural;motif=TGCA;tsd=CTGTG::Chr03:37373967-37374415(-)
RL000224	ID=lLTR_RLGSvm1G00194;Parent=repeat_region_32;Name=TE_00001094;Classification=LTR/Gypsy;Sequence_ontology=SO:0000286;ltr_identity=0.9462;Method=structural;motif=TGCA;tsd=TAAAG::Chr08:19677184-19677462(-)
RL000069	ID=lLTR_RLCSvm1G00195;Parent=repeat_region_58;Name=TE_00000666;Classification=LTR/Copia;Sequence_ontology=SO:0000286;ltr_identity=0.9846;Method=structural;motif=TGCA;tsd=ATGCC::Chr06:30638684-30638813(-)
RL000028	ID=lLTR_RLCSvm1G00102;Parent=repeat_region_76;Name=TE_00000873;Classification=LTR/Copia;Sequence_ontology=SO:0000286;ltr_identity=1.0000;Method=structural;motif=TGCA;tsd=TTCAA::Chr03:41222388-41222798(+)
RL000061	ID=lLTR_RLXSvm1G00060;Parent=repeat_region_43;Name=TE_00000854;Classification=LTR/unknown;Sequence_ontology=SO:0000286;ltr_identity=1.0000;Method=structural;motif=TGCA;tsd=TGAAC::Chr08:22918708-22918867(+)
RL000034	ID=lLTR_RLGSvm1G00087;Parent=repeat_region_78;Name=TE_00000793;Classification=LTR/Gypsy;Sequence_ontology=SO:0000286;ltr_identity=0.9276;Method=structural;motif=TGCA;tsd=GCTCC::Chr03:42330260-42331310(-)
RL000005	ID=lLTR_RLCSvm1G00273;Parent=repeat_region_11;Name=TE_00000717;Classification=LTR/Copia;Sequence_ontology=SO:0000286;ltr_identity=0.9548;Method=structural;motif=TGCA;tsd=CAGCA::Chr09:13262241-13263643(+)
RL000018	ID=lLTR_RLGSvm1G00088;Parent=repeat_region_80;Name=TE_00000837;Classification=LTR/Gypsy;Sequence_ontology=SO:0000286;ltr_identity=0.9814;Method=structural;motif=TGCA;tsd=GACAG::Chr03:45270477-45272633(+)
RL000132	ID=lLTR_RLGSvm1G00089;Parent=repeat_region_81;Name=TE_00000654;Classification=LTR/Gypsy;Sequence_ontology=SO:0000286;ltr_identity=0.9420;Method=structural;motif=TGCA;tsd=CATTG::Chr03:46143838-46144477(+)
RL000052	ID=lLTR_RLCSvm1G00107;Parent=repeat_region_84;Name=TE_00000926;Classification=LTR/Copia;Sequence_ontology=SO:0000286;ltr_identity=1.0000;Method=structural;motif=TGCA;tsd=CTAAG::Chr03:49179961-49180076(-)
RL000053	ID=lLTR_RLXSvm1G00023;Parent=repeat_region_2;Name=TE_00000565;Classification=LTR/unknown;Sequence_ontology=SO:0000286;ltr_identity=0.9487;Method=structural;motif=TGCA;tsd=TATAC::Chr04:2961269-2961424(?)
RL000054	ID=lLTR_RLXSvm1G00024;Parent=repeat_region_3;Name=TE_00000855;Classification=LTR/unknown;Sequence_ontology=SO:0000286;ltr_identity=0.9651;Method=structural;motif=TGCA;tsd=AGTTC::Chr04:3254127-3254298(?)
RL000134	ID=lLTR_RLCSvm1G00111;Parent=repeat_region_6;Name=TE_00000736;Classification=LTR/Copia;Sequence_ontology=SO:0000286;ltr_identity=0.9652;Method=structural;motif=TGCA;tsd=CTCTT::Chr04:5869115-5869236(-)
RL000137	ID=lLTR_RLGSvm1G00091;Parent=repeat_region_9;Name=TE_00000459;Classification=LTR/Gypsy;Sequence_ontology=SO:0000286;ltr_identity=0.9274;Method=structural;motif=TGCA;tsd=GCTAT::Chr04:8379832-8380882(?)
RL000138	ID=lLTR_RLGSvm1G00092;Parent=repeat_region_10;Name=TE_00000775;Classification=LTR/Gypsy;Sequence_ontology=SO:0000286;ltr_identity=0.9512;Method=structural;motif=TGCA;tsd=ATCAA::Chr04:8408668-8411350(+)
RL000005	ID=lLTR_RLCSvm1G00113;Parent=repeat_region_11;Name=TE_00000911;Classification=LTR/Copia;Sequence_ontology=SO:0000286;ltr_identity=0.9568;Method=structural;motif=TGCA;tsd=TTCCA::Chr04:9589323-9590710(+)
RL000141	ID=lLTR_RLCSvm1G00114;Parent=repeat_region_14;Name=TE_00000803;Classification=LTR/Copia;Sequence_ontology=SO:0000286;ltr_identity=0.8976;Method=structural;motif=TGAT;tsd=GTCAT::Chr04:10469360-10469530(+)
RL000021	ID=lLTR_RLGSvm1G00095;Parent=repeat_region_15;Name=TE_00000708;Classification=LTR/Gypsy;Sequence_ontology=SO:0000286;ltr_identity=0.9931;Method=structural;motif=TGCA;tsd=GCCAC::Chr04:10707951-10708240(-)
RL000005	ID=lLTR_RLCSvm1G00120;Parent=repeat_region_30;Name=TE_00000911;Classification=LTR/Copia;Sequence_ontology=SO:0000286;ltr_identity=0.9521;Method=structural;motif=TGCA;tsd=AGATG::Chr04:19278262-19279627(+)
RL000013	ID=lLTR_RLGSvm1G00158;Parent=repeat_region_45;Name=TE_00000562;Classification=LTR/Gypsy;Sequence_ontology=SO:0000286;ltr_identity=0.9653;Method=structural;motif=TGCA;tsd=GATAG::Chr06:18845648-18846697(-)
RL000036	ID=lLTR_RLGSvm1G00127;Parent=repeat_region_26;Name=TE_00000665;Classification=LTR/Gypsy;Sequence_ontology=SO:0000286;ltr_identity=0.9901;Method=structural;motif=TGCA;tsd=ATATG::Chr05:16868444-16869150(+)
RL000030	ID=lLTR_RLGSvm1G00154;Parent=repeat_region_34;Name=TE_00000589;Classification=LTR/Gypsy;Sequence_ontology=SO:0000286;ltr_identity=0.9386;Method=structural;motif=TGCA;tsd=ATGGT::Chr06:17298615-17299215(-)
RL000034	ID=lLTR_RLGSvm1G00097;Parent=repeat_region_17;Name=TE_00000564;Classification=LTR/Gypsy;Sequence_ontology=SO:0000286;ltr_identity=0.9572;Method=structural;motif=TGCA;tsd=ACTAT::Chr04:11942495-11943539(+)
RL000058	ID=lLTR_RLXSvm1G00026;Parent=repeat_region_37;Name=TE_00000851;Classification=LTR/unknown;Sequence_ontology=SO:0000286;ltr_identity=0.9419;Method=structural;motif=TGCA;tsd=AAAAT::Chr04:21797233-21797404(?)
RL000022	ID=lLTR_RLCSvm1G00116;Parent=repeat_region_19;Name=TE_00000842;Classification=LTR/Copia;Sequence_ontology=SO:0000286;ltr_identity=0.9978;Method=structural;motif=TGCA;tsd=GAATG::Chr04:15210542-15210993(+)
RL000196	ID=lLTR_RLGSvm1G00160;Parent=repeat_region_47;Name=TE_00000398;Classification=LTR/Gypsy;Sequence_ontology=SO:0000286;ltr_identity=0.9356;Method=structural;motif=TGCA;tsd=GTGGA::Chr06:20700080-20700374(-)
RL000057	ID=lLTR_RLGSvm1G00129;Parent=repeat_region_30;Name=TE_00000944;Classification=LTR/Gypsy;Sequence_ontology=SO:0000286;ltr_identity=0.9498;Method=structural;motif=TGCA;tsd=CCGAT::Chr05:18362300-18362729(?)
RL000019	ID=lLTR_RLCSvm1G00117;Parent=repeat_region_20;Name=TE_00000913;Classification=LTR/Copia;Sequence_ontology=SO:0000286;ltr_identity=0.9791;Method=structural;motif=TGCA;tsd=TCCTT::Chr04:15218340-15218720(+)
RL000005	ID=lLTR_RLCSvm1G00018;Parent=repeat_region_29;Name=TE_00000693;Classification=LTR/Copia;Sequence_ontology=SO:0000286;ltr_identity=0.9632;Method=structural;motif=TGCA;tsd=CTTGT::Chr01:20574578-20575992(-)
RL000034	ID=lLTR_RLGSvm1G00099;Parent=repeat_region_22;Name=TE_00000863;Classification=LTR/Gypsy;Sequence_ontology=SO:0000286;ltr_identity=0.9681;Method=structural;motif=TGCA;tsd=GAATG::Chr04:15745639-15746677(+)
RL000055	ID=lLTR_RLGSvm1G00100;Parent=repeat_region_23;Name=TE_00000621;Classification=LTR/Gypsy;Sequence_ontology=SO:0000286;ltr_identity=0.9572;Method=structural;motif=TGCA;tsd=CCGGC::Chr04:16204478-16205389(+)
RL000058	ID=lLTR_RLXSvm1G00033;Parent=repeat_region_21;Name=TE_00000528;Classification=LTR/unknown;Sequence_ontology=SO:0000286;ltr_identity=0.9591;Method=structural;motif=TGCA;tsd=GTTAC::Chr05:14985228-14985399(?)
RL000033	ID=lLTR_RLGSvm1G00068;Parent=repeat_region_42;Name=TE_00000603;Classification=LTR/Gypsy;Sequence_ontology=SO:0000286;ltr_identity=0.8987;Method=structural;motif=TGCA;tsd=TCCCC::Chr03:30403687-30404486(+)
RL000048	ID=lLTR_RLGSvm1G00084;Parent=repeat_region_70;Name=TE_00000971;Classification=LTR/Gypsy;Sequence_ontology=SO:0000286;ltr_identity=0.9600;Method=structural;motif=TGCA;tsd=CTCAG::Chr03:35925750-35928900(+)
RL000005	ID=lLTR_RLCSvm1G00118;Parent=repeat_region_24;Name=TE_00000495;Classification=LTR/Copia;Sequence_ontology=SO:0000286;ltr_identity=0.9358;Method=structural;motif=TGCA;tsd=TGAGC::Chr04:17012823-17014211(+)
RL000172	ID=lLTR_RLCSvm1G00154;Parent=repeat_region_49;Name=TE_00000852;Classification=LTR/Copia;Sequence_ontology=SO:0000286;ltr_identity=0.9937;Method=structural;motif=TGCA;tsd=ATCCT::Chr05:25701798-25702117(+)
RL000008	ID=lLTR_RLGSvm1G00101;Parent=repeat_region_25;Name=TE_00000555;Classification=LTR/Gypsy;Sequence_ontology=SO:0000286;ltr_identity=0.9951;Method=structural;motif=TGCA;tsd=ATTGA::Chr04:17500292-17501309(-)
RL000056	ID=lLTR_RLGSvm1G00104;Parent=repeat_region_31;Name=TE_00000861;Classification=LTR/Gypsy;Sequence_ontology=SO:0000286;ltr_identity=0.9656;Method=structural;motif=TGCA;tsd=AGGCC::Chr04:19370858-19371501(-)
RL000008	ID=lLTR_RLGSvm1G00140;Parent=repeat_region_47;Name=TE_00000510;Classification=LTR/Gypsy;Sequence_ontology=SO:0000286;ltr_identity=0.9832;Method=structural;motif=TGCA;tsd=CTTCC::Chr05:23498605-23499619(+)
RL000043	ID=lLTR_RLCSvm1G00076;Parent=repeat_region_8;Name=TE_00000842;Classification=LTR/Copia;Sequence_ontology=SO:0000286;ltr_identity=0.9905;Method=structural;motif=TGCA;tsd=GTTGG::Chr03:6620083-6620398(-)
RL000005	ID=lLTR_RLCSvm1G00121;Parent=repeat_region_33;Name=TE_00000911;Classification=LTR/Copia;Sequence_ontology=SO:0000286;ltr_identity=0.9559;Method=structural;motif=TGCA;tsd=CATGT::Chr04:20454264-20455660(-)
RL000005	ID=lLTR_RLCSvm1G00238;Parent=repeat_region_37;Name=TE_00000719;Classification=LTR/Copia;Sequence_ontology=SO:0000286;ltr_identity=0.9281;Method=structural;motif=TGCA;tsd=GTTCG::Chr08:21845176-21846572(+)
RL000005	ID=lLTR_RLCSvm1G00050;Parent=repeat_region_45;Name=TE_00000511;Classification=LTR/Copia;Sequence_ontology=SO:0000286;ltr_identity=0.9478;Method=structural;motif=TGCA;tsd=AATAT::Chr02:18140620-18142030(+)
RL000004	ID=lLTR_RLCSvm1G00133;Parent=repeat_region_59;Name=TE_00000489;Classification=LTR/Copia;Sequence_ontology=SO:0000286;ltr_identity=0.9497;Method=structural;motif=TGCA;tsd=CGTAC::Chr04:35618845-35619633(+)
RL000008	ID=lLTR_RLGSvm1G00121;Parent=repeat_region_9;Name=TE_00000510;Classification=LTR/Gypsy;Sequence_ontology=SO:0000286;ltr_identity=0.9892;Method=structural;motif=TGCA;tsd=ACAAG::Chr05:8544345-8545361(-)
RL000206	ID=lLTR_RLXSvm1G00047;Parent=repeat_region_14;Name=TE_00000611;Classification=LTR/unknown;Sequence_ontology=SO:0000286;ltr_identity=0.9862;Method=structural;motif=TGCA;tsd=TGCA::Chr07:6594972-6595478(?)
RL000169	ID=lLTR_RLGSvm1G00130;Parent=repeat_region_35;Name=TE_00000534;Classification=LTR/Gypsy;Sequence_ontology=SO:0000286;ltr_identity=0.9553;Method=structural;motif=TGTA;tsd=CACTT::Chr05:20550995-20551933(-)
RL000144	ID=lLTR_RLCSvm1G00119;Parent=repeat_region_29;Name=TE_00000759;Classification=LTR/Copia;Sequence_ontology=SO:0000286;ltr_identity=0.9031;Method=structural;motif=TGCA;tsd=TACA::Chr04:19103857-19104312(-)
RL000026	ID=lLTR_RLGSvm1G00108;Parent=repeat_region_39;Name=TE_00000434;Classification=LTR/Gypsy;Sequence_ontology=SO:0000286;ltr_identity=0.9528;Method=structural;motif=TGCA;tsd=GATAC::Chr04:22793213-22793641(?)
RL000030	ID=lLTR_RLGSvm1G00109;Parent=repeat_region_41;Name=TE_00000728;Classification=LTR/Gypsy;Sequence_ontology=SO:0000286;ltr_identity=0.9652;Method=structural;motif=TGCA;tsd=CACTA::Chr04:23210503-23211140(+)
RL000026	ID=lLTR_RLGSvm1G00078;Parent=repeat_region_58;Name=TE_00000513;Classification=LTR/Gypsy;Sequence_ontology=SO:0000286;ltr_identity=0.9413;Method=structural;motif=TGCA;tsd=AACCT::Chr03:32497532-32497958(?)
RL000008	ID=lLTR_RLGSvm1G00110;Parent=repeat_region_42;Name=TE_00000555;Classification=LTR/Gypsy;Sequence_ontology=SO:0000286;ltr_identity=0.9891;Method=structural;motif=TGCA;tsd=ATCAC::Chr04:23439476-23440488(+)
RL000008	ID=lLTR_RLGSvm1G00076;Parent=repeat_region_56;Name=TE_00000648;Classification=LTR/Gypsy;Sequence_ontology=SO:0000286;ltr_identity=0.9723;Method=structural;motif=TGCA;tsd=CCACT::Chr03:32258138-32259153(-)
RL000030	ID=lLTR_RLGSvm1G00111;Parent=repeat_region_43;Name=TE_00000514;Classification=LTR/Gypsy;Sequence_ontology=SO:0000286;ltr_identity=0.9366;Method=structural;motif=TACA;tsd=CTCCA::Chr04:23557327-23557958(+)
RL000029	ID=lLTR_RLCSvm1G00106;Parent=repeat_region_83;Name=TE_00000657;Classification=LTR/Copia;Sequence_ontology=SO:0000286;ltr_identity=0.9930;Method=structural;motif=TGCA;tsd=GGATC::Chr03:48782616-48782757(-)
RL000147	ID=lLTR_RLGSvm1G00112;Parent=repeat_region_45;Name=TE_00000590;Classification=LTR/Gypsy;Sequence_ontology=SO:0000286;ltr_identity=0.8982;Method=structural;motif=TGCA;tsd=TTCAT::Chr04:23919149-23919817(?)
RL000001	ID=lLTR_RLCSvm1G00004;Parent=repeat_region_5;Name=TE_00000494;Classification=LTR/Copia;Sequence_ontology=SO:0000286;ltr_identity=0.9848;Method=structural;motif=TGCA;tsd=TTCCG::Chr01:4024675-4024937(-)
RL000008	ID=lLTR_RLGSvm1G00113;Parent=repeat_region_46;Name=TE_00000886;Classification=LTR/Gypsy;Sequence_ontology=SO:0000286;ltr_identity=0.9921;Method=structural;motif=TGCA;tsd=GGTTC::Chr04:24229317-24230330(-)
RL000005	ID=lLTR_RLCSvm1G00130;Parent=repeat_region_56;Name=TE_00000911;Classification=LTR/Copia;Sequence_ontology=SO:0000286;ltr_identity=0.9355;Method=structural;motif=TGCA;tsd=ATCAT::Chr04:34206387-34207774(-)
RL000149	ID=lLTR_RLGSvm1G00115;Parent=repeat_region_48;Name=TE_00000619;Classification=LTR/Gypsy;Sequence_ontology=SO:0000286;ltr_identity=0.9103;Method=structural;motif=TGCA;tsd=GTCAC::Chr04:26171374-26171824(?)
RL000008	ID=lLTR_RLGSvm1G00155;Parent=repeat_region_37;Name=TE_00000619;Classification=LTR/Gypsy;Sequence_ontology=SO:0000286;ltr_identity=0.9693;Method=structural;motif=TGCA;tsd=ACAAA::Chr06:17825700-17826717(-)
RL000150	ID=lLTR_RLCSvm1G00126;Parent=repeat_region_49;Name=TE_00000575;Classification=LTR/Copia;Sequence_ontology=SO:0000286;ltr_identity=0.8968;Method=structural;motif=TGCA;tsd=ACTAC::Chr04:26838880-26840521(+)
RL000013	ID=lLTR_RLGSvm1G00164;Parent=repeat_region_1;Name=TE_00000487;Classification=LTR/Gypsy;Sequence_ontology=SO:0000286;ltr_identity=0.9754;Method=structural;motif=TGCA;tsd=GGTTG::Chr07:48838-49897(-)
RL000052	ID=lLTR_RLXSvm1G00027;Parent=repeat_region_50;Name=TE_00000483;Classification=LTR/unknown;Sequence_ontology=SO:0000286;ltr_identity=0.9828;Method=structural;motif=TGCA;tsd=GTGAC::Chr04:30885048-30885163(+)
RL000151	ID=lLTR_RLCSvm1G00127;Parent=repeat_region_51;Name=TE_00000751;Classification=LTR/Copia;Sequence_ontology=SO:0000286;ltr_identity=1.0000;Method=structural;motif=TGCA;tsd=AGACC::Chr04:31239328-31239541(-)
RL000008	ID=lLTR_RLGSvm1G00116;Parent=repeat_region_54;Name=TE_00000555;Classification=LTR/Gypsy;Sequence_ontology=SO:0000286;ltr_identity=0.9901;Method=structural;motif=TGCA;tsd=AAAAC::Chr04:32937628-32938645(-)
RL000047	ID=lLTR_RLGSvm1G00231;Parent=repeat_region_50;Name=TE_00000585;Classification=LTR/Gypsy;Sequence_ontology=SO:0000286;ltr_identity=0.9859;Method=structural;motif=TGCA;tsd=AGGGG::Chr09:41018509-41019646(+)
RL000095	ID=lLTR_RLXSvm1G00006;Parent=repeat_region_2;Name=TE_00000652;Classification=LTR/unknown;Sequence_ontology=SO:0000286;ltr_identity=0.9519;Method=structural;motif=TGCA;tsd=CTGC::Chr02:1174710-1174813(?)
RL000005	ID=lLTR_RLCSvm1G00132;Parent=repeat_region_58;Name=TE_00000911;Classification=LTR/Copia;Sequence_ontology=SO:0000286;ltr_identity=0.9329;Method=structural;motif=TGCA;tsd=CACAT::Chr04:35050258-35051643(-)
RL000059	ID=lLTR_RLCSvm1G00135;Parent=repeat_region_62;Name=TE_00000625;Classification=LTR/Copia;Sequence_ontology=SO:0000286;ltr_identity=0.9689;Method=structural;motif=TGCA;tsd=CTGCC::Chr04:39155740-39156292(+)
RL000062	ID=lLTR_RLXSvm1G00031;Parent=repeat_region_13;Name=TE_00000966;Classification=LTR/unknown;Sequence_ontology=SO:0000286;ltr_identity=0.9847;Method=structural;motif=TGCA;tsd=ATTAG::Chr05:11319908-11320307(?)
RL000063	ID=lLTR_RLCSvm1G00158;Parent=repeat_region_53;Name=TE_00000724;Classification=LTR/Copia;Sequence_ontology=SO:0000286;ltr_identity=0.9511;Method=structural;motif=TGCA;tsd=TGAGG::Chr05:29043893-29044140(-)
RL000059	ID=lLTR_RLCSvm1G00136;Parent=repeat_region_5;Name=TE_00000766;Classification=LTR/Copia;Sequence_ontology=SO:0000286;ltr_identity=0.9695;Method=structural;motif=TGCA;tsd=GTTCA::Chr05:4645013-4645580(-)
RL000060	ID=lLTR_RLCSvm1G00137;Parent=repeat_region_6;Name=TE_00001026;Classification=LTR/Copia;Sequence_ontology=SO:0000286;ltr_identity=1.0000;Method=structural;motif=TGCA;tsd=CTTAA::Chr05:5489277-5489515(+)
RL000006	ID=lLTR_RLGSvm1G00003;Parent=repeat_region_19;Name=TE_00000510;Classification=LTR/Gypsy;Sequence_ontology=SO:0000286;ltr_identity=0.9737;Method=structural;motif=TGCA;tsd=CACTC::Chr01:14767090-14768002(-)
RL000051	ID=lLTR_RLCSvm1G00105;Parent=repeat_region_82;Name=TE_00000847;Classification=LTR/Copia;Sequence_ontology=SO:0000286;ltr_identity=0.9924;Method=structural;motif=TGCA;tsd=AAAGT::Chr03:46597212-46597610(-)
RL000166	ID=lLTR_RLXSvm1G00034;Parent=repeat_region_29;Name=TE_00000772;Classification=LTR/unknown;Sequence_ontology=SO:0000286;ltr_identity=0.9213;Method=structural;motif=TGCA;tsd=AAATC::Chr05:17635230-17635356(?)
RL000103	ID=lLTR_RLGSvm1G00022;Parent=repeat_region_26;Name=TE_00000767;Classification=LTR/Gypsy;Sequence_ontology=SO:0000286;ltr_identity=0.9774;Method=structural;motif=TGCA;tsd=GGACC::Chr02:9438398-9438676(-)
RL000061	ID=lLTR_RLXSvm1G00030;Parent=repeat_region_7;Name=TE_00000596;Classification=LTR/unknown;Sequence_ontology=SO:0000286;ltr_identity=0.9937;Method=structural;motif=TGCA;tsd=AATAT::Chr05:5944049-5944208(-)
RL000109	ID=lLTR_RLGSvm1G00032;Parent=repeat_region_50;Name=TE_00000497;Classification=LTR/Gypsy;Sequence_ontology=SO:0000286;ltr_identity=0.8725;Method=structural;motif=TACA;tsd=CCTCC::Chr02:18984462-18985152(+)
RL000046	ID=lLTR_RLCSvm1G00139;Parent=repeat_region_10;Name=TE_00000657;Classification=LTR/Copia;Sequence_ontology=SO:0000286;ltr_identity=0.9725;Method=structural;motif=TGCA;tsd=CGAGG::Chr05:10267604-10267785(-)
RL000073	ID=lLTR_RLCSvm1G00293;Parent=repeat_region_52;Name=TE_00000983;Classification=LTR/Copia;Sequence_ontology=SO:0000286;ltr_identity=0.9775;Method=structural;motif=TGCA;tsd=GTATC::Chr09:41674207-41675460(+)
RL000148	ID=lLTR_RLGSvm1G00114;Parent=repeat_region_47;Name=TE_00000529;Classification=LTR/Gypsy;Sequence_ontology=SO:0000286;ltr_identity=0.9388;Method=structural;motif=TGCA;tsd=ACATC::Chr04:25154140-25155302(-)
RL000157	ID=lLTR_RLCSvm1G00140;Parent=repeat_region_11;Name=TE_00000933;Classification=LTR/Copia;Sequence_ontology=SO:0000286;ltr_identity=0.9152;Method=structural;motif=TGCA;tsd=ATTTC::Chr05:11041729-11042513(-)
RL000022	ID=lLTR_RLCSvm1G00165;Parent=repeat_region_64;Name=TE_00000844;Classification=LTR/Copia;Sequence_ontology=SO:0000286;ltr_identity=0.9241;Method=structural;motif=TGCA;tsd=ATGTT::Chr05:43983186-43983635(+)
RL000158	ID=lLTR_RLCSvm1G00141;Parent=repeat_region_12;Name=TE_00000900;Classification=LTR/Copia;Sequence_ontology=SO:0000286;ltr_identity=0.9037;Method=structural;motif=TGCA;tsd=CTTAT::Chr05:11144851-11145038(-)
RL000231	ID=lLTR_RLGSvm1G00203;Parent=repeat_region_51;Name=TE_00000837;Classification=LTR/Gypsy;Sequence_ontology=SO:0000286;ltr_identity=0.9495;Method=structural;motif=TGCA;tsd=NA::Chr08:26142774-26143090(-)
RL000035	ID=lLTR_RLXSvm1G00032;Parent=repeat_region_14;Name=TE_00000506;Classification=LTR/unknown;Sequence_ontology=SO:0000286;ltr_identity=0.9426;Method=structural;motif=TGCA;tsd=GGTCC::Chr05:12326899-12327287(?)
RL000049	ID=lLTR_RLCSvm1G00100;Parent=repeat_region_72;Name=TE_00000815;Classification=LTR/Copia;Sequence_ontology=SO:0000286;ltr_identity=0.9731;Method=structural;motif=TGCA;tsd=CATAC::Chr03:36405993-36406215(+)
RL000160	ID=lLTR_RLCSvm1G00143;Parent=repeat_region_16;Name=TE_00000565;Classification=LTR/Copia;Sequence_ontology=SO:0000286;ltr_identity=0.8991;Method=structural;motif=TGCA;tsd=GCATT::Chr05:12585228-12586635(-)
RL000162	ID=lLTR_RLCSvm1G00145;Parent=repeat_region_22;Name=TE_00000820;Classification=LTR/Copia;Sequence_ontology=SO:0000286;ltr_identity=0.9579;Method=structural;motif=TGCA;tsd=ATTTA::Chr05:15708790-15709173(+)
RL000161	ID=lLTR_RLGSvm1G00122;Parent=repeat_region_17;Name=TE_00000546;Classification=LTR/Gypsy;Sequence_ontology=SO:0000286;ltr_identity=0.9932;Method=structural;motif=TGCA;tsd=CCATC::Chr05:12924635-12925073(+)
RL000006	ID=lLTR_RLGSvm1G00123;Parent=repeat_region_18;Name=TE_00000744;Classification=LTR/Gypsy;Sequence_ontology=SO:0000286;ltr_identity=0.9858;Method=structural;motif=TGCA;tsd=GGTGG::Chr05:12990547-12991459(+)
RL000058	ID=lLTR_RLXSvm1G00053;Parent=repeat_region_42;Name=TE_00000532;Classification=LTR/unknown;Sequence_ontology=SO:0000286;ltr_identity=0.9012;Method=structural;motif=TGCA;tsd=GTTGG::Chr07:19794633-19794805(?)
RL000022	ID=lLTR_RLCSvm1G00043;Parent=repeat_region_30;Name=TE_00000505;Classification=LTR/Copia;Sequence_ontology=SO:0000286;ltr_identity=0.9865;Method=structural;motif=TGCA;tsd=CTGGC::Chr02:9667201-9667649(-)
RL000004	ID=lLTR_RLCSvm1G00099;Parent=repeat_region_71;Name=TE_00000647;Classification=LTR/Copia;Sequence_ontology=SO:0000286;ltr_identity=0.9470;Method=structural;motif=TGCA;tsd=AGAAC::Chr03:36323825-36324604(+)
RL000163	ID=lLTR_RLGSvm1G00126;Parent=repeat_region_24;Name=TE_00000807;Classification=LTR/Gypsy;Sequence_ontology=SO:0000286;ltr_identity=0.9972;Method=structural;motif=TGCA;tsd=CATAT::Chr05:16406477-16406831(+)
RL000185	ID=lLTR_RLGSvm1G00147;Parent=repeat_region_14;Name=TE_00000493;Classification=LTR/Gypsy;Sequence_ontology=SO:0000286;ltr_identity=0.9289;Method=structural;motif=TGCA;tsd=GGTTC::Chr06:6352568-6353604(-)
RL000019	ID=lLTR_RLCSvm1G00147;Parent=repeat_region_27;Name=TE_00000822;Classification=LTR/Copia;Sequence_ontology=SO:0000286;ltr_identity=0.9372;Method=structural;motif=TGCA;tsd=ATAAC::Chr05:16917302-16917682(-)
RL000219	ID=lLTR_RLCSvm1G00236;Parent=repeat_region_21;Name=TE_00000600;Classification=LTR/Copia;Sequence_ontology=SO:0000286;ltr_identity=0.9741;Method=structural;motif=TGCA;tsd=ATCAC::Chr08:15209748-15210057(+)
RL000167	ID=lLTR_RLCSvm1G00150;Parent=repeat_region_33;Name=TE_00000834;Classification=LTR/Copia;Sequence_ontology=SO:0000286;ltr_identity=0.9599;Method=structural;motif=TGCA;tsd=GGGTA::Chr05:19392891-19393214(-)
RL000005	ID=lLTR_RLCSvm1G00014;Parent=repeat_region_25;Name=TE_00000714;Classification=LTR/Copia;Sequence_ontology=SO:0000286;ltr_identity=0.9515;Method=structural;motif=TGCA;tsd=ATTGT::Chr01:19827592-19828981(+)
RL000033	ID=lLTR_RLXSvm1G00035;Parent=repeat_region_37;Name=TE_00001000;Classification=LTR/unknown;Sequence_ontology=SO:0000286;ltr_identity=0.8933;Method=structural;motif=TGCA;tsd=AGAAG::Chr05:21234813-21235598(+)
RL000170	ID=lLTR_RLGSvm1G00133;Parent=repeat_region_39;Name=TE_00000848;Classification=LTR/Gypsy;Sequence_ontology=SO:0000286;ltr_identity=0.9439;Method=structural;motif=TGCA;tsd=CCCTT::Chr05:21388739-21389380(?)
RL000013	ID=lLTR_RLGSvm1G00134;Parent=repeat_region_40;Name=TE_00000814;Classification=LTR/Gypsy;Sequence_ontology=SO:0000286;ltr_identity=0.9800;Method=structural;motif=TGCA;tsd=GATGT::Chr05:21900830-21901887(+)
RL000013	ID=lLTR_RLGSvm1G00135;Parent=repeat_region_41;Name=TE_00000606;Classification=LTR/Gypsy;Sequence_ontology=SO:0000286;ltr_identity=0.9760;Method=structural;motif=TGCA;tsd=CCTGG::Chr05:22229525-22230580(-)
RL000247	ID=lLTR_RLXSvm1G00067;Parent=repeat_region_21;Name=TE_00000672;Classification=LTR/unknown;Sequence_ontology=SO:0000286;ltr_identity=0.9461;Method=structural;motif=TGCA;tsd=CCCAA::Chr09:24474098-24474506(?)
RL000130	ID=lLTR_RLCSvm1G00103;Parent=repeat_region_77;Name=TE_00000529;Classification=LTR/Copia;Sequence_ontology=SO:0000286;ltr_identity=0.9248;Method=structural;motif=TGCA;tsd=TGGGT::Chr03:41329945-41330170(+)
RL000004	ID=lLTR_RLCSvm1G00152;Parent=repeat_region_42;Name=TE_00000951;Classification=LTR/Copia;Sequence_ontology=SO:0000286;ltr_identity=0.9425;Method=structural;motif=TGCA;tsd=GGTAA::Chr05:22474895-22475685(+)
RL000081	ID=lLTR_RLCSvm1G00006;Parent=repeat_region_8;Name=TE_00000660;Classification=LTR/Copia;Sequence_ontology=SO:0000286;ltr_identity=0.9947;Method=structural;motif=TGCA;tsd=GAGTG::Chr01:6537283-6537662(-)
RL000173	ID=lLTR_RLCSvm1G00157;Parent=repeat_region_52;Name=TE_00000886;Classification=LTR/Copia;Sequence_ontology=SO:0000286;ltr_identity=0.9628;Method=structural;motif=TGCA;tsd=CTTAG::Chr05:28546253-28546467(-)
RL000022	ID=lLTR_RLCSvm1G00245;Parent=repeat_region_52;Name=TE_00000773;Classification=LTR/Copia;Sequence_ontology=SO:0000286;ltr_identity=0.9823;Method=structural;motif=TGCA;tsd=GTTAG::Chr08:26768832-26769282(-)
RL000215	ID=lLTR_RLXSvm1G00057;Parent=repeat_region_3;Name=TE_00000834;Classification=LTR/unknown;Sequence_ontology=SO:0000286;ltr_identity=0.9104;Method=structural;motif=TGCA;tsd=GTCAT::Chr08:4038436-4038849(?)
RL000129	ID=lLTR_RLCSvm1G00095;Parent=repeat_region_60;Name=TE_00001098;Classification=LTR/Copia;Sequence_ontology=SO:0000286;ltr_identity=0.9178;Method=structural;motif=TGCA;tsd=CATTG::Chr03:32757567-32758004(+)
RL000171	ID=lLTR_RLGSvm1G00137;Parent=repeat_region_44;Name=TE_00000696;Classification=LTR/Gypsy;Sequence_ontology=SO:0000286;ltr_identity=0.9032;Method=structural;motif=TGCA;tsd=GAGCG::Chr05:22911607-22911921(+)
RL000131	ID=lLTR_RLCSvm1G00104;Parent=repeat_region_79;Name=TE_00000854;Classification=LTR/Copia;Sequence_ontology=SO:0000286;ltr_identity=0.9237;Method=structural;motif=TGCA;tsd=CTAGC::Chr03:43986268-43986503(-)
RL000057	ID=lLTR_RLGSvm1G00138;Parent=repeat_region_45;Name=TE_00000865;Classification=LTR/Gypsy;Sequence_ontology=SO:0000286;ltr_identity=0.9569;Method=structural;motif=TGCA;tsd=ATGGC::Chr05:22980063-22980480(?)
RL000005	ID=lLTR_RLCSvm1G00156;Parent=repeat_region_51;Name=TE_00000655;Classification=LTR/Copia;Sequence_ontology=SO:0000286;ltr_identity=0.9532;Method=structural;motif=TGCA;tsd=GTGAG::Chr05:26301328-26302704(+)
