B73_chr1	130148	143571	LTRRT_3	B73_chr1	133044	133850	meth_B73.ref_B73_1:133044..133850	9.13242	.
B73_chr1	130148	143571	LTRRT_3	B73_chr1	141218	141399	meth_B73.ref_B73_1:141218..141399	14.8148	.
B73_chr1	130148	143571	LTRRT_3	B73_chr1	130958	131112	meth_B73.ref_B73_1:130958..131112	3.57143	.
B73_chr1	1119766	1135341	LTRRT_25	B73_chr1	1133299	1133745	meth_B73.ref_B73_1:1133299..1133745	5.26316	.
B73_chr1	1348130	1359974	LTRRT_33	B73_chr1	1354834	1355035	meth_B73.ref_B73_1:1354834..1355035	16.1765	.
B73_chr1	1507229	1512431	LTRRT_40	B73_chr1	1511501	1511860	meth_B73.ref_B73_1:1511501..1511860	7.38636	.
B73_chr1	1836004	1842505	LTRRT_49	B73_chr1	1836465	1837012	meth_B73.ref_B73_1:1836465..1837012	0	.
B73_chr1	2853754	2860597	LTRRT_78	B73_chr1	2860595	2862807	meth_B73.ref_B73_1:2860595..2862807	2.53219	.
B73_chr1	2863718	2866297	LTRRT_79	B73_chr1	2866287	2875296	meth_B73.ref_B73_1:2866287..2875296	0.987532	.
B73_chr1	2969128	2974976	LTRRT_83	B73_chr1	2969187	2969578	meth_B73.ref_B73_1:2969187..2969578	6.86813	.
B73_chr1	5032438	5041936	LTRRT_129	B73_chr1	5037345	5037525	meth_B73.ref_B73_1:5037345..5037525	4.34783	.
B73_chr1	5116269	5121114	LTRRT_131	B73_chr1	5112332	5116375	meth_B73.ref_B73_1:5112332..5116375	1.07257	.
B73_chr1	5293640	5314216	LTRRT_137	B73_chr1	5301536	5302017	meth_B73.ref_B73_1:5301536..5302017	1.65289	.
B73_chr1	5293640	5314216	LTRRT_137	B73_chr1	5302645	5303040	meth_B73.ref_B73_1:5302645..5303040	1.0101	.
B73_chr1	5293640	5314216	LTRRT_137	B73_chr1	5306348	5306531	meth_B73.ref_B73_1:5306348..5306531	4	.
B73_chr1	5293640	5314216	LTRRT_137	B73_chr1	5307219	5307719	meth_B73.ref_B73_1:5307219..5307719	0	.
B73_chr1	5428774	5430684	LTRRT_139	B73_chr1	5424911	5428807	meth_B73.ref_B73_1:5424911..5428807	0.964392	.
B73_chr1	5428774	5430684	LTRRT_139	B73_chr1	5430682	5431233	meth_B73.ref_B73_1:5430682..5431233	0.240385	.
B73_chr1	5851234	5856552	LTRRT_145	B73_chr1	5851430	5851663	meth_B73.ref_B73_1:5851430..5851663	14.2857	.
B73_chr1	5851234	5856552	LTRRT_145	B73_chr1	5853264	5853472	meth_B73.ref_B73_1:5853264..5853472	17.5	.
B73_chr1	5851234	5856552	LTRRT_145	B73_chr1	5856416	5860804	meth_B73.ref_B73_1:5856416..5860804	0.733064	.
B73_chr1	5851234	5856552	LTRRT_145	B73_chr1	5847069	5851346	meth_B73.ref_B73_1:5847069..5851346	0.663228	.
B73_chr1	6004751	6013744	LTRRT_151	B73_chr1	6005145	6005301	meth_B73.ref_B73_1:6005145..6005301	11.7647	.
B73_chr1	6208987	6215276	LTRRT_155	B73_chr1	6213957	6214833	meth_B73.ref_B73_1:6213957..6214833	0.558659	.
B73_chr1	6365895	6370744	LTRRT_158	B73_chr1	6364140	6365944	meth_B73.ref_B73_1:6364140..6365944	2.07778	.
B73_chr1	6453100	6468419	LTRRT_160	B73_chr1	6453403	6453581	meth_B73.ref_B73_1:6453403..6453581	0	.
B73_chr1	6453100	6468419	LTRRT_160	B73_chr1	6454760	6454935	meth_B73.ref_B73_1:6454760..6454935	0	.
B73_chr1	6453100	6468419	LTRRT_160	B73_chr1	6455626	6455802	meth_B73.ref_B73_1:6455626..6455802	13.8095	.
B73_chr1	6453100	6468419	LTRRT_160	B73_chr1	6463895	6464096	meth_B73.ref_B73_1:6463895..6464096	6.66667	.
B73_chr1	6453100	6468419	LTRRT_160	B73_chr1	6465406	6465595	meth_B73.ref_B73_1:6465406..6465595	7.14286	.
B73_chr1	6453100	6468419	LTRRT_160	B73_chr1	6466236	6466409	meth_B73.ref_B73_1:6466236..6466409	8.19672	.
B73_chr1	7556680	7565979	LTRRT_191	B73_chr1	7563282	7563605	meth_B73.ref_B73_1:7563282..7563605	6.97674	.
B73_chr1	7556680	7565979	LTRRT_191	B73_chr1	7565095	7565362	meth_B73.ref_B73_1:7565095..7565362	0	.
B73_chr1	9146461	9159126	LTRRT_228	B73_chr1	9147276	9147432	meth_B73.ref_B73_1:9147276..9147432	6.06061	.
B73_chr1	9294216	9301885	LTRRT_232	B73_chr1	9291869	9294257	meth_B73.ref_B73_1:9291869..9294257	1.74172	.
B73_chr1	9520876	9526227	LTRRT_241	B73_chr1	9526121	9527656	meth_B73.ref_B73_1:9526121..9527656	4.25856	.
B73_chr1	9566357	9571710	LTRRT_243	B73_chr1	9565258	9571014	meth_B73.ref_B73_1:9565258..9571014	1.22873	.
B73_chr1	10122748	10129245	LTRRT_256	B73_chr1	10128361	10128847	meth_B73.ref_B73_1:10128361..10128847	0.289855	.
B73_chr1	10235436	10249785	LTRRT_260	B73_chr1	10247084	10250467	meth_B73.ref_B73_1:10247084..10250467	5.21108	.
B73_chr1	10373859	10388047	LTRRT_265	B73_chr1	10376083	10376845	meth_B73.ref_B73_1:10376083..10376845	7.44186	.
B73_chr1	10373859	10388047	LTRRT_265	B73_chr1	10384088	10384783	meth_B73.ref_B73_1:10384088..10384783	7.47253	.
B73_chr1	10410016	10423559	LTRRT_266	B73_chr1	10410852	10411021	meth_B73.ref_B73_1:10410852..10411021	11.6279	.
B73_chr1	11129537	11141233	LTRRT_283	B73_chr1	11140363	11140515	meth_B73.ref_B73_1:11140363..11140515	11.3636	.
B73_chr1	12491337	12505158	LTRRT_313	B73_chr1	12498219	12498446	meth_B73.ref_B73_1:12498219..12498446	8.33333	.
B73_chr1	12594910	12606666	LTRRT_316	B73_chr1	12605370	12605560	meth_B73.ref_B73_1:12605370..12605560	0	.
B73_chr1	12703569	12708848	LTRRT_319	B73_chr1	12702966	12704669	meth_B73.ref_B73_1:12702966..12704669	2.11361	.
B73_chr1	12790892	12804327	LTRRT_321	B73_chr1	12791883	12792140	meth_B73.ref_B73_1:12791883..12792140	0	.
B73_chr1	13968658	13973451	LTRRT_348	B73_chr1	13973361	13974628	meth_B73.ref_B73_1:13973361..13974628	3.0623	.
B73_chr1	14016195	14029325	LTRRT_349	B73_chr1	14021731	14022503	meth_B73.ref_B73_1:14021731..14022503	2.02952	.
B73_chr1	15609317	15619805	LTRRT_390	B73_chr1	15610974	15612123	meth_B73.ref_B73_1:15610974..15612123	0	.
B73_chr1	15609317	15619805	LTRRT_390	B73_chr1	15618033	15619136	meth_B73.ref_B73_1:15618033..15619136	0.196464	.
B73_chr1	15609317	15619805	LTRRT_390	B73_chr1	15619435	15619806	meth_B73.ref_B73_1:15619435..15619806	7.40741	.
B73_chr1	16183686	16190830	LTRRT_411	B73_chr1	16190811	16191857	meth_B73.ref_B73_1:16190811..16191857	0.258398	.
B73_chr1	16334301	16339099	LTRRT_414	B73_chr1	16333421	16342274	meth_B73.ref_B73_1:16333421..16342274	2.06055	.
B73_chr1	16426589	16441986	LTRRT_416	B73_chr1	16428367	16428539	meth_B73.ref_B73_1:16428367..16428539	12.6214	.
B73_chr1	16426589	16441986	LTRRT_416	B73_chr1	16439161	16439473	meth_B73.ref_B73_1:16439161..16439473	11.6279	.
B73_chr1	17658920	17668747	LTRRT_444	B73_chr1	17659423	17660170	meth_B73.ref_B73_1:17659423..17660170	7.69231	.
B73_chr1	17658920	17668747	LTRRT_444	B73_chr1	17666961	17667613	meth_B73.ref_B73_1:17666961..17667613	17.5824	.
B73_chr1	18258517	18267824	LTRRT_454	B73_chr1	18255668	18258891	meth_B73.ref_B73_1:18255668..18258891	0.993377	.
B73_chr1	18733039	18748412	LTRRT_472	B73_chr1	18735688	18735859	meth_B73.ref_B73_1:18735688..18735859	1.78571	.
B73_chr1	18733039	18748412	LTRRT_472	B73_chr1	18746281	18746642	meth_B73.ref_B73_1:18746281..18746642	6.99301	.
B73_chr1	19485028	19496836	LTRRT_486	B73_chr1	19488492	19488677	meth_B73.ref_B73_1:19488492..19488677	15.5556	.
B73_chr1	19651450	19664126	LTRRT_491	B73_chr1	19660255	19660794	meth_B73.ref_B73_1:19660255..19660794	2.94118	.
B73_chr1	20072534	20077883	LTRRT_499	B73_chr1	20068415	20072964	meth_B73.ref_B73_1:20068415..20072964	1.56109	.
B73_chr1	20535594	20548738	LTRRT_514	B73_chr1	20538730	20539273	meth_B73.ref_B73_1:20538730..20539273	0.8	.
B73_chr1	20535594	20548738	LTRRT_514	B73_chr1	20546245	20547131	meth_B73.ref_B73_1:20546245..20547131	0.28169	.
B73_chr1	20624025	20634317	LTRRT_518	B73_chr1	20624470	20625998	meth_B73.ref_B73_1:20624470..20625998	0.138504	.
B73_chr1	23251234	23259304	LTRRT_571	B73_chr1	23259275	23259946	meth_B73.ref_B73_1:23259275..23259946	1.10294	.
B73_chr1	23277340	23286742	LTRRT_572	B73_chr1	23282136	23282351	meth_B73.ref_B73_1:23282136..23282351	9.7561	.
B73_chr1	23810319	23815692	LTRRT_583	B73_chr1	23809139	23823580	meth_B73.ref_B73_1:23809139..23823580	0.754148	.
B73_chr1	24759021	24771603	LTRRT_604	B73_chr1	24759923	24760097	meth_B73.ref_B73_1:24759923..24760097	18.4211	.
B73_chr1	25167946	25174788	LTRRT_610	B73_chr1	25168379	25168917	meth_B73.ref_B73_1:25168379..25168917	0.653595	.
B73_chr1	25167946	25174788	LTRRT_610	B73_chr1	25172665	25173353	meth_B73.ref_B73_1:25172665..25173353	4.67532	.
B73_chr1	25556150	25559105	LTRRT_621	B73_chr1	25555600	25557426	meth_B73.ref_B73_1:25555600..25557426	1.55473	.
B73_chr1	25556150	25559105	LTRRT_621	B73_chr1	25559071	25561953	meth_B73.ref_B73_1:25559071..25561953	1.05668	.
B73_chr1	27256710	27270332	LTRRT_661	B73_chr1	27258439	27258592	meth_B73.ref_B73_1:27258439..27258592	15.625	.
B73_chr1	27820290	27825915	LTRRT_672	B73_chr1	27825361	27827920	meth_B73.ref_B73_1:27825361..27827920	2.134	.
B73_chr1	27820290	27825915	LTRRT_672	B73_chr1	27819329	27820386	meth_B73.ref_B73_1:27819329..27820386	1.12123	.
B73_chr1	27857181	27859049	LTRRT_673	B73_chr1	27859007	27862838	meth_B73.ref_B73_1:27859007..27862838	1.01112	.
B73_chr1	27895815	27907091	LTRRT_674	B73_chr1	27896204	27897344	meth_B73.ref_B73_1:27896204..27897344	0.865801	.
B73_chr1	27895815	27907091	LTRRT_674	B73_chr1	27903288	27904428	meth_B73.ref_B73_1:27903288..27904428	1.48075	.
B73_chr1	29259903	29272163	LTRRT_713	B73_chr1	29271578	29271796	meth_B73.ref_B73_1:29271578..29271796	6.25	.
B73_chr1	30093742	30102939	LTRRT_734	B73_chr1	30094246	30095007	meth_B73.ref_B73_1:30094246..30095007	5.10397	.
B73_chr1	30093742	30102939	LTRRT_734	B73_chr1	30101148	30101936	meth_B73.ref_B73_1:30101148..30101936	4.87805	.
B73_chr1	30201525	30210863	LTRRT_737	B73_chr1	30199564	30201574	meth_B73.ref_B73_1:30199564..30201574	2.29814	.
B73_chr1	30665614	30670885	LTRRT_751	B73_chr1	30657473	30665936	meth_B73.ref_B73_1:30657473..30665936	0.748677	.
B73_chr1	31021443	31026978	LTRRT_762	B73_chr1	31020355	31021559	meth_B73.ref_B73_1:31020355..31021559	2.72189	.
B73_chr1	31282419	31294009	LTRRT_769	B73_chr1	31282947	31284024	meth_B73.ref_B73_1:31282947..31284024	1.42276	.
B73_chr1	31282419	31294009	LTRRT_769	B73_chr1	31290410	31291365	meth_B73.ref_B73_1:31290410..31291365	0.33557	.
B73_chr1	31804224	31817769	LTRRT_782	B73_chr1	31813367	31813536	meth_B73.ref_B73_1:31813367..31813536	0	.
B73_chr1	33496124	33510312	LTRRT_820	B73_chr1	33498422	33498573	meth_B73.ref_B73_1:33498422..33498573	15	.
B73_chr1	34127523	34132915	LTRRT_841	B73_chr1	34127007	34127629	meth_B73.ref_B73_1:34127007..34127629	5.32446	.
B73_chr1	34127523	34132915	LTRRT_841	B73_chr1	34132869	34137680	meth_B73.ref_B73_1:34132869..34137680	0.853175	.
B73_chr1	34812500	34823868	LTRRT_860	B73_chr1	34818644	34819978	meth_B73.ref_B73_1:34818644..34819978	1.17773	.
B73_chr1	34836224	34845760	LTRRT_861	B73_chr1	34843225	34843386	meth_B73.ref_B73_1:34843225..34843386	13.7255	.
B73_chr1	34952693	34968597	LTRRT_865	B73_chr1	34959704	34960009	meth_B73.ref_B73_1:34959704..34960009	15.655	.
B73_chr1	34952693	34968597	LTRRT_865	B73_chr1	34964952	34965256	meth_B73.ref_B73_1:34964952..34965256	8.41121	.
B73_chr1	36013068	36027052	LTRRT_895	B73_chr1	36013484	36013777	meth_B73.ref_B73_1:36013484..36013777	19	.
B73_chr1	36040491	36052015	LTRRT_896	B73_chr1	36040827	36041049	meth_B73.ref_B73_1:36040827..36041049	0	.
B73_chr1	36040491	36052015	LTRRT_896	B73_chr1	36041123	36041520	meth_B73.ref_B73_1:36041123..36041520	0.719424	.
B73_chr1	36040491	36052015	LTRRT_896	B73_chr1	36047738	36047985	meth_B73.ref_B73_1:36047738..36047985	0	.
B73_chr1	38627078	38636299	LTRRT_961	B73_chr1	38627642	38628381	meth_B73.ref_B73_1:38627642..38628381	6.20985	.
B73_chr1	38627078	38636299	LTRRT_961	B73_chr1	38634383	38635251	meth_B73.ref_B73_1:38634383..38635251	4.42177	.
B73_chr1	38948930	38958387	LTRRT_969	B73_chr1	38950969	38951234	meth_B73.ref_B73_1:38950969..38951234	6.97674	.
B73_chr1	40184291	40193600	LTRRT_1001	B73_chr1	40193482	40196232	meth_B73.ref_B73_1:40193482..40196232	1.72719	.
B73_chr1	41062233	41076272	LTRRT_1021	B73_chr1	41065603	41066878	meth_B73.ref_B73_1:41065603..41066878	4.69388	.
B73_chr1	41062233	41076272	LTRRT_1021	B73_chr1	41073443	41074497	meth_B73.ref_B73_1:41073443..41074497	10.2253	.
B73_chr1	41372900	41375576	LTRRT_1032	B73_chr1	41372654	41373228	meth_B73.ref_B73_1:41372654..41373228	2.11132	.
B73_chr1	41372900	41375576	LTRRT_1032	B73_chr1	41373706	41378560	meth_B73.ref_B73_1:41373706..41378560	0.305402	.
B73_chr1	42868833	42878158	LTRRT_1064	B73_chr1	42869843	42870019	meth_B73.ref_B73_1:42869843..42870019	17.7778	.
B73_chr1	43517928	43523271	LTRRT_1084	B73_chr1	43518687	43519111	meth_B73.ref_B73_1:43518687..43519111	0.209644	.
B73_chr1	44073443	44087426	LTRRT_1097	B73_chr1	44075229	44076296	meth_B73.ref_B73_1:44075229..44076296	6.18557	.
B73_chr1	44073443	44087426	LTRRT_1097	B73_chr1	44083068	44084135	meth_B73.ref_B73_1:44083068..44084135	11.3879	.
B73_chr1	45642756	45652202	LTRRT_1136	B73_chr1	45651921	45652075	meth_B73.ref_B73_1:45651921..45652075	16	.
B73_chr1	47077029	47086442	LTRRT_1170	B73_chr1	47077065	47077244	meth_B73.ref_B73_1:47077065..47077244	18.5185	.
B73_chr1	48352731	48361861	LTRRT_1199	B73_chr1	48352709	48352881	meth_B73.ref_B73_1:48352709..48352881	17.2414	.
B73_chr1	48405836	48415020	LTRRT_1200	B73_chr1	48406653	48406869	meth_B73.ref_B73_1:48406653..48406869	14.2857	.
B73_chr1	48500447	48504071	LTRRT_1202	B73_chr1	48495283	48500478	meth_B73.ref_B73_1:48495283..48500478	0.774545	.
B73_chr1	49322679	49338260	LTRRT_1221	B73_chr1	49324549	49324723	meth_B73.ref_B73_1:49324549..49324723	7.74648	.
B73_chr1	49322679	49338260	LTRRT_1221	B73_chr1	49335436	49335796	meth_B73.ref_B73_1:49335436..49335796	6.34921	.
B73_chr1	49658773	49664066	LTRRT_1232	B73_chr1	49658080	49659061	meth_B73.ref_B73_1:49658080..49659061	12.7737	.
B73_chr1	50267833	50281409	LTRRT_1246	B73_chr1	50281406	50284074	meth_B73.ref_B73_1:50281406..50284074	0.234192	.
B73_chr1	50442922	50458025	LTRRT_1251	B73_chr1	50455941	50456300	meth_B73.ref_B73_1:50455941..50456300	14	.
B73_chr1	51395541	51409233	LTRRT_1277	B73_chr1	51407689	51407875	meth_B73.ref_B73_1:51407689..51407875	12.9032	.
B73_chr1	51643882	51658059	LTRRT_1285	B73_chr1	51652103	51652285	meth_B73.ref_B73_1:51652103..51652285	13.9241	.
B73_chr1	52604776	52610954	LTRRT_1306	B73_chr1	52600797	52604843	meth_B73.ref_B73_1:52600797..52604843	0.889383	.
B73_chr1	53492829	53498433	LTRRT_1323	B73_chr1	53492555	53492898	meth_B73.ref_B73_1:53492555..53492898	2.849	.
B73_chr1	53622795	53636173	LTRRT_1325	B73_chr1	53625903	53627143	meth_B73.ref_B73_1:53625903..53627143	1.24031	.
B73_chr1	53622795	53636173	LTRRT_1325	B73_chr1	53634184	53635570	meth_B73.ref_B73_1:53634184..53635570	1.41207	.
B73_chr1	54389642	54402530	LTRRT_1348	B73_chr1	54391975	54392823	meth_B73.ref_B73_1:54391975..54392823	3.82353	.
B73_chr1	54389642	54402530	LTRRT_1348	B73_chr1	54401413	54402248	meth_B73.ref_B73_1:54401413..54402248	2.04545	.
B73_chr1	54533941	54549088	LTRRT_1354	B73_chr1	54544459	54545412	meth_B73.ref_B73_1:54544459..54545412	7.70171	.
B73_chr1	54694071	54703479	LTRRT_1358	B73_chr1	54703108	54705576	meth_B73.ref_B73_1:54703108..54705576	1.97445	.
B73_chr1	55022489	55035646	LTRRT_1366	B73_chr1	55025292	55026201	meth_B73.ref_B73_1:55025292..55026201	16.5462	.
B73_chr1	55022489	55035646	LTRRT_1366	B73_chr1	55032661	55033620	meth_B73.ref_B73_1:55032661..55033620	11.2309	.
B73_chr1	55181261	55194741	LTRRT_1372	B73_chr1	55192516	55192673	meth_B73.ref_B73_1:55192516..55192673	17.6471	.
B73_chr1	55763903	55779390	LTRRT_1390	B73_chr1	55777413	55777666	meth_B73.ref_B73_1:55777413..55777666	0	.
B73_chr1	57014236	57019655	LTRRT_1418	B73_chr1	57013512	57014245	meth_B73.ref_B73_1:57013512..57014245	2.37691	.
B73_chr1	57161637	57174178	LTRRT_1423	B73_chr1	57169505	57169658	meth_B73.ref_B73_1:57169505..57169658	10.3448	.
B73_chr1	57643261	57658233	LTRRT_1435	B73_chr1	57645280	57645592	meth_B73.ref_B73_1:57645280..57645592	4	.
B73_chr1	58122389	58132634	LTRRT_1447	B73_chr1	58126566	58128123	meth_B73.ref_B73_1:58126566..58128123	1.51899	.
B73_chr1	60243083	60244845	LTRRT_1507	B73_chr1	60239160	60243577	meth_B73.ref_B73_1:60239160..60243577	2.01258	.
B73_chr1	60616451	60625458	LTRRT_1519	B73_chr1	60624500	60624652	meth_B73.ref_B73_1:60624500..60624652	12	.
B73_chr1	61479438	61491094	LTRRT_1541	B73_chr1	61479792	61480512	meth_B73.ref_B73_1:61479792..61480512	1.23457	.
B73_chr1	61479438	61491094	LTRRT_1541	B73_chr1	61487103	61488017	meth_B73.ref_B73_1:61487103..61488017	2.5641	.
B73_chr1	63867367	63877128	LTRRT_1591	B73_chr1	63867865	63868626	meth_B73.ref_B73_1:63867865..63868626	6.91145	.
B73_chr1	63867367	63877128	LTRRT_1591	B73_chr1	63875268	63876024	meth_B73.ref_B73_1:63875268..63876024	6.02151	.
B73_chr1	64028696	64036228	LTRRT_1594	B73_chr1	64034996	64035211	meth_B73.ref_B73_1:64034996..64035211	0	.
B73_chr1	64028696	64036228	LTRRT_1594	B73_chr1	64022123	64028709	meth_B73.ref_B73_1:64022123..64028709	1.17241	.
B73_chr1	64628135	64636350	LTRRT_1607	B73_chr1	64629775	64631302	meth_B73.ref_B73_1:64629775..64631302	0	.
B73_chr1	64628135	64636350	LTRRT_1607	B73_chr1	64634540	64636068	meth_B73.ref_B73_1:64634540..64636068	0	.
B73_chr1	65146967	65159873	LTRRT_1618	B73_chr1	65147620	65148781	meth_B73.ref_B73_1:65147620..65148781	1.09375	.
B73_chr1	65146967	65159873	LTRRT_1618	B73_chr1	65155754	65156779	meth_B73.ref_B73_1:65155754..65156779	0.695652	.
B73_chr1	65309015	65321156	LTRRT_1619	B73_chr1	65311720	65311975	meth_B73.ref_B73_1:65311720..65311975	0	.
B73_chr1	66244031	66259434	LTRRT_1643	B73_chr1	66246684	66246858	meth_B73.ref_B73_1:66246684..66246858	7.54717	.
B73_chr1	66244031	66259434	LTRRT_1643	B73_chr1	66257481	66257653	meth_B73.ref_B73_1:66257481..66257653	17.7215	.
B73_chr1	66861253	66866564	LTRRT_1658	B73_chr1	66858958	66861300	meth_B73.ref_B73_1:66858958..66861300	0.512237	.
B73_chr1	67552912	67566391	LTRRT_1677	B73_chr1	67554262	67555179	meth_B73.ref_B73_1:67554262..67555179	3.51906	.
B73_chr1	67552912	67566391	LTRRT_1677	B73_chr1	67555456	67556709	meth_B73.ref_B73_1:67555456..67556709	8.10811	.
B73_chr1	67552912	67566391	LTRRT_1677	B73_chr1	67561265	67561517	meth_B73.ref_B73_1:67561265..67561517	15.894	.
B73_chr1	67552912	67566391	LTRRT_1677	B73_chr1	67562013	67562763	meth_B73.ref_B73_1:67562013..67562763	1.87266	.
B73_chr1	67552912	67566391	LTRRT_1677	B73_chr1	67563040	67563928	meth_B73.ref_B73_1:67563040..67563928	7.48663	.
B73_chr1	67552912	67566391	LTRRT_1677	B73_chr1	67564079	67564294	meth_B73.ref_B73_1:67564079..67564294	10.5263	.
B73_chr1	67709489	67723030	LTRRT_1684	B73_chr1	67711548	67712389	meth_B73.ref_B73_1:67711548..67712389	3.68098	.
B73_chr1	67709489	67723030	LTRRT_1684	B73_chr1	67719840	67721316	meth_B73.ref_B73_1:67719840..67721316	2.23048	.
B73_chr1	69757054	69764356	LTRRT_1725	B73_chr1	69764354	69767540	meth_B73.ref_B73_1:69764354..69767540	0.240964	.
B73_chr1	69848983	69862507	LTRRT_1729	B73_chr1	69851618	69851829	meth_B73.ref_B73_1:69851618..69851829	7.8125	.
B73_chr1	69848983	69862507	LTRRT_1729	B73_chr1	69859232	69859443	meth_B73.ref_B73_1:69859232..69859443	1.47059	.
B73_chr1	70060414	70069936	LTRRT_1731	B73_chr1	70061974	70062159	meth_B73.ref_B73_1:70061974..70062159	11.1111	.
B73_chr1	71945847	71959869	LTRRT_1775	B73_chr1	71949050	71949674	meth_B73.ref_B73_1:71949050..71949674	4.82955	.
B73_chr1	71945847	71959869	LTRRT_1775	B73_chr1	71956914	71957586	meth_B73.ref_B73_1:71956914..71957586	4.47059	.
B73_chr1	72136765	72142934	LTRRT_1780	B73_chr1	72134497	72136799	meth_B73.ref_B73_1:72134497..72136799	1.16732	.
B73_chr1	72308545	72323565	LTRRT_1784	B73_chr1	72310557	72310720	meth_B73.ref_B73_1:72310557..72310720	16.2162	.
B73_chr1	72689064	72698354	LTRRT_1795	B73_chr1	72687900	72689069	meth_B73.ref_B73_1:72687900..72689069	0.862069	.
B73_chr1	72777499	72786625	LTRRT_1799	B73_chr1	72778638	72779488	meth_B73.ref_B73_1:72778638..72779488	3.87812	.
B73_chr1	72777499	72786625	LTRRT_1799	B73_chr1	72785358	72786132	meth_B73.ref_B73_1:72785358..72786132	3.74532	.
B73_chr1	72840245	72849572	LTRRT_1802	B73_chr1	72835511	72840275	meth_B73.ref_B73_1:72835511..72840275	0.798274	.
B73_chr1	74165237	74174549	LTRRT_1832	B73_chr1	74167534	74167721	meth_B73.ref_B73_1:74167534..74167721	14.8148	.
B73_chr1	74760218	74775797	LTRRT_1845	B73_chr1	74762836	74763042	meth_B73.ref_B73_1:74762836..74763042	10.0592	.
B73_chr1	74760218	74775797	LTRRT_1845	B73_chr1	74773447	74773931	meth_B73.ref_B73_1:74773447..74773931	17.0213	.
B73_chr1	75212195	75227598	LTRRT_1855	B73_chr1	75214938	75215287	meth_B73.ref_B73_1:75214938..75215287	3.57143	.
B73_chr1	75839719	75854030	LTRRT_1868	B73_chr1	75844584	75844737	meth_B73.ref_B73_1:75844584..75844737	17.6471	.
B73_chr1	76227387	76241469	LTRRT_1880	B73_chr1	76227646	76227810	meth_B73.ref_B73_1:76227646..76227810	15.566	.
B73_chr1	76227387	76241469	LTRRT_1880	B73_chr1	76240844	76241032	meth_B73.ref_B73_1:76240844..76241032	8.33333	.
B73_chr1	77661333	77679206	LTRRT_1922	B73_chr1	77662365	77663307	meth_B73.ref_B73_1:77662365..77663307	3.81895	.
B73_chr1	77661333	77679206	LTRRT_1922	B73_chr1	77677935	77678185	meth_B73.ref_B73_1:77677935..77678185	8.25688	.
B73_chr1	77661333	77679206	LTRRT_1922	B73_chr1	77678222	77678657	meth_B73.ref_B73_1:77678222..77678657	5.78512	.
B73_chr1	78157814	78170136	LTRRT_1932	B73_chr1	78168122	78168285	meth_B73.ref_B73_1:78168122..78168285	0	.
B73_chr1	79163828	79172679	LTRRT_1955	B73_chr1	79172245	79172409	meth_B73.ref_B73_1:79172245..79172409	13.7255	.
B73_chr1	79292162	79303629	LTRRT_1958	B73_chr1	79294286	79295696	meth_B73.ref_B73_1:79294286..79295696	0.161812	.
B73_chr1	79292162	79303629	LTRRT_1958	B73_chr1	79301682	79303013	meth_B73.ref_B73_1:79301682..79303013	0	.
B73_chr1	79461474	79466527	LTRRT_1962	B73_chr1	79466515	79468098	meth_B73.ref_B73_1:79466515..79468098	0.909091	.
B73_chr1	79576889	79586650	LTRRT_1969	B73_chr1	79577243	79578191	meth_B73.ref_B73_1:79577243..79578191	5.76497	.
B73_chr1	79576889	79586650	LTRRT_1969	B73_chr1	79584690	79585600	meth_B73.ref_B73_1:79584690..79585600	5.38336	.
B73_chr1	80539402	80544683	LTRRT_1994	B73_chr1	80544547	80546265	meth_B73.ref_B73_1:80544547..80546265	1.45329	.
B73_chr1	80539402	80544683	LTRRT_1994	B73_chr1	80541253	80544455	meth_B73.ref_B73_1:80541253..80544455	1.26328	.
B73_chr1	80682350	80689194	LTRRT_1998	B73_chr1	80683440	80683648	meth_B73.ref_B73_1:80683440..80683648	17.2414	.
B73_chr1	80682350	80689194	LTRRT_1998	B73_chr1	80683864	80684476	meth_B73.ref_B73_1:80683864..80684476	7.27273	.
B73_chr1	80682350	80689194	LTRRT_1998	B73_chr1	80688140	80688560	meth_B73.ref_B73_1:80688140..80688560	13.9535	.
B73_chr1	80713413	80722538	LTRRT_2000	B73_chr1	80713947	80714101	meth_B73.ref_B73_1:80713947..80714101	8	.
B73_chr1	80890482	80895615	LTRRT_2005	B73_chr1	80893213	80894863	meth_B73.ref_B73_1:80893213..80894863	5.99821	.
B73_chr1	80890482	80895615	LTRRT_2005	B73_chr1	80895147	80895801	meth_B73.ref_B73_1:80895147..80895801	7.6555	.
B73_chr1	81178646	81193691	LTRRT_2012	B73_chr1	81191179	81191488	meth_B73.ref_B73_1:81191179..81191488	8	.
B73_chr1	81526790	81539984	LTRRT_2018	B73_chr1	81528639	81528968	meth_B73.ref_B73_1:81528639..81528968	0	.
B73_chr1	81526790	81539984	LTRRT_2018	B73_chr1	81529711	81529863	meth_B73.ref_B73_1:81529711..81529863	16.3121	.
B73_chr1	81526790	81539984	LTRRT_2018	B73_chr1	81530101	81530282	meth_B73.ref_B73_1:81530101..81530282	9.375	.
B73_chr1	81526790	81539984	LTRRT_2018	B73_chr1	81535763	81536907	meth_B73.ref_B73_1:81535763..81536907	5.33333	.
B73_chr1	81526790	81539984	LTRRT_2018	B73_chr1	81537086	81537284	meth_B73.ref_B73_1:81537086..81537284	16.0221	.
B73_chr1	81526790	81539984	LTRRT_2018	B73_chr1	81537500	81537701	meth_B73.ref_B73_1:81537500..81537701	14.4737	.
B73_chr1	84573163	84585232	LTRRT_2097	B73_chr1	84577690	84578681	meth_B73.ref_B73_1:84577690..84578681	1.37931	.
B73_chr1	84573163	84585232	LTRRT_2097	B73_chr1	84582373	84583152	meth_B73.ref_B73_1:84582373..84583152	0.537634	.
B73_chr1	84573163	84585232	LTRRT_2097	B73_chr1	84573326	84574329	meth_B73.ref_B73_1:84573326..84574329	0.606061	.
B73_chr1	85315836	85325174	LTRRT_2117	B73_chr1	85315261	85315841	meth_B73.ref_B73_1:85315261..85315841	0	.
B73_chr1	86666831	86672456	LTRRT_2147	B73_chr1	86672437	86673360	meth_B73.ref_B73_1:86672437..86673360	3.58696	.
B73_chr1	87288276	87302244	LTRRT_2163	B73_chr1	87300662	87301434	meth_B73.ref_B73_1:87300662..87301434	2.5641	.
B73_chr1	87563242	87570246	LTRRT_2173	B73_chr1	87564801	87565403	meth_B73.ref_B73_1:87564801..87565403	3.61991	.
B73_chr1	87563242	87570246	LTRRT_2173	B73_chr1	87569149	87569669	meth_B73.ref_B73_1:87569149..87569669	5.34351	.
B73_chr1	88876194	88883382	LTRRT_2207	B73_chr1	88875739	88876207	meth_B73.ref_B73_1:88875739..88876207	1.7301	.
B73_chr1	88876194	88883382	LTRRT_2207	B73_chr1	88876844	88877539	meth_B73.ref_B73_1:88876844..88877539	5.0578	.
B73_chr1	89140500	89145207	LTRRT_2213	B73_chr1	89135439	89140758	meth_B73.ref_B73_1:89135439..89140758	0.385852	.
B73_chr1	89140500	89145207	LTRRT_2213	B73_chr1	89142021	89142811	meth_B73.ref_B73_1:89142021..89142811	1.01351	.
B73_chr1	89140500	89145207	LTRRT_2213	B73_chr1	89143476	89146030	meth_B73.ref_B73_1:89143476..89146030	0.790123	.
B73_chr1	89575065	89588748	LTRRT_2220	B73_chr1	89576481	89576661	meth_B73.ref_B73_1:89576481..89576661	0	.
B73_chr1	89950783	89957634	LTRRT_2226	B73_chr1	89951302	89951841	meth_B73.ref_B73_1:89951302..89951841	9.84456	.
B73_chr1	89950783	89957634	LTRRT_2226	B73_chr1	89955595	89956253	meth_B73.ref_B73_1:89955595..89956253	13.544	.
B73_chr1	90614040	90629613	LTRRT_2237	B73_chr1	90626641	90626899	meth_B73.ref_B73_1:90626641..90626899	17.0732	.
B73_chr1	90654717	90661942	LTRRT_2238	B73_chr1	90655303	90655482	meth_B73.ref_B73_1:90655303..90655482	18.3673	.
B73_chr1	90984158	90986501	LTRRT_2248	B73_chr1	90983756	90984193	meth_B73.ref_B73_1:90983756..90984193	2.86624	.
B73_chr1	91547880	91557002	LTRRT_2267	B73_chr1	91549196	91549869	meth_B73.ref_B73_1:91549196..91549869	1.25	.
B73_chr1	91547880	91557002	LTRRT_2267	B73_chr1	91555526	91556667	meth_B73.ref_B73_1:91555526..91556667	2.54237	.
B73_chr1	91825245	91835103	LTRRT_2281	B73_chr1	91825762	91826523	meth_B73.ref_B73_1:91825762..91826523	4.19355	.
B73_chr1	91825245	91835103	LTRRT_2281	B73_chr1	91833215	91833975	meth_B73.ref_B73_1:91833215..91833975	8.17052	.
B73_chr1	91985814	91995190	LTRRT_2287	B73_chr1	91995164	91996081	meth_B73.ref_B73_1:91995164..91996081	1.80995	.
B73_chr1	92605979	92620521	LTRRT_2305	B73_chr1	92609053	92610294	meth_B73.ref_B73_1:92609053..92610294	5.54545	.
B73_chr1	92605979	92620521	LTRRT_2305	B73_chr1	92617684	92618409	meth_B73.ref_B73_1:92617684..92618409	12.2126	.
B73_chr1	92754649	92766798	LTRRT_2309	B73_chr1	92755037	92755712	meth_B73.ref_B73_1:92755037..92755712	5.83333	.
B73_chr1	92754649	92766798	LTRRT_2309	B73_chr1	92762845	92763446	meth_B73.ref_B73_1:92762845..92763446	2.99401	.
B73_chr1	93350121	93359902	LTRRT_2324	B73_chr1	93350515	93351368	meth_B73.ref_B73_1:93350515..93351368	4.24242	.
B73_chr1	93350121	93359902	LTRRT_2324	B73_chr1	93357929	93358684	meth_B73.ref_B73_1:93357929..93358684	5.70175	.
B73_chr1	93759155	93774579	LTRRT_2335	B73_chr1	93771754	93771928	meth_B73.ref_B73_1:93771754..93771928	7.44681	.
B73_chr1	94450104	94465063	LTRRT_2351	B73_chr1	94452280	94452644	meth_B73.ref_B73_1:94452280..94452644	10.1124	.
B73_chr1	94450104	94465063	LTRRT_2351	B73_chr1	94462565	94462739	meth_B73.ref_B73_1:94462565..94462739	16.7513	.
B73_chr1	94963932	94975284	LTRRT_2367	B73_chr1	94964312	94964532	meth_B73.ref_B73_1:94964312..94964532	9.7561	.
B73_chr1	95031405	95039563	LTRRT_2370	B73_chr1	95033116	95034443	meth_B73.ref_B73_1:95033116..95034443	0.853242	.
B73_chr1	95031405	95039563	LTRRT_2370	B73_chr1	95037981	95039153	meth_B73.ref_B73_1:95037981..95039153	2.79835	.
B73_chr1	96729359	96736209	LTRRT_2405	B73_chr1	96734984	96735721	meth_B73.ref_B73_1:96734984..96735721	10.585	.
B73_chr1	96729359	96736209	LTRRT_2405	B73_chr1	96730694	96731522	meth_B73.ref_B73_1:96730694..96731522	9.86717	.
B73_chr1	97296219	97311213	LTRRT_2420	B73_chr1	97308716	97308867	meth_B73.ref_B73_1:97308716..97308867	16.6667	.
B73_chr1	97580645	97587548	LTRRT_2425	B73_chr1	97582116	97582720	meth_B73.ref_B73_1:97582116..97582720	9.10973	.
B73_chr1	97580645	97587548	LTRRT_2425	B73_chr1	97586513	97587073	meth_B73.ref_B73_1:97586513..97587073	5.88235	.
B73_chr1	98022122	98035757	LTRRT_2434	B73_chr1	98026280	98026436	meth_B73.ref_B73_1:98026280..98026436	0	.
B73_chr1	98022122	98035757	LTRRT_2434	B73_chr1	98032842	98033134	meth_B73.ref_B73_1:98032842..98033134	2.7027	.
B73_chr1	98102160	98117165	LTRRT_2435	B73_chr1	98114666	98114977	meth_B73.ref_B73_1:98114666..98114977	16.4179	.
B73_chr1	98117371	98124974	LTRRT_2436	B73_chr1	98117713	98118406	meth_B73.ref_B73_1:98117713..98118406	10.0264	.
B73_chr1	98117371	98124974	LTRRT_2436	B73_chr1	98122729	98123436	meth_B73.ref_B73_1:98122729..98123436	3.14815	.
B73_chr1	98956125	98963127	LTRRT_2458	B73_chr1	98956482	98957352	meth_B73.ref_B73_1:98956482..98957352	7.07547	.
B73_chr1	98956125	98963127	LTRRT_2458	B73_chr1	98960970	98961587	meth_B73.ref_B73_1:98960970..98961587	7.64588	.
B73_chr1	98975984	98988368	LTRRT_2459	B73_chr1	98977885	98978058	meth_B73.ref_B73_1:98977885..98978058	0	.
B73_chr1	101691466	101700777	LTRRT_2518	B73_chr1	101690346	101691635	meth_B73.ref_B73_1:101690346..101691635	0.687285	.
B73_chr1	102050327	102058612	LTRRT_2532	B73_chr1	102049318	102050339	meth_B73.ref_B73_1:102049318..102050339	0.132802	.
B73_chr1	102324102	102333308	LTRRT_2537	B73_chr1	102325208	102325896	meth_B73.ref_B73_1:102325208..102325896	2.71493	.
B73_chr1	102324102	102333308	LTRRT_2537	B73_chr1	102332098	102332925	meth_B73.ref_B73_1:102332098..102332925	3.84615	.
B73_chr1	102408648	102423648	LTRRT_2538	B73_chr1	102421315	102421779	meth_B73.ref_B73_1:102421315..102421779	9.86842	.
B73_chr1	102819067	102826999	LTRRT_2547	B73_chr1	102826130	102826281	meth_B73.ref_B73_1:102826130..102826281	7.35294	.
B73_chr1	102884629	102899660	LTRRT_2548	B73_chr1	102886475	102886717	meth_B73.ref_B73_1:102886475..102886717	15.3846	.
B73_chr1	103542925	103557131	LTRRT_2561	B73_chr1	103545104	103545473	meth_B73.ref_B73_1:103545104..103545473	7.86517	.
B73_chr1	103542925	103557131	LTRRT_2561	B73_chr1	103545527	103545681	meth_B73.ref_B73_1:103545527..103545681	12.1495	.
B73_chr1	103542925	103557131	LTRRT_2561	B73_chr1	103545740	103545892	meth_B73.ref_B73_1:103545740..103545892	16.129	.
B73_chr1	103542925	103557131	LTRRT_2561	B73_chr1	103547446	103548065	meth_B73.ref_B73_1:103547446..103548065	11.1628	.
B73_chr1	103542925	103557131	LTRRT_2561	B73_chr1	103553045	103553399	meth_B73.ref_B73_1:103553045..103553399	1.66113	.
B73_chr1	103542925	103557131	LTRRT_2561	B73_chr1	103553420	103553765	meth_B73.ref_B73_1:103553420..103553765	15.3048	.
B73_chr1	103542925	103557131	LTRRT_2561	B73_chr1	103555387	103556049	meth_B73.ref_B73_1:103555387..103556049	7.29614	.
B73_chr1	103697494	103709897	LTRRT_2565	B73_chr1	103699644	103699813	meth_B73.ref_B73_1:103699644..103699813	0	.
B73_chr1	104394107	104400946	LTRRT_2582	B73_chr1	104393347	104394129	meth_B73.ref_B73_1:104393347..104394129	1.11359	.
B73_chr1	105722710	105737754	LTRRT_2616	B73_chr1	105735240	105735553	meth_B73.ref_B73_1:105735240..105735553	14.966	.
B73_chr1	106249053	106257364	LTRRT_2627	B73_chr1	106250910	106252102	meth_B73.ref_B73_1:106250910..106252102	1.15979	.
B73_chr1	106249053	106257364	LTRRT_2627	B73_chr1	106255708	106256918	meth_B73.ref_B73_1:106255708..106256918	2.21914	.
B73_chr1	106767253	106776461	LTRRT_2639	B73_chr1	106762846	106767280	meth_B73.ref_B73_1:106762846..106767280	0.312012	.
B73_chr1	106878654	106890107	LTRRT_2642	B73_chr1	106881201	106881747	meth_B73.ref_B73_1:106881201..106881747	0.833333	.
B73_chr1	106878654	106890107	LTRRT_2642	B73_chr1	106888527	106888781	meth_B73.ref_B73_1:106888527..106888781	1.0989	.
B73_chr1	106878654	106890107	LTRRT_2642	B73_chr1	106888866	106889239	meth_B73.ref_B73_1:106888866..106889239	0	.
B73_chr1	107206552	107221948	LTRRT_2646	B73_chr1	107209202	107209376	meth_B73.ref_B73_1:107209202..107209376	4.46429	.
B73_chr1	107206552	107221948	LTRRT_2646	B73_chr1	107219995	107220327	meth_B73.ref_B73_1:107219995..107220327	2.67857	.
B73_chr1	107930158	107943025	LTRRT_2662	B73_chr1	107932325	107932477	meth_B73.ref_B73_1:107932325..107932477	12.9032	.
B73_chr1	108557264	108570991	LTRRT_2673	B73_chr1	108570900	108572053	meth_B73.ref_B73_1:108570900..108572053	3.25926	.
B73_chr1	108929944	108935502	LTRRT_2680	B73_chr1	108934866	108935122	meth_B73.ref_B73_1:108934866..108935122	8.08081	.
B73_chr1	108929944	108935502	LTRRT_2680	B73_chr1	108935192	108939044	meth_B73.ref_B73_1:108935192..108939044	3.49066	.
B73_chr1	109192411	109197891	LTRRT_2688	B73_chr1	109197598	109198292	meth_B73.ref_B73_1:109197598..109198292	1.88172	.
B73_chr1	109784738	109801337	LTRRT_2703	B73_chr1	109785708	109786836	meth_B73.ref_B73_1:109785708..109786836	7.12871	.
B73_chr1	109784738	109801337	LTRRT_2703	B73_chr1	109799807	109800935	meth_B73.ref_B73_1:109799807..109800935	3.48469	.
B73_chr1	110259482	110266389	LTRRT_2719	B73_chr1	110260901	110261729	meth_B73.ref_B73_1:110260901..110261729	10.6007	.
B73_chr1	110259482	110266389	LTRRT_2719	B73_chr1	110265183	110265914	meth_B73.ref_B73_1:110265183..110265914	13.4161	.
B73_chr1	110933549	110948948	LTRRT_2739	B73_chr1	110936197	110936636	meth_B73.ref_B73_1:110936197..110936636	5	.
B73_chr1	110933549	110948948	LTRRT_2739	B73_chr1	110946993	110947167	meth_B73.ref_B73_1:110946993..110947167	5.95238	.
B73_chr1	111019462	111024994	LTRRT_2742	B73_chr1	111017422	111019634	meth_B73.ref_B73_1:111017422..111019634	2.69795	.
B73_chr1	111133965	111149306	LTRRT_2747	B73_chr1	111147352	111147512	meth_B73.ref_B73_1:111147352..111147512	7.31707	.
B73_chr1	111806904	111814614	LTRRT_2757	B73_chr1	111807438	111808476	meth_B73.ref_B73_1:111807438..111808476	0	.
B73_chr1	111806904	111814614	LTRRT_2757	B73_chr1	111811847	111812934	meth_B73.ref_B73_1:111811847..111812934	1.22699	.
B73_chr1	112396753	112400059	LTRRT_2768	B73_chr1	112396119	112396807	meth_B73.ref_B73_1:112396119..112396807	1.0661	.
B73_chr1	112430275	112444468	LTRRT_2770	B73_chr1	112431220	112431391	meth_B73.ref_B73_1:112431220..112431391	13.2075	.
B73_chr1	112430275	112444468	LTRRT_2770	B73_chr1	112431530	112431720	meth_B73.ref_B73_1:112431530..112431720	19.3548	.
B73_chr1	112430275	112444468	LTRRT_2770	B73_chr1	112433360	112434757	meth_B73.ref_B73_1:112433360..112434757	8.46233	.
B73_chr1	112430275	112444468	LTRRT_2770	B73_chr1	112441335	112442452	meth_B73.ref_B73_1:112441335..112442452	4.50549	.
B73_chr1	113449382	113464945	LTRRT_2794	B73_chr1	113462122	113462296	meth_B73.ref_B73_1:113462122..113462296	10.4167	.
B73_chr1	113681664	113697165	LTRRT_2803	B73_chr1	113683531	113683892	meth_B73.ref_B73_1:113683531..113683892	10.3448	.
B73_chr1	113716555	113730258	LTRRT_2804	B73_chr1	113718244	113719542	meth_B73.ref_B73_1:113718244..113719542	4.86726	.
B73_chr1	113716555	113730258	LTRRT_2804	B73_chr1	113726041	113727404	meth_B73.ref_B73_1:113726041..113727404	7.34558	.
B73_chr1	114095041	114101891	LTRRT_2811	B73_chr1	114096480	114097206	meth_B73.ref_B73_1:114096480..114097206	3.4375	.
B73_chr1	114095041	114101891	LTRRT_2811	B73_chr1	114100715	114101147	meth_B73.ref_B73_1:114100715..114101147	5.42636	.
B73_chr1	115454020	115467431	LTRRT_2844	B73_chr1	115456260	115456932	meth_B73.ref_B73_1:115456260..115456932	5.63674	.
B73_chr1	115454020	115467431	LTRRT_2844	B73_chr1	115459006	115459191	meth_B73.ref_B73_1:115459006..115459191	10.3896	.
B73_chr1	115454020	115467431	LTRRT_2844	B73_chr1	115463403	115464475	meth_B73.ref_B73_1:115463403..115464475	7.25462	.
B73_chr1	115454020	115467431	LTRRT_2844	B73_chr1	115464961	115465488	meth_B73.ref_B73_1:115464961..115465488	3.42857	.
B73_chr1	115454020	115467431	LTRRT_2844	B73_chr1	115466404	115466734	meth_B73.ref_B73_1:115466404..115466734	13.3333	.
B73_chr1	115454020	115467431	LTRRT_2844	B73_chr1	115457416	115458160	meth_B73.ref_B73_1:115457416..115458160	0.740741	.
B73_chr1	115973955	115980834	LTRRT_2857	B73_chr1	115975296	115976163	meth_B73.ref_B73_1:115975296..115976163	5.80271	.
B73_chr1	115973955	115980834	LTRRT_2857	B73_chr1	115979582	115980455	meth_B73.ref_B73_1:115979582..115980455	3.39893	.
B73_chr1	116737293	116751176	LTRRT_2871	B73_chr1	116748046	116748954	meth_B73.ref_B73_1:116748046..116748954	6.05536	.
B73_chr1	117416116	117428034	LTRRT_2886	B73_chr1	117416843	117417361	meth_B73.ref_B73_1:117416843..117417361	0	.
B73_chr1	117416116	117428034	LTRRT_2886	B73_chr1	117417461	117417943	meth_B73.ref_B73_1:117417461..117417943	0.357143	.
B73_chr1	117416116	117428034	LTRRT_2886	B73_chr1	117424406	117424932	meth_B73.ref_B73_1:117424406..117424932	0	.
B73_chr1	117416116	117428034	LTRRT_2886	B73_chr1	117425124	117425497	meth_B73.ref_B73_1:117425124..117425497	0	.
B73_chr1	117970222	117977275	LTRRT_2896	B73_chr1	117975032	117975698	meth_B73.ref_B73_1:117975032..117975698	12.854	.
B73_chr1	118248329	118262612	LTRRT_2900	B73_chr1	118250566	118251466	meth_B73.ref_B73_1:118250566..118251466	9.80789	.
B73_chr1	118248329	118262612	LTRRT_2900	B73_chr1	118258950	118259253	meth_B73.ref_B73_1:118258950..118259253	12.7072	.
B73_chr1	118664503	118671604	LTRRT_2909	B73_chr1	118666448	118667079	meth_B73.ref_B73_1:118666448..118667079	0.60241	.
B73_chr1	118664503	118671604	LTRRT_2909	B73_chr1	118670753	118671276	meth_B73.ref_B73_1:118670753..118671276	0	.
B73_chr1	119255983	119271552	LTRRT_2922	B73_chr1	119257850	119258056	meth_B73.ref_B73_1:119257850..119258056	15.3488	.
B73_chr1	119742025	119750046	LTRRT_2935	B73_chr1	119742423	119743823	meth_B73.ref_B73_1:119742423..119743823	0.221976	.
B73_chr1	119742025	119750046	LTRRT_2935	B73_chr1	119747040	119748441	meth_B73.ref_B73_1:119747040..119748441	0.0971817	.
B73_chr1	120486549	120501942	LTRRT_2945	B73_chr1	120488172	120488499	meth_B73.ref_B73_1:120488172..120488499	5.60748	.
B73_chr1	120486549	120501942	LTRRT_2945	B73_chr1	120499119	120499293	meth_B73.ref_B73_1:120499119..120499293	11.7647	.
B73_chr1	120613013	120616833	LTRRT_2949	B73_chr1	120612030	120613160	meth_B73.ref_B73_1:120612030..120613160	1.21951	.
B73_chr1	120861990	120871713	LTRRT_2959	B73_chr1	120862397	120863246	meth_B73.ref_B73_1:120862397..120863246	2.97203	.
B73_chr1	120861990	120871713	LTRRT_2959	B73_chr1	120869866	120870544	meth_B73.ref_B73_1:120869866..120870544	11.9914	.
B73_chr1	121519956	121530944	LTRRT_2968	B73_chr1	121529683	121529891	meth_B73.ref_B73_1:121529683..121529891	3.44828	.
B73_chr1	122096763	122110925	LTRRT_2976	B73_chr1	122098998	122099785	meth_B73.ref_B73_1:122098998..122099785	10.3851	.
B73_chr1	122096763	122110925	LTRRT_2976	B73_chr1	122106690	122106842	meth_B73.ref_B73_1:122106690..122106842	13.1944	.
B73_chr1	122096763	122110925	LTRRT_2976	B73_chr1	122106937	122107714	meth_B73.ref_B73_1:122106937..122107714	10.4119	.
B73_chr1	122177120	122191223	LTRRT_2978	B73_chr1	122180400	122181400	meth_B73.ref_B73_1:122180400..122181400	4.64286	.
B73_chr1	122177120	122191223	LTRRT_2978	B73_chr1	122188250	122189185	meth_B73.ref_B73_1:122188250..122189185	4.38931	.
B73_chr1	122297265	122312816	LTRRT_2981	B73_chr1	122299904	122300230	meth_B73.ref_B73_1:122299904..122300230	6.71642	.
B73_chr1	122649255	122657198	LTRRT_2986	B73_chr1	122649842	122650021	meth_B73.ref_B73_1:122649842..122650021	11.4504	.
B73_chr1	122649255	122657198	LTRRT_2986	B73_chr1	122656743	122656894	meth_B73.ref_B73_1:122656743..122656894	7.8125	.
B73_chr1	122661335	122668242	LTRRT_2987	B73_chr1	122661810	122662380	meth_B73.ref_B73_1:122661810..122662380	1.7341	.
B73_chr1	122661335	122668242	LTRRT_2987	B73_chr1	122665994	122666701	meth_B73.ref_B73_1:122665994..122666701	1.86335	.
B73_chr1	123046984	123052073	LTRRT_2997	B73_chr1	123047243	123047535	meth_B73.ref_B73_1:123047243..123047535	13.0631	.
B73_chr1	123046984	123052073	LTRRT_2997	B73_chr1	123051497	123051758	meth_B73.ref_B73_1:123051497..123051758	14.4628	.
B73_chr1	123252550	123267380	LTRRT_3002	B73_chr1	123264398	123265510	meth_B73.ref_B73_1:123264398..123265510	4.2735	.
B73_chr1	123252550	123267380	LTRRT_3002	B73_chr1	123256139	123257100	meth_B73.ref_B73_1:123256139..123257100	7.18284	.
B73_chr1	124108631	124124165	LTRRT_3023	B73_chr1	124122138	124122462	meth_B73.ref_B73_1:124122138..124122462	6.93878	.
B73_chr1	124756925	124763912	LTRRT_3038	B73_chr1	124758261	124759083	meth_B73.ref_B73_1:124758261..124759083	11.5983	.
B73_chr1	124756925	124763912	LTRRT_3038	B73_chr1	124762800	124762957	meth_B73.ref_B73_1:124762800..124762957	10.2564	.
B73_chr1	125031554	125038544	LTRRT_3046	B73_chr1	125037253	125038069	meth_B73.ref_B73_1:125037253..125038069	5.54622	.
B73_chr1	126651385	126658742	LTRRT_3073	B73_chr1	126650808	126651440	meth_B73.ref_B73_1:126650808..126651440	1.47059	.
B73_chr1	127822900	127837745	LTRRT_3096	B73_chr1	127826303	127827443	meth_B73.ref_B73_1:127826303..127827443	7.71955	.
B73_chr1	127822900	127837745	LTRRT_3096	B73_chr1	127834398	127835699	meth_B73.ref_B73_1:127834398..127835699	11.2455	.
B73_chr1	128171531	128176880	LTRRT_3106	B73_chr1	128170856	128171645	meth_B73.ref_B73_1:128170856..128171645	2.93638	.
B73_chr1	128826404	128835633	LTRRT_3123	B73_chr1	128833832	128834497	meth_B73.ref_B73_1:128833832..128834497	3.56589	.
B73_chr1	128826404	128835633	LTRRT_3123	B73_chr1	128826915	128827673	meth_B73.ref_B73_1:128826915..128827673	7.28597	.
B73_chr1	129427603	129436762	LTRRT_3136	B73_chr1	129428184	129428901	meth_B73.ref_B73_1:129428184..129428901	9.91304	.
B73_chr1	129427603	129436762	LTRRT_3136	B73_chr1	129435002	129435787	meth_B73.ref_B73_1:129435002..129435787	4.09165	.
B73_chr1	130556878	130567162	LTRRT_3155	B73_chr1	130558030	130558213	meth_B73.ref_B73_1:130558030..130558213	12.766	.
B73_chr1	130627125	130640015	LTRRT_3157	B73_chr1	130636062	130636216	meth_B73.ref_B73_1:130636062..130636216	13.9535	.
B73_chr1	131861617	131872390	LTRRT_3180	B73_chr1	131862481	131863190	meth_B73.ref_B73_1:131862481..131863190	3.54331	.
B73_chr1	131861617	131872390	LTRRT_3180	B73_chr1	131869341	131870015	meth_B73.ref_B73_1:131869341..131870015	4.81172	.
B73_chr1	131944739	131967319	LTRRT_3182	B73_chr1	131965324	131965475	meth_B73.ref_B73_1:131965324..131965475	12.3077	.
B73_chr1	132007250	132014127	LTRRT_3183	B73_chr1	132013086	132013634	meth_B73.ref_B73_1:132013086..132013634	7.67824	.
B73_chr1	132093612	132108385	LTRRT_3187	B73_chr1	132095459	132095611	meth_B73.ref_B73_1:132095459..132095611	7.27273	.
B73_chr1	132178053	132189549	LTRRT_3190	B73_chr1	132189543	132189996	meth_B73.ref_B73_1:132189543..132189996	1.76991	.
B73_chr1	132224569	132235912	LTRRT_3193	B73_chr1	132232441	132233191	meth_B73.ref_B73_1:132232441..132233191	5.50285	.
B73_chr1	132292741	132308600	LTRRT_3194	B73_chr1	132298795	132299905	meth_B73.ref_B73_1:132298795..132299905	3.27332	.
B73_chr1	133295740	133305912	LTRRT_3212	B73_chr1	133296252	133297190	meth_B73.ref_B73_1:133296252..133297190	2.99145	.
B73_chr1	133295740	133305912	LTRRT_3212	B73_chr1	133303871	133304748	meth_B73.ref_B73_1:133303871..133304748	0.863931	.
B73_chr1	133327821	133347036	LTRRT_3213	B73_chr1	133344555	133345018	meth_B73.ref_B73_1:133344555..133345018	17.3184	.
B73_chr1	134494143	134503216	LTRRT_3240	B73_chr1	134495273	134495936	meth_B73.ref_B73_1:134495273..134495936	5.24934	.
B73_chr1	134494143	134503216	LTRRT_3240	B73_chr1	134501919	134502708	meth_B73.ref_B73_1:134501919..134502708	2.77078	.
B73_chr1	134551974	134567545	LTRRT_3243	B73_chr1	134564727	134564898	meth_B73.ref_B73_1:134564727..134564898	11.3636	.
B73_chr1	134727087	134741215	LTRRT_3246	B73_chr1	134729261	134730082	meth_B73.ref_B73_1:134729261..134730082	6.59026	.
B73_chr1	134727087	134741215	LTRRT_3246	B73_chr1	134737158	134738272	meth_B73.ref_B73_1:134737158..134738272	10.956	.
B73_chr1	135015656	135020871	LTRRT_3250	B73_chr1	135011604	135016025	meth_B73.ref_B73_1:135011604..135016025	2.71028	.
B73_chr1	136208193	136225821	LTRRT_3283	B73_chr1	136209358	136210363	meth_B73.ref_B73_1:136209358..136210363	2.7248	.
B73_chr1	136208193	136225821	LTRRT_3283	B73_chr1	136224293	136225296	meth_B73.ref_B73_1:136224293..136225296	2.95276	.
B73_chr1	136952630	136961785	LTRRT_3307	B73_chr1	136953982	136954584	meth_B73.ref_B73_1:136953982..136954584	2.29885	.
B73_chr1	136952630	136961785	LTRRT_3307	B73_chr1	136960540	136961100	meth_B73.ref_B73_1:136960540..136961100	2.6178	.
B73_chr1	137151489	137163795	LTRRT_3318	B73_chr1	137154711	137154921	meth_B73.ref_B73_1:137154711..137154921	15.3846	.
B73_chr1	137307200	137311757	LTRRT_3322	B73_chr1	137307474	137307862	meth_B73.ref_B73_1:137307474..137307862	6.16114	.
B73_chr1	137307200	137311757	LTRRT_3322	B73_chr1	137309443	137309666	meth_B73.ref_B73_1:137309443..137309666	9.43396	.
B73_chr1	137307200	137311757	LTRRT_3322	B73_chr1	137311004	137311551	meth_B73.ref_B73_1:137311004..137311551	14.8936	.
B73_chr1	137348981	137360728	LTRRT_3325	B73_chr1	137353583	137353762	meth_B73.ref_B73_1:137353583..137353762	18.8811	.
B73_chr1	137583642	137590509	LTRRT_3337	B73_chr1	137585922	137586132	meth_B73.ref_B73_1:137585922..137586132	15.0943	.
B73_chr1	137618952	137626526	LTRRT_3340	B73_chr1	137619503	137619738	meth_B73.ref_B73_1:137619503..137619738	14.0351	.
B73_chr1	137633501	137647962	LTRRT_3341	B73_chr1	137637702	137637859	meth_B73.ref_B73_1:137637702..137637859	6.81818	.
B73_chr1	137763748	137773956	LTRRT_3344	B73_chr1	137764154	137765225	meth_B73.ref_B73_1:137764154..137765225	3.6036	.
B73_chr1	137763748	137773956	LTRRT_3344	B73_chr1	137771908	137772864	meth_B73.ref_B73_1:137771908..137772864	2.41692	.
B73_chr1	137789285	137803174	LTRRT_3345	B73_chr1	137799702	137799892	meth_B73.ref_B73_1:137799702..137799892	9.25926	.
B73_chr1	137817075	137828535	LTRRT_3347	B73_chr1	137817752	137817909	meth_B73.ref_B73_1:137817752..137817909	16.129	.
B73_chr1	137817075	137828535	LTRRT_3347	B73_chr1	137824420	137824587	meth_B73.ref_B73_1:137824420..137824587	11.9048	.
B73_chr1	137817075	137828535	LTRRT_3347	B73_chr1	137827511	137827759	meth_B73.ref_B73_1:137827511..137827759	13.9535	.
B73_chr1	137817075	137828535	LTRRT_3347	B73_chr1	137827802	137828262	meth_B73.ref_B73_1:137827802..137828262	12.1622	.
B73_chr1	137885707	137893487	LTRRT_3352	B73_chr1	137885979	137886586	meth_B73.ref_B73_1:137885979..137886586	11.3636	.
B73_chr1	137885707	137893487	LTRRT_3352	B73_chr1	137887794	137888006	meth_B73.ref_B73_1:137887794..137888006	8.57143	.
B73_chr1	137885707	137893487	LTRRT_3352	B73_chr1	137888465	137888657	meth_B73.ref_B73_1:137888465..137888657	12.5	.
B73_chr1	137885707	137893487	LTRRT_3352	B73_chr1	137889281	137889680	meth_B73.ref_B73_1:137889281..137889680	14.8148	.
B73_chr1	137885707	137893487	LTRRT_3352	B73_chr1	137892734	137893042	meth_B73.ref_B73_1:137892734..137893042	7.61905	.
B73_chr1	138567172	138574715	LTRRT_3379	B73_chr1	138567619	138568896	meth_B73.ref_B73_1:138567619..138568896	1.31579	.
B73_chr1	138567172	138574715	LTRRT_3379	B73_chr1	138572062	138572906	meth_B73.ref_B73_1:138572062..138572906	1.91458	.
B73_chr1	138618061	138633091	LTRRT_3380	B73_chr1	138630921	138631260	meth_B73.ref_B73_1:138630921..138631260	5.71429	.
B73_chr1	138776159	138791148	LTRRT_3383	B73_chr1	138777996	138778194	meth_B73.ref_B73_1:138777996..138778194	11.3636	.
B73_chr1	139396616	139404193	LTRRT_3403	B73_chr1	139402332	139403438	meth_B73.ref_B73_1:139402332..139403438	8.35031	.
B73_chr1	140450857	140464062	LTRRT_3430	B73_chr1	140457240	140457403	meth_B73.ref_B73_1:140457240..140457403	9.61538	.
B73_chr1	140726752	140741017	LTRRT_3438	B73_chr1	140729780	140729932	meth_B73.ref_B73_1:140729780..140729932	14.2857	.
B73_chr1	140726752	140741017	LTRRT_3438	B73_chr1	140730052	140731017	meth_B73.ref_B73_1:140730052..140731017	2.68256	.
B73_chr1	140726752	140741017	LTRRT_3438	B73_chr1	140738030	140738967	meth_B73.ref_B73_1:140738030..140738967	4.79651	.
B73_chr1	141207935	141219608	LTRRT_3451	B73_chr1	141209655	141209977	meth_B73.ref_B73_1:141209655..141209977	5.74713	.
B73_chr1	141923127	141934509	LTRRT_3466	B73_chr1	141923902	141924979	meth_B73.ref_B73_1:141923902..141924979	0.911458	.
B73_chr1	141923127	141934509	LTRRT_3466	B73_chr1	141931201	141932254	meth_B73.ref_B73_1:141931201..141932254	0.745342	.
B73_chr1	142188158	142191516	LTRRT_3471	B73_chr1	142188894	142190177	meth_B73.ref_B73_1:142188894..142190177	1.12016	.
B73_chr1	142188158	142191516	LTRRT_3471	B73_chr1	142191318	142197818	meth_B73.ref_B73_1:142191318..142197818	0.740486	.
B73_chr1	142336453	142350396	LTRRT_3474	B73_chr1	142338378	142339426	meth_B73.ref_B73_1:142338378..142339426	6.9735	.
B73_chr1	142336453	142350396	LTRRT_3474	B73_chr1	142346295	142347232	meth_B73.ref_B73_1:142346295..142347232	4.38312	.
B73_chr1	142907280	142916440	LTRRT_3490	B73_chr1	142908330	142909270	meth_B73.ref_B73_1:142908330..142909270	2.6971	.
B73_chr1	142907280	142916440	LTRRT_3490	B73_chr1	142914957	142915938	meth_B73.ref_B73_1:142914957..142915938	3.21543	.
B73_chr1	144210293	144219905	LTRRT_3522	B73_chr1	144210678	144211700	meth_B73.ref_B73_1:144210678..144211700	1.24031	.
B73_chr1	144210293	144219905	LTRRT_3522	B73_chr1	144217796	144218773	meth_B73.ref_B73_1:144217796..144218773	3.7037	.
B73_chr1	145715132	145727457	LTRRT_3555	B73_chr1	145717820	145718953	meth_B73.ref_B73_1:145717820..145718953	2.69542	.
B73_chr1	145715132	145727457	LTRRT_3555	B73_chr1	145725553	145726589	meth_B73.ref_B73_1:145725553..145726589	0.333333	.
B73_chr1	145903205	145910053	LTRRT_3558	B73_chr1	145904899	145905283	meth_B73.ref_B73_1:145904899..145905283	1.47059	.
B73_chr1	145903205	145910053	LTRRT_3558	B73_chr1	145909351	145909573	meth_B73.ref_B73_1:145909351..145909573	0	.
B73_chr1	146020011	146029312	LTRRT_3562	B73_chr1	146024269	146024584	meth_B73.ref_B73_1:146024269..146024584	9.67742	.
B73_chr1	147045838	147060062	LTRRT_3590	B73_chr1	147048065	147048223	meth_B73.ref_B73_1:147048065..147048223	13.0435	.
B73_chr1	148078467	148087799	LTRRT_3615	B73_chr1	148085555	148085834	meth_B73.ref_B73_1:148085555..148085834	11.4286	.
B73_chr1	148120947	148129115	LTRRT_3617	B73_chr1	148120778	148121961	meth_B73.ref_B73_1:148120778..148121961	2.37069	.
B73_chr1	148120947	148129115	LTRRT_3617	B73_chr1	148128480	148129132	meth_B73.ref_B73_1:148128480..148129132	1.46199	.
B73_chr1	148770739	148776404	LTRRT_3629	B73_chr1	148775939	148779531	meth_B73.ref_B73_1:148775939..148779531	1.37646	.
B73_chr1	150591008	150605375	LTRRT_3673	B73_chr1	150594596	150594903	meth_B73.ref_B73_1:150594596..150594903	14.5963	.
B73_chr1	150591008	150605375	LTRRT_3673	B73_chr1	150594938	150595322	meth_B73.ref_B73_1:150594938..150595322	12.8571	.
B73_chr1	150591008	150605375	LTRRT_3673	B73_chr1	150602623	150602848	meth_B73.ref_B73_1:150602623..150602848	15.4489	.
B73_chr1	150591008	150605375	LTRRT_3673	B73_chr1	150603037	150603349	meth_B73.ref_B73_1:150603037..150603349	13.5417	.
B73_chr1	150854578	150859792	LTRRT_3679	B73_chr1	150853313	150854711	meth_B73.ref_B73_1:150853313..150854711	1.82768	.
B73_chr1	151887627	151901783	LTRRT_3705	B73_chr1	151889522	151890614	meth_B73.ref_B73_1:151889522..151890614	4.50726	.
B73_chr1	151887627	151901783	LTRRT_3705	B73_chr1	151897440	151898582	meth_B73.ref_B73_1:151897440..151898582	5.28715	.
B73_chr1	153581152	153590307	LTRRT_3740	B73_chr1	153581556	153582523	meth_B73.ref_B73_1:153581556..153582523	3.41085	.
B73_chr1	153581152	153590307	LTRRT_3740	B73_chr1	153588318	153589275	meth_B73.ref_B73_1:153588318..153589275	5.26316	.
B73_chr1	153635471	153647298	LTRRT_3741	B73_chr1	153636993	153637431	meth_B73.ref_B73_1:153636993..153637431	10.4575	.
B73_chr1	154050275	154055479	LTRRT_3754	B73_chr1	154055306	154056312	meth_B73.ref_B73_1:154055306..154056312	1.07198	.
B73_chr1	154154639	154162861	LTRRT_3758	B73_chr1	154156254	154156700	meth_B73.ref_B73_1:154156254..154156700	3.125	.
B73_chr1	154154639	154162861	LTRRT_3758	B73_chr1	154162085	154162493	meth_B73.ref_B73_1:154162085..154162493	5.40541	.
B73_chr1	154487035	154500615	LTRRT_3765	B73_chr1	154498853	154499026	meth_B73.ref_B73_1:154498853..154499026	3.57143	.
B73_chr1	154566401	154575679	LTRRT_3767	B73_chr1	154575527	154575703	meth_B73.ref_B73_1:154575527..154575703	0	.
B73_chr1	155126688	155141476	LTRRT_3783	B73_chr1	155139405	155139604	meth_B73.ref_B73_1:155139405..155139604	12.7907	.
B73_chr1	155143175	155157451	LTRRT_3784	B73_chr1	155146652	155147590	meth_B73.ref_B73_1:155146652..155147590	14.9493	.
B73_chr1	155143175	155157451	LTRRT_3784	B73_chr1	155155202	155155560	meth_B73.ref_B73_1:155155202..155155560	12.3288	.
B73_chr1	155340680	155350099	LTRRT_3788	B73_chr1	155349242	155349400	meth_B73.ref_B73_1:155349242..155349400	5.88235	.
B73_chr1	155352765	155366514	LTRRT_3789	B73_chr1	155355281	155355448	meth_B73.ref_B73_1:155355281..155355448	0	.
B73_chr1	156161459	156170605	LTRRT_3803	B73_chr1	156161956	156162853	meth_B73.ref_B73_1:156161956..156162853	2.86738	.
B73_chr1	156161459	156170605	LTRRT_3803	B73_chr1	156168521	156169598	meth_B73.ref_B73_1:156168521..156169598	2.94118	.
B73_chr1	156870393	156885918	LTRRT_3825	B73_chr1	156873044	156873204	meth_B73.ref_B73_1:156873044..156873204	8.75	.
B73_chr1	156870393	156885918	LTRRT_3825	B73_chr1	156883904	156884078	meth_B73.ref_B73_1:156883904..156884078	5.84795	.
B73_chr1	157812249	157820614	LTRRT_3850	B73_chr1	157813941	157814214	meth_B73.ref_B73_1:157813941..157814214	0	.
B73_chr1	157812249	157820614	LTRRT_3850	B73_chr1	157819734	157819960	meth_B73.ref_B73_1:157819734..157819960	6.25	.
B73_chr1	158192528	158199456	LTRRT_3858	B73_chr1	158193401	158193905	meth_B73.ref_B73_1:158193401..158193905	12.2222	.
B73_chr1	158192528	158199456	LTRRT_3858	B73_chr1	158198809	158199153	meth_B73.ref_B73_1:158198809..158199153	3.48837	.
B73_chr1	159276793	159286146	LTRRT_3880	B73_chr1	159276219	159276850	meth_B73.ref_B73_1:159276219..159276850	0.914077	.
B73_chr1	159785760	159794844	LTRRT_3890	B73_chr1	159787951	159788141	meth_B73.ref_B73_1:159787951..159788141	13.3333	.
B73_chr1	160234786	160241450	LTRRT_3902	B73_chr1	160241349	160242378	meth_B73.ref_B73_1:160241349..160242378	6.48148	.
B73_chr1	160501910	160508836	LTRRT_3910	B73_chr1	160503471	160504026	meth_B73.ref_B73_1:160503471..160504026	5.03282	.
B73_chr1	160501910	160508836	LTRRT_3910	B73_chr1	160508001	160508199	meth_B73.ref_B73_1:160508001..160508199	15.4589	.
B73_chr1	161075303	161090704	LTRRT_3922	B73_chr1	161087879	161088053	meth_B73.ref_B73_1:161087879..161088053	11.1111	.
B73_chr1	162037630	162046864	LTRRT_3936	B73_chr1	162038664	162039425	meth_B73.ref_B73_1:162038664..162039425	4.43548	.
B73_chr1	162037630	162046864	LTRRT_3936	B73_chr1	162045690	162046355	meth_B73.ref_B73_1:162045690..162046355	8.07292	.
B73_chr1	162111139	162117336	LTRRT_3937	B73_chr1	162117302	162117678	meth_B73.ref_B73_1:162117302..162117678	6.05096	.
B73_chr1	162297604	162311145	LTRRT_3940	B73_chr1	162300279	162300698	meth_B73.ref_B73_1:162300279..162300698	12.4343	.
B73_chr1	162297604	162311145	LTRRT_3940	B73_chr1	162307320	162307531	meth_B73.ref_B73_1:162307320..162307531	10.1124	.
B73_chr1	162297604	162311145	LTRRT_3940	B73_chr1	162307895	162308269	meth_B73.ref_B73_1:162307895..162308269	8.4922	.
B73_chr1	162297604	162311145	LTRRT_3940	B73_chr1	162299275	162299913	meth_B73.ref_B73_1:162299275..162299913	5.09804	.
B73_chr1	162662559	162672967	LTRRT_3947	B73_chr1	162669522	162669780	meth_B73.ref_B73_1:162669522..162669780	17.6471	.
B73_chr1	162807103	162822666	LTRRT_3950	B73_chr1	162809685	162810080	meth_B73.ref_B73_1:162809685..162810080	7.18232	.
B73_chr1	162807103	162822666	LTRRT_3950	B73_chr1	162820715	162820951	meth_B73.ref_B73_1:162820715..162820951	5.98291	.
B73_chr1	162874242	162877566	LTRRT_3952	B73_chr1	162877382	162879098	meth_B73.ref_B73_1:162877382..162879098	1.41667	.
B73_chr1	163540358	163549494	LTRRT_3967	B73_chr1	163541392	163542454	meth_B73.ref_B73_1:163541392..163542454	5.4371	.
B73_chr1	163540358	163549494	LTRRT_3967	B73_chr1	163548008	163549077	meth_B73.ref_B73_1:163548008..163549077	2.90456	.
B73_chr1	164119682	164133536	LTRRT_3980	B73_chr1	164128495	164129596	meth_B73.ref_B73_1:164128495..164129596	13.0711	.
B73_chr1	164119682	164133536	LTRRT_3980	B73_chr1	164130389	164131058	meth_B73.ref_B73_1:164130389..164131058	8.60927	.
B73_chr1	164119682	164133536	LTRRT_3980	B73_chr1	164131119	164131968	meth_B73.ref_B73_1:164131119..164131968	3.68852	.
B73_chr1	164165060	164171903	LTRRT_3982	B73_chr1	164171368	164171659	meth_B73.ref_B73_1:164171368..164171659	0	.
B73_chr1	164897857	164907023	LTRRT_3998	B73_chr1	164898401	164899344	meth_B73.ref_B73_1:164898401..164899344	1.90678	.
B73_chr1	164897857	164907023	LTRRT_3998	B73_chr1	164905075	164905977	meth_B73.ref_B73_1:164905075..164905977	8.83055	.
B73_chr1	165151480	165161054	LTRRT_4001	B73_chr1	165151924	165152137	meth_B73.ref_B73_1:165151924..165152137	8.33333	.
B73_chr1	165527841	165534686	LTRRT_4013	B73_chr1	165529189	165529906	meth_B73.ref_B73_1:165529189..165529906	10.4072	.
B73_chr1	165527841	165534686	LTRRT_4013	B73_chr1	165533647	165534057	meth_B73.ref_B73_1:165533647..165534057	6.42857	.
B73_chr1	166148568	166160394	LTRRT_4031	B73_chr1	166149319	166149772	meth_B73.ref_B73_1:166149319..166149772	0	.
B73_chr1	166148568	166160394	LTRRT_4031	B73_chr1	166156343	166156687	meth_B73.ref_B73_1:166156343..166156687	0.735294	.
B73_chr1	166259208	166268618	LTRRT_4034	B73_chr1	166267835	166268292	meth_B73.ref_B73_1:166267835..166268292	5.92593	.
B73_chr1	166659705	166666614	LTRRT_4041	B73_chr1	166660389	166660910	meth_B73.ref_B73_1:166660389..166660910	15.8311	.
B73_chr1	166659705	166666614	LTRRT_4041	B73_chr1	166664901	166665067	meth_B73.ref_B73_1:166664901..166665067	14.5161	.
B73_chr1	166704893	166723465	LTRRT_4044	B73_chr1	166708594	166709339	meth_B73.ref_B73_1:166708594..166709339	4.20712	.
B73_chr1	166704893	166723465	LTRRT_4044	B73_chr1	166712915	166713606	meth_B73.ref_B73_1:166712915..166713606	15.2318	.
B73_chr1	166736295	166750986	LTRRT_4046	B73_chr1	166737760	166737931	meth_B73.ref_B73_1:166737760..166737931	16.9231	.
B73_chr1	166775703	166790696	LTRRT_4047	B73_chr1	166788676	166788849	meth_B73.ref_B73_1:166788676..166788849	0	.
B73_chr1	167401756	167409192	LTRRT_4063	B73_chr1	167409176	167410432	meth_B73.ref_B73_1:167409176..167410432	1.74002	.
B73_chr1	168066257	168075831	LTRRT_4076	B73_chr1	168075638	168076526	meth_B73.ref_B73_1:168075638..168076526	1.91638	.
B73_chr1	168897915	168912599	LTRRT_4099	B73_chr1	168898761	168900082	meth_B73.ref_B73_1:168898761..168900082	4.05229	.
B73_chr1	168964266	168969722	LTRRT_4101	B73_chr1	168969714	168972113	meth_B73.ref_B73_1:168969714..168972113	0.693333	.
B73_chr1	168992641	168999592	LTRRT_4103	B73_chr1	168992944	168993195	meth_B73.ref_B73_1:168992944..168993195	2.76243	.
B73_chr1	168992641	168999592	LTRRT_4103	B73_chr1	168998218	168998589	meth_B73.ref_B73_1:168998218..168998589	4.90196	.
B73_chr1	169569359	169592466	LTRRT_4119	B73_chr1	169572012	169572185	meth_B73.ref_B73_1:169572012..169572185	10.9091	.
B73_chr1	170249849	170255345	LTRRT_4132	B73_chr1	170246439	170249992	meth_B73.ref_B73_1:170246439..170249992	2.1519	.
B73_chr1	171085069	171100472	LTRRT_4151	B73_chr1	171086847	171087021	meth_B73.ref_B73_1:171086847..171087021	4.54545	.
B73_chr1	171085069	171100472	LTRRT_4151	B73_chr1	171097383	171097959	meth_B73.ref_B73_1:171097383..171097959	6.66667	.
B73_chr1	171204695	171219733	LTRRT_4153	B73_chr1	171206528	171207212	meth_B73.ref_B73_1:171206528..171207212	8.0402	.
B73_chr1	171204695	171219733	LTRRT_4153	B73_chr1	171217548	171217861	meth_B73.ref_B73_1:171217548..171217861	10.8808	.
B73_chr1	171847233	171853368	LTRRT_4171	B73_chr1	171853334	171855715	meth_B73.ref_B73_1:171853334..171855715	0.4	.
B73_chr1	172862954	172872116	LTRRT_4195	B73_chr1	172864089	172864711	meth_B73.ref_B73_1:172864089..172864711	7.0922	.
B73_chr1	172862954	172872116	LTRRT_4195	B73_chr1	172870868	172871534	meth_B73.ref_B73_1:172870868..172871534	7.57238	.
B73_chr1	173055925	173063505	LTRRT_4201	B73_chr1	173062909	173063065	meth_B73.ref_B73_1:173062909..173063065	3.57143	.
B73_chr1	173752839	173759767	LTRRT_4216	B73_chr1	173753862	173754215	meth_B73.ref_B73_1:173753862..173754215	10.9677	.
B73_chr1	173951294	173956399	LTRRT_4218	B73_chr1	173955852	173956123	meth_B73.ref_B73_1:173955852..173956123	15.2672	.
B73_chr1	174048988	174054200	LTRRT_4221	B73_chr1	174049404	174049590	meth_B73.ref_B73_1:174049404..174049590	15.7143	.
B73_chr1	174048988	174054200	LTRRT_4221	B73_chr1	174053770	174053930	meth_B73.ref_B73_1:174053770..174053930	14.7727	.
B73_chr1	174545252	174555433	LTRRT_4235	B73_chr1	174546310	174547293	meth_B73.ref_B73_1:174546310..174547293	2.40642	.
B73_chr1	174545252	174555433	LTRRT_4235	B73_chr1	174554062	174554918	meth_B73.ref_B73_1:174554062..174554918	4.01891	.
B73_chr1	174754287	174766853	LTRRT_4240	B73_chr1	174754524	174754803	meth_B73.ref_B73_1:174754524..174754803	0	.
B73_chr1	174754287	174766853	LTRRT_4240	B73_chr1	174764069	174764316	meth_B73.ref_B73_1:174764069..174764316	1.23457	.
B73_chr1	176269920	176273147	LTRRT_4274	B73_chr1	176269612	176269983	meth_B73.ref_B73_1:176269612..176269983	2.45232	.
B73_chr1	176269920	176273147	LTRRT_4274	B73_chr1	176270195	176272851	meth_B73.ref_B73_1:176270195..176272851	0.542495	.
B73_chr1	178144189	178153482	LTRRT_4322	B73_chr1	178142376	178144220	meth_B73.ref_B73_1:178142376..178144220	0.951173	.
B73_chr1	178503435	178512850	LTRRT_4330	B73_chr1	178512262	178512660	meth_B73.ref_B73_1:178512262..178512660	15.3846	.
B73_chr1	178592302	178599722	LTRRT_4332	B73_chr1	178598635	178599011	meth_B73.ref_B73_1:178598635..178599011	10.1266	.
B73_chr1	178629893	178639082	LTRRT_4333	B73_chr1	178639042	178642186	meth_B73.ref_B73_1:178639042..178642186	1.71833	.
B73_chr1	179180993	179196563	LTRRT_4345	B73_chr1	179183507	179183967	meth_B73.ref_B73_1:179183507..179183967	16.3793	.
B73_chr1	179698304	179705670	LTRRT_4361	B73_chr1	179705569	179706315	meth_B73.ref_B73_1:179705569..179706315	2.22222	.
B73_chr1	179871586	179885503	LTRRT_4366	B73_chr1	179883279	179883671	meth_B73.ref_B73_1:179883279..179883671	2.77778	.
B73_chr1	179900509	179906133	LTRRT_4367	B73_chr1	179905834	179906740	meth_B73.ref_B73_1:179905834..179906740	5.26316	.
B73_chr1	180578791	180583540	LTRRT_4381	B73_chr1	180583430	180585001	meth_B73.ref_B73_1:180583430..180585001	1.04039	.
B73_chr1	182079539	182084677	LTRRT_4419	B73_chr1	182084603	182085629	meth_B73.ref_B73_1:182084603..182085629	6.37982	.
B73_chr1	182271868	182287268	LTRRT_4425	B73_chr1	182274381	182274692	meth_B73.ref_B73_1:182274381..182274692	0	.
B73_chr1	183066373	183081940	LTRRT_4441	B73_chr1	183079868	183080062	meth_B73.ref_B73_1:183079868..183080062	9.62567	.
B73_chr1	184117221	184124744	LTRRT_4468	B73_chr1	184117537	184117765	meth_B73.ref_B73_1:184117537..184117765	17.8947	.
B73_chr1	184117221	184124744	LTRRT_4468	B73_chr1	184123181	184123538	meth_B73.ref_B73_1:184123181..184123538	8.4	.
B73_chr1	184208091	184215311	LTRRT_4474	B73_chr1	184207677	184208158	meth_B73.ref_B73_1:184207677..184208158	2.50696	.
B73_chr1	184696408	184701209	LTRRT_4486	B73_chr1	184694430	184696631	meth_B73.ref_B73_1:184694430..184696631	1.49254	.
B73_chr1	184908275	184915636	LTRRT_4493	B73_chr1	184915039	184915451	meth_B73.ref_B73_1:184915039..184915451	3.10078	.
B73_chr1	186178651	186183907	LTRRT_4520	B73_chr1	186183878	186184517	meth_B73.ref_B73_1:186183878..186184517	3.21716	.
B73_chr1	186485736	186490921	LTRRT_4531	B73_chr1	186490790	186495786	meth_B73.ref_B73_1:186490790..186495786	1.03171	.
B73_chr1	186932036	186942729	LTRRT_4543	B73_chr1	186932881	186933475	meth_B73.ref_B73_1:186932881..186933475	15.4242	.
B73_chr1	186932036	186942729	LTRRT_4543	B73_chr1	186936924	186937210	meth_B73.ref_B73_1:186936924..186937210	12.9477	.
B73_chr1	186932036	186942729	LTRRT_4543	B73_chr1	186940131	186940389	meth_B73.ref_B73_1:186940131..186940389	12.9032	.
B73_chr1	186932036	186942729	LTRRT_4543	B73_chr1	186941118	186941740	meth_B73.ref_B73_1:186941118..186941740	8.98438	.
B73_chr1	188051736	188066139	LTRRT_4574	B73_chr1	188061430	188062702	meth_B73.ref_B73_1:188061430..188062702	8.82638	.
B73_chr1	188538060	188550143	LTRRT_4584	B73_chr1	188540340	188541279	meth_B73.ref_B73_1:188540340..188541279	3.92927	.
B73_chr1	188538060	188550143	LTRRT_4584	B73_chr1	188547946	188548909	meth_B73.ref_B73_1:188547946..188548909	1.43084	.
B73_chr1	189033794	189039191	LTRRT_4592	B73_chr1	189033103	189033854	meth_B73.ref_B73_1:189033103..189033854	1.74881	.
B73_chr1	189033794	189039191	LTRRT_4592	B73_chr1	189039134	189039908	meth_B73.ref_B73_1:189039134..189039908	1.01744	.
B73_chr1	189057938	189068444	LTRRT_4593	B73_chr1	189058372	189059792	meth_B73.ref_B73_1:189058372..189059792	0.137457	.
B73_chr1	189282276	189287802	LTRRT_4599	B73_chr1	189282012	189282312	meth_B73.ref_B73_1:189282012..189282312	4.04624	.
B73_chr1	189516555	189530208	LTRRT_4605	B73_chr1	189523746	189523900	meth_B73.ref_B73_1:189523746..189523900	12.1951	.
B73_chr1	189745130	189758348	LTRRT_4609	B73_chr1	189747787	189750233	meth_B73.ref_B73_1:189747787..189750233	1.16343	.
B73_chr1	189745130	189758348	LTRRT_4609	B73_chr1	189755485	189758131	meth_B73.ref_B73_1:189755485..189758131	0.600437	.
B73_chr1	194738402	194743766	LTRRT_4728	B73_chr1	194743340	194748353	meth_B73.ref_B73_1:194743340..194748353	1.30389	.
B73_chr1	195046242	195058234	LTRRT_4737	B73_chr1	195049075	195049334	meth_B73.ref_B73_1:195049075..195049334	4.08163	.
B73_chr1	195046242	195058234	LTRRT_4737	B73_chr1	195049663	195049823	meth_B73.ref_B73_1:195049663..195049823	0	.
B73_chr1	195046242	195058234	LTRRT_4737	B73_chr1	195049855	195050007	meth_B73.ref_B73_1:195049855..195050007	0	.
B73_chr1	195046242	195058234	LTRRT_4737	B73_chr1	195056670	195057615	meth_B73.ref_B73_1:195056670..195057615	2.04082	.
B73_chr1	195742583	195747872	LTRRT_4760	B73_chr1	195747451	195747752	meth_B73.ref_B73_1:195747451..195747752	10.3448	.
B73_chr1	195742583	195747872	LTRRT_4760	B73_chr1	195747828	195760114	meth_B73.ref_B73_1:195747828..195760114	0.996073	.
B73_chr1	196013149	196022959	LTRRT_4766	B73_chr1	196014231	196015102	meth_B73.ref_B73_1:196014231..196015102	3.59281	.
B73_chr1	196013149	196022959	LTRRT_4766	B73_chr1	196021699	196022404	meth_B73.ref_B73_1:196021699..196022404	6.2167	.
B73_chr1	196268974	196280514	LTRRT_4772	B73_chr1	196279078	196279250	meth_B73.ref_B73_1:196279078..196279250	0	.
B73_chr1	196289125	196296067	LTRRT_4773	B73_chr1	196289427	196289771	meth_B73.ref_B73_1:196289427..196289771	10.8108	.
B73_chr1	196289125	196296067	LTRRT_4773	B73_chr1	196294692	196295158	meth_B73.ref_B73_1:196294692..196295158	5.46075	.
B73_chr1	196996745	196999659	LTRRT_4786	B73_chr1	196999531	197000141	meth_B73.ref_B73_1:196999531..197000141	2.12418	.
B73_chr1	197145231	197156709	LTRRT_4789	B73_chr1	197155189	197156396	meth_B73.ref_B73_1:197155189..197156396	0.214592	.
B73_chr1	197145231	197156709	LTRRT_4789	B73_chr1	197148044	197149336	meth_B73.ref_B73_1:197148044..197149336	0	.
B73_chr1	197254765	197268157	LTRRT_4794	B73_chr1	197257395	197257639	meth_B73.ref_B73_1:197257395..197257639	5.71429	.
B73_chr1	197756786	197764212	LTRRT_4807	B73_chr1	197758605	197759536	meth_B73.ref_B73_1:197758605..197759536	0	.
B73_chr1	197756786	197764212	LTRRT_4807	B73_chr1	197763024	197763926	meth_B73.ref_B73_1:197763024..197763926	2.07337	.
B73_chr1	198913090	198918572	LTRRT_4834	B73_chr1	198911142	198913123	meth_B73.ref_B73_1:198911142..198913123	0.851064	.
B73_chr1	198913090	198918572	LTRRT_4834	B73_chr1	198917956	198918778	meth_B73.ref_B73_1:198917956..198918778	3.125	.
B73_chr1	198972483	198987455	LTRRT_4836	B73_chr1	198987339	198987495	meth_B73.ref_B73_1:198987339..198987495	5.55556	.
B73_chr1	199414956	199423878	LTRRT_4844	B73_chr1	199416498	199416780	meth_B73.ref_B73_1:199416498..199416780	8.33333	.
B73_chr1	199638807	199654528	LTRRT_4849	B73_chr1	199644146	199645502	meth_B73.ref_B73_1:199644146..199645502	11.6309	.
B73_chr1	199753713	199765346	LTRRT_4853	B73_chr1	199759637	199760207	meth_B73.ref_B73_1:199759637..199760207	1.8711	.
B73_chr1	200152674	200163827	LTRRT_4864	B73_chr1	200153863	200154057	meth_B73.ref_B73_1:200153863..200154057	17.9012	.
B73_chr1	200239617	200241449	LTRRT_4869	B73_chr1	200241399	200245672	meth_B73.ref_B73_1:200241399..200245672	1.21065	.
B73_chr1	201466919	201481916	LTRRT_4899	B73_chr1	201469122	201469435	meth_B73.ref_B73_1:201469122..201469435	14.3836	.
B73_chr1	202342799	202354528	LTRRT_4924	B73_chr1	202347179	202347356	meth_B73.ref_B73_1:202347179..202347356	17.0732	.
B73_chr1	202984895	202996882	LTRRT_4935	B73_chr1	202987448	202988616	meth_B73.ref_B73_1:202987448..202988616	1.14155	.
B73_chr1	202984895	202996882	LTRRT_4935	B73_chr1	202995023	202995451	meth_B73.ref_B73_1:202995023..202995451	1.36054	.
B73_chr1	202984895	202996882	LTRRT_4935	B73_chr1	202995736	202996231	meth_B73.ref_B73_1:202995736..202996231	2.97872	.
B73_chr1	203588089	203603489	LTRRT_4946	B73_chr1	203589868	203590042	meth_B73.ref_B73_1:203589868..203590042	8.57143	.
B73_chr1	203588089	203603489	LTRRT_4946	B73_chr1	203600400	203600774	meth_B73.ref_B73_1:203600400..203600774	6.25	.
B73_chr1	203733352	203747603	LTRRT_4951	B73_chr1	203736661	203737752	meth_B73.ref_B73_1:203736661..203737752	3.93519	.
B73_chr1	203733352	203747603	LTRRT_4951	B73_chr1	203744456	203745592	meth_B73.ref_B73_1:203744456..203745592	5.29661	.
B73_chr1	204142344	204156059	LTRRT_4957	B73_chr1	204143259	204143959	meth_B73.ref_B73_1:204143259..204143959	3.90244	.
B73_chr1	205321197	205332997	LTRRT_4992	B73_chr1	205327159	205327311	meth_B73.ref_B73_1:205327159..205327311	12.5	.
B73_chr1	205430117	205445517	LTRRT_4994	B73_chr1	205432771	205432944	meth_B73.ref_B73_1:205432771..205432944	5.55556	.
B73_chr1	205430117	205445517	LTRRT_4994	B73_chr1	205443632	205443897	meth_B73.ref_B73_1:205443632..205443897	5.55556	.
B73_chr1	205618932	205630447	LTRRT_4997	B73_chr1	205619579	205620001	meth_B73.ref_B73_1:205619579..205620001	1.17647	.
B73_chr1	205618932	205630447	LTRRT_4997	B73_chr1	205626468	205626966	meth_B73.ref_B73_1:205626468..205626966	4.14201	.
B73_chr1	205794491	205817997	LTRRT_5000	B73_chr1	205797757	205798260	meth_B73.ref_B73_1:205797757..205798260	16.8561	.
B73_chr1	205794491	205817997	LTRRT_5000	B73_chr1	205814940	205816101	meth_B73.ref_B73_1:205814940..205816101	12.7273	.
B73_chr1	206295537	206309356	LTRRT_5009	B73_chr1	206305320	206306367	meth_B73.ref_B73_1:206305320..206306367	1.55763	.
B73_chr1	206985043	206992203	LTRRT_5029	B73_chr1	206992137	206992978	meth_B73.ref_B73_1:206992137..206992978	0.801282	.
B73_chr1	207366686	207373533	LTRRT_5039	B73_chr1	207367168	207367899	meth_B73.ref_B73_1:207367168..207367899	2.32558	.
B73_chr1	207366686	207373533	LTRRT_5039	B73_chr1	207371866	207372187	meth_B73.ref_B73_1:207371866..207372187	1.63934	.
B73_chr1	207766597	207776772	LTRRT_5049	B73_chr1	207767111	207767991	meth_B73.ref_B73_1:207767111..207767991	1.8018	.
B73_chr1	207766597	207776772	LTRRT_5049	B73_chr1	207774729	207775578	meth_B73.ref_B73_1:207774729..207775578	2.00803	.
B73_chr1	208631550	208643173	LTRRT_5067	B73_chr1	208640280	208640449	meth_B73.ref_B73_1:208640280..208640449	3.57143	.
B73_chr1	209837411	209846936	LTRRT_5103	B73_chr1	209841789	209842049	meth_B73.ref_B73_1:209841789..209842049	11.7647	.
B73_chr1	210287651	210300616	LTRRT_5116	B73_chr1	210295360	210295772	meth_B73.ref_B73_1:210295360..210295772	8.25083	.
B73_chr1	210287651	210300616	LTRRT_5116	B73_chr1	210299280	210299585	meth_B73.ref_B73_1:210299280..210299585	13.4483	.
B73_chr1	210313212	210318322	LTRRT_5117	B73_chr1	210310096	210313498	meth_B73.ref_B73_1:210310096..210313498	0.726392	.
B73_chr1	210313212	210318322	LTRRT_5117	B73_chr1	210316008	210316252	meth_B73.ref_B73_1:210316008..210316252	4.16667	.
B73_chr1	210313212	210318322	LTRRT_5117	B73_chr1	210317854	210320754	meth_B73.ref_B73_1:210317854..210320754	1.14123	.
B73_chr1	210702024	210709441	LTRRT_5127	B73_chr1	210700859	210702040	meth_B73.ref_B73_1:210700859..210702040	1.53218	.
B73_chr1	211044559	211058312	LTRRT_5136	B73_chr1	211045154	211045342	meth_B73.ref_B73_1:211045154..211045342	8.69565	.
B73_chr1	211658410	211664640	LTRRT_5152	B73_chr1	211663387	211664151	meth_B73.ref_B73_1:211663387..211664151	1.72084	.
B73_chr1	211712204	211725551	LTRRT_5154	B73_chr1	211724840	211725012	meth_B73.ref_B73_1:211724840..211725012	11.7647	.
B73_chr1	211972199	211976461	LTRRT_5160	B73_chr1	211971602	211972221	meth_B73.ref_B73_1:211971602..211972221	3.66972	.
B73_chr1	212112730	212122747	LTRRT_5165	B73_chr1	212113295	212114528	meth_B73.ref_B73_1:212113295..212114528	0.114943	.
B73_chr1	212112730	212122747	LTRRT_5165	B73_chr1	212120181	212121344	meth_B73.ref_B73_1:212120181..212121344	0.917431	.
B73_chr1	213090421	213096845	LTRRT_5189	B73_chr1	213090950	213091238	meth_B73.ref_B73_1:213090950..213091238	10.8696	.
B73_chr1	214357933	214360085	LTRRT_5220	B73_chr1	214359640	214363332	meth_B73.ref_B73_1:214359640..214363332	1.64594	.
B73_chr1	214964132	214972214	LTRRT_5239	B73_chr1	214966333	214966738	meth_B73.ref_B73_1:214966333..214966738	0	.
B73_chr1	214964132	214972214	LTRRT_5239	B73_chr1	214967085	214967334	meth_B73.ref_B73_1:214967085..214967334	2.38095	.
B73_chr1	214964132	214972214	LTRRT_5239	B73_chr1	214970995	214971458	meth_B73.ref_B73_1:214970995..214971458	0	.
B73_chr1	215390470	215397921	LTRRT_5249	B73_chr1	215389567	215390575	meth_B73.ref_B73_1:215389567..215390575	0.399202	.
B73_chr1	216182012	216190956	LTRRT_5267	B73_chr1	216186058	216186253	meth_B73.ref_B73_1:216186058..216186253	9.67742	.
B73_chr1	216542461	216544728	LTRRT_5275	B73_chr1	216543092	216543582	meth_B73.ref_B73_1:216543092..216543582	1.16009	.
B73_chr1	216770136	216785086	LTRRT_5280	B73_chr1	216782586	216782739	meth_B73.ref_B73_1:216782586..216782739	11.8421	.
B73_chr1	216951911	216965116	LTRRT_5286	B73_chr1	216954625	216954777	meth_B73.ref_B73_1:216954625..216954777	14.375	.
B73_chr1	216951911	216965116	LTRRT_5286	B73_chr1	216955367	216956146	meth_B73.ref_B73_1:216955367..216956146	0.858369	.
B73_chr1	216951911	216965116	LTRRT_5286	B73_chr1	216961626	216961808	meth_B73.ref_B73_1:216961626..216961808	13.1148	.
B73_chr1	216951911	216965116	LTRRT_5286	B73_chr1	216962045	216962307	meth_B73.ref_B73_1:216962045..216962307	11.7647	.
B73_chr1	216951911	216965116	LTRRT_5286	B73_chr1	216962425	216962852	meth_B73.ref_B73_1:216962425..216962852	0	.
B73_chr1	216951911	216965116	LTRRT_5286	B73_chr1	216962939	216963692	meth_B73.ref_B73_1:216962939..216963692	5.5814	.
B73_chr1	219070069	219079434	LTRRT_5340	B73_chr1	219071105	219071825	meth_B73.ref_B73_1:219071105..219071825	6.12245	.
B73_chr1	219070069	219079434	LTRRT_5340	B73_chr1	219078101	219079000	meth_B73.ref_B73_1:219078101..219079000	5	.
B73_chr1	219339231	219344471	LTRRT_5343	B73_chr1	219344391	219348089	meth_B73.ref_B73_1:219344391..219348089	1.59574	.
B73_chr1	219362267	219367543	LTRRT_5345	B73_chr1	219361416	219362331	meth_B73.ref_B73_1:219361416..219362331	3.51145	.
B73_chr1	219362267	219367543	LTRRT_5345	B73_chr1	219363386	219363557	meth_B73.ref_B73_1:219363386..219363557	15	.
B73_chr1	219362267	219367543	LTRRT_5345	B73_chr1	219364344	219364772	meth_B73.ref_B73_1:219364344..219364772	15.2299	.
B73_chr1	219362267	219367543	LTRRT_5345	B73_chr1	219365128	219373656	meth_B73.ref_B73_1:219365128..219373656	3.03456	.
B73_chr1	219439671	219448820	LTRRT_5348	B73_chr1	219440267	219441164	meth_B73.ref_B73_1:219440267..219441164	3.13316	.
B73_chr1	219439671	219448820	LTRRT_5348	B73_chr1	219446702	219447639	meth_B73.ref_B73_1:219446702..219447639	2.21811	.
B73_chr1	220001411	220016396	LTRRT_5359	B73_chr1	220003443	220003906	meth_B73.ref_B73_1:220003443..220003906	6.34921	.
B73_chr1	220699820	220708269	LTRRT_5375	B73_chr1	220700185	220700715	meth_B73.ref_B73_1:220700185..220700715	0.938967	.
B73_chr1	220699820	220708269	LTRRT_5375	B73_chr1	220705080	220705615	meth_B73.ref_B73_1:220705080..220705615	1.11421	.
B73_chr1	220895788	220909331	LTRRT_5381	B73_chr1	220898896	220899074	meth_B73.ref_B73_1:220898896..220899074	6.45161	.
B73_chr1	221972141	221979030	LTRRT_5406	B73_chr1	221972793	221973176	meth_B73.ref_B73_1:221972793..221973176	16.1972	.
B73_chr1	221972141	221979030	LTRRT_5406	B73_chr1	221977108	221977479	meth_B73.ref_B73_1:221977108..221977479	13.9394	.
B73_chr1	222252229	222259034	LTRRT_5413	B73_chr1	222250824	222252251	meth_B73.ref_B73_1:222250824..222252251	2.03686	.
B73_chr1	222716972	222724212	LTRRT_5427	B73_chr1	222724146	222725031	meth_B73.ref_B73_1:222724146..222725031	0.614439	.
B73_chr1	222826994	222832127	LTRRT_5430	B73_chr1	222822251	222827086	meth_B73.ref_B73_1:222822251..222827086	2.4776	.
B73_chr1	223885899	223889272	LTRRT_5459	B73_chr1	223885650	223885958	meth_B73.ref_B73_1:223885650..223885958	11.8243	.
B73_chr1	224123826	224135593	LTRRT_5461	B73_chr1	224121551	224123832	meth_B73.ref_B73_1:224121551..224123832	0.21751	.
B73_chr1	224509315	224516676	LTRRT_5470	B73_chr1	224509933	224510084	meth_B73.ref_B73_1:224509933..224510084	0	.
B73_chr1	225663433	225677192	LTRRT_5493	B73_chr1	225675154	225675348	meth_B73.ref_B73_1:225675154..225675348	13.7255	.
B73_chr1	226310410	226316288	LTRRT_5508	B73_chr1	226305878	226310444	meth_B73.ref_B73_1:226305878..226310444	0.375846	.
B73_chr1	226333379	226338786	LTRRT_5509	B73_chr1	226333508	226333798	meth_B73.ref_B73_1:226333508..226333798	15.8654	.
B73_chr1	226509713	226512097	LTRRT_5516	B73_chr1	226506937	226510115	meth_B73.ref_B73_1:226506937..226510115	0.535141	.
B73_chr1	226756357	226766545	LTRRT_5523	B73_chr1	226757448	226758400	meth_B73.ref_B73_1:226757448..226758400	2.2541	.
B73_chr1	226756357	226766545	LTRRT_5523	B73_chr1	226765044	226766030	meth_B73.ref_B73_1:226765044..226766030	2.84974	.
B73_chr1	227611141	227618575	LTRRT_5543	B73_chr1	227618556	227621526	meth_B73.ref_B73_1:227618556..227621526	0.461627	.
B73_chr1	228037150	228044484	LTRRT_5552	B73_chr1	228036865	228037166	meth_B73.ref_B73_1:228036865..228037166	16.6667	.
B73_chr1	228184116	228191046	LTRRT_5556	B73_chr1	228184419	228184791	meth_B73.ref_B73_1:228184419..228184791	10.9489	.
B73_chr1	228184116	228191046	LTRRT_5556	B73_chr1	228189668	228190047	meth_B73.ref_B73_1:228189668..228190047	9.61538	.
B73_chr1	228851090	228860391	LTRRT_5568	B73_chr1	228851805	228851963	meth_B73.ref_B73_1:228851805..228851963	10	.
B73_chr1	229289974	229295287	LTRRT_5582	B73_chr1	229288504	229290174	meth_B73.ref_B73_1:229288504..229290174	1.51844	.
B73_chr1	229309592	229318604	LTRRT_5583	B73_chr1	229313946	229314158	meth_B73.ref_B73_1:229313946..229314158	16.9811	.
B73_chr1	230614704	230621569	LTRRT_5620	B73_chr1	230615122	230615312	meth_B73.ref_B73_1:230615122..230615312	7.8125	.
B73_chr1	230614704	230621569	LTRRT_5620	B73_chr1	230620192	230620571	meth_B73.ref_B73_1:230620192..230620571	12.1581	.
B73_chr1	231766398	231772584	LTRRT_5651	B73_chr1	231772561	231777537	meth_B73.ref_B73_1:231772561..231777537	0.53642	.
B73_chr1	231797539	231807068	LTRRT_5652	B73_chr1	231798835	231799001	meth_B73.ref_B73_1:231798835..231799001	10.7143	.
B73_chr1	232872470	232887413	LTRRT_5684	B73_chr1	232869490	232872519	meth_B73.ref_B73_1:232869490..232872519	1.46628	.
B73_chr1	232872470	232887413	LTRRT_5684	B73_chr1	232887354	232891542	meth_B73.ref_B73_1:232887354..232891542	1.06132	.
B73_chr1	233354524	233370097	LTRRT_5699	B73_chr1	233367272	233367446	meth_B73.ref_B73_1:233367272..233367446	18	.
B73_chr1	234290411	234295234	LTRRT_5720	B73_chr1	234295216	234296264	meth_B73.ref_B73_1:234295216..234296264	2.17984	.
B73_chr1	234352260	234362972	LTRRT_5722	B73_chr1	234352316	234352772	meth_B73.ref_B73_1:234352316..234352772	0	.
B73_chr1	234713280	234719735	LTRRT_5731	B73_chr1	234713653	234714122	meth_B73.ref_B73_1:234713653..234714122	2.45614	.
B73_chr1	234738258	234739718	LTRRT_5732	B73_chr1	234734875	234738464	meth_B73.ref_B73_1:234734875..234738464	0.627943	.
B73_chr1	235851434	235857990	LTRRT_5755	B73_chr1	235855905	235857767	meth_B73.ref_B73_1:235855905..235857767	3.33333	.
B73_chr1	235851434	235857990	LTRRT_5755	B73_chr1	235857954	235860582	meth_B73.ref_B73_1:235857954..235860582	0.213402	.
B73_chr1	236511511	236522449	LTRRT_5765	B73_chr1	236512589	236512838	meth_B73.ref_B73_1:236512589..236512838	11.1111	.
B73_chr1	236511511	236522449	LTRRT_5765	B73_chr1	236517893	236518119	meth_B73.ref_B73_1:236517893..236518119	12	.
B73_chr1	237128994	237135895	LTRRT_5785	B73_chr1	237129256	237130036	meth_B73.ref_B73_1:237129256..237130036	4.45545	.
B73_chr1	237128994	237135895	LTRRT_5785	B73_chr1	237133783	237134351	meth_B73.ref_B73_1:237133783..237134351	5.45024	.
B73_chr1	237686071	237692902	LTRRT_5794	B73_chr1	237691538	237691804	meth_B73.ref_B73_1:237691538..237691804	15.4867	.
B73_chr1	237686071	237692902	LTRRT_5794	B73_chr1	237691925	237692469	meth_B73.ref_B73_1:237691925..237692469	9.34343	.
B73_chr1	238170667	238184186	LTRRT_5803	B73_chr1	238174588	238174929	meth_B73.ref_B73_1:238174588..238174929	0	.
B73_chr1	238170667	238184186	LTRRT_5803	B73_chr1	238182726	238183095	meth_B73.ref_B73_1:238182726..238183095	0	.
B73_chr1	238222559	238228059	LTRRT_5805	B73_chr1	238221764	238222612	meth_B73.ref_B73_1:238221764..238222612	0.992366	.
B73_chr1	238222559	238228059	LTRRT_5805	B73_chr1	238224587	238225418	meth_B73.ref_B73_1:238224587..238225418	4.12621	.
B73_chr1	238222559	238228059	LTRRT_5805	B73_chr1	238227619	238227821	meth_B73.ref_B73_1:238227619..238227821	12.987	.
B73_chr1	238222559	238228059	LTRRT_5805	B73_chr1	238227978	238232860	meth_B73.ref_B73_1:238227978..238232860	0.15859	.
B73_chr1	238415955	238425399	LTRRT_5809	B73_chr1	238422649	238422810	meth_B73.ref_B73_1:238422649..238422810	6.25	.
B73_chr1	238521675	238535662	LTRRT_5812	B73_chr1	238525138	238525836	meth_B73.ref_B73_1:238525138..238525836	12.1053	.
B73_chr1	238521675	238535662	LTRRT_5812	B73_chr1	238529567	238529884	meth_B73.ref_B73_1:238529567..238529884	6.45161	.
B73_chr1	238521675	238535662	LTRRT_5812	B73_chr1	238530008	238530269	meth_B73.ref_B73_1:238530008..238530269	3.33333	.
B73_chr1	238837181	238844093	LTRRT_5823	B73_chr1	238838567	238839284	meth_B73.ref_B73_1:238838567..238839284	7.69231	.
B73_chr1	238837181	238844093	LTRRT_5823	B73_chr1	238842919	238843749	meth_B73.ref_B73_1:238842919..238843749	11.4286	.
B73_chr1	240379046	240392838	LTRRT_5862	B73_chr1	240381251	240381564	meth_B73.ref_B73_1:240381251..240381564	10.7143	.
B73_chr1	241208871	241214030	LTRRT_5889	B73_chr1	241206894	241208991	meth_B73.ref_B73_1:241206894..241208991	6.6879	.
B73_chr1	241398234	241411828	LTRRT_5893	B73_chr1	241399607	241399778	meth_B73.ref_B73_1:241399607..241399778	0	.
B73_chr1	241927461	241944394	LTRRT_5904	B73_chr1	241929649	241930362	meth_B73.ref_B73_1:241929649..241930362	6.34249	.
B73_chr1	241927461	241944394	LTRRT_5904	B73_chr1	241941290	241941931	meth_B73.ref_B73_1:241941290..241941931	6.4257	.
B73_chr1	242291054	242298836	LTRRT_5910	B73_chr1	242296983	242298648	meth_B73.ref_B73_1:242296983..242298648	0.615385	.
B73_chr1	242291054	242298836	LTRRT_5910	B73_chr1	242298802	242299220	meth_B73.ref_B73_1:242298802..242299220	4.10448	.
B73_chr1	242314750	242320555	LTRRT_5911	B73_chr1	242311228	242314790	meth_B73.ref_B73_1:242311228..242314790	1.21153	.
B73_chr1	242675249	242698162	LTRRT_5918	B73_chr1	242677304	242677936	meth_B73.ref_B73_1:242677304..242677936	0.280899	.
B73_chr1	242675249	242698162	LTRRT_5918	B73_chr1	242677962	242679434	meth_B73.ref_B73_1:242677962..242679434	0.15748	.
B73_chr1	242675249	242698162	LTRRT_5918	B73_chr1	242696434	242697903	meth_B73.ref_B73_1:242696434..242697903	0.18018	.
B73_chr1	242675249	242698162	LTRRT_5918	B73_chr1	242695773	242696382	meth_B73.ref_B73_1:242695773..242696382	0.77821	.
B73_chr1	243426540	243431780	LTRRT_5942	B73_chr1	243426089	243426678	meth_B73.ref_B73_1:243426089..243426678	7.55396	.
B73_chr1	243639167	243647394	LTRRT_5949	B73_chr1	243639133	243640918	meth_B73.ref_B73_1:243639133..243640918	0.458015	.
B73_chr1	243639167	243647394	LTRRT_5949	B73_chr1	243644158	243645821	meth_B73.ref_B73_1:243644158..243645821	0.221484	.
B73_chr1	244033076	244040041	LTRRT_5961	B73_chr1	244033866	244034052	meth_B73.ref_B73_1:244033866..244034052	11.7647	.
B73_chr1	244033076	244040041	LTRRT_5961	B73_chr1	244038231	244038622	meth_B73.ref_B73_1:244038231..244038622	6.17284	.
B73_chr1	244219745	244235270	LTRRT_5968	B73_chr1	244226028	244226963	meth_B73.ref_B73_1:244226028..244226963	7.68362	.
B73_chr1	244751429	244757451	LTRRT_5980	B73_chr1	244750774	244751431	meth_B73.ref_B73_1:244750774..244751431	0.297177	.
B73_chr1	245540048	245555117	LTRRT_6001	B73_chr1	245539029	245540054	meth_B73.ref_B73_1:245539029..245540054	3.05344	.
B73_chr1	245930755	245936211	LTRRT_6011	B73_chr1	245934320	245935795	meth_B73.ref_B73_1:245934320..245935795	2.22772	.
B73_chr1	246507587	246521259	LTRRT_6020	B73_chr1	246518334	246518503	meth_B73.ref_B73_1:246518334..246518503	0	.
B73_chr1	246594974	246604581	LTRRT_6022	B73_chr1	246604557	246605368	meth_B73.ref_B73_1:246604557..246605368	2.66041	.
B73_chr1	247757229	247764806	LTRRT_6044	B73_chr1	247757548	247757788	meth_B73.ref_B73_1:247757548..247757788	17.8295	.
B73_chr1	247757229	247764806	LTRRT_6044	B73_chr1	247764256	247764500	meth_B73.ref_B73_1:247764256..247764500	17.2131	.
B73_chr1	248168553	248175950	LTRRT_6053	B73_chr1	248175929	248178452	meth_B73.ref_B73_1:248175929..248178452	0.211305	.
B73_chr1	249872033	249885913	LTRRT_6092	B73_chr1	249874387	249874955	meth_B73.ref_B73_1:249874387..249874955	2.99539	.
B73_chr1	249872033	249885913	LTRRT_6092	B73_chr1	249881616	249882097	meth_B73.ref_B73_1:249881616..249882097	0	.
B73_chr1	249872033	249885913	LTRRT_6092	B73_chr1	249882699	249883261	meth_B73.ref_B73_1:249882699..249883261	16.4336	.
B73_chr1	249933847	249943020	LTRRT_6093	B73_chr1	249934250	249935163	meth_B73.ref_B73_1:249934250..249935163	3.74065	.
B73_chr1	249933847	249943020	LTRRT_6093	B73_chr1	249941032	249941973	meth_B73.ref_B73_1:249941032..249941973	2.91411	.
B73_chr1	250559107	250575670	LTRRT_6108	B73_chr1	250559503	250559718	meth_B73.ref_B73_1:250559503..250559718	2.5	.
B73_chr1	250559107	250575670	LTRRT_6108	B73_chr1	250559744	250560079	meth_B73.ref_B73_1:250559744..250560079	0	.
B73_chr1	250559107	250575670	LTRRT_6108	B73_chr1	250573508	250574029	meth_B73.ref_B73_1:250573508..250574029	2.5	.
B73_chr1	250638822	250648978	LTRRT_6111	B73_chr1	250638888	250639120	meth_B73.ref_B73_1:250638888..250639120	5.40541	.
B73_chr1	250638822	250648978	LTRRT_6111	B73_chr1	250639320	250640279	meth_B73.ref_B73_1:250639320..250640279	3.94737	.
B73_chr1	250638822	250648978	LTRRT_6111	B73_chr1	250646931	250647815	meth_B73.ref_B73_1:250646931..250647815	2.11864	.
B73_chr1	252367669	252372971	LTRRT_6153	B73_chr1	252372770	252376106	meth_B73.ref_B73_1:252372770..252376106	1.49885	.
B73_chr1	252739028	252747884	LTRRT_6159	B73_chr1	252747291	252747481	meth_B73.ref_B73_1:252747291..252747481	17.3913	.
B73_chr1	253754383	253761291	LTRRT_6191	B73_chr1	253754873	253755209	meth_B73.ref_B73_1:253754873..253755209	12.6582	.
B73_chr1	253765041	253774356	LTRRT_6192	B73_chr1	253767205	253767382	meth_B73.ref_B73_1:253767205..253767382	9.67742	.
B73_chr1	254868937	254878990	LTRRT_6224	B73_chr1	254878244	254878490	meth_B73.ref_B73_1:254878244..254878490	13.0435	.
B73_chr1	257043057	257048323	LTRRT_6270	B73_chr1	257040711	257044041	meth_B73.ref_B73_1:257040711..257044041	1.26197	.
B73_chr1	257043057	257048323	LTRRT_6270	B73_chr1	257044184	257044722	meth_B73.ref_B73_1:257044184..257044722	14.8248	.
B73_chr1	257043057	257048323	LTRRT_6270	B73_chr1	257047850	257049637	meth_B73.ref_B73_1:257047850..257049637	0.522648	.
B73_chr1	257069289	257077320	LTRRT_6272	B73_chr1	257069021	257069334	meth_B73.ref_B73_1:257069021..257069334	1.71306	.
B73_chr1	257177691	257187432	LTRRT_6274	B73_chr1	257180212	257180384	meth_B73.ref_B73_1:257180212..257180384	4.54545	.
B73_chr1	257518620	257534402	LTRRT_6281	B73_chr1	257519934	257520206	meth_B73.ref_B73_1:257519934..257520206	0	.
B73_chr1	257518620	257534402	LTRRT_6281	B73_chr1	257532117	257532434	meth_B73.ref_B73_1:257532117..257532434	0	.
B73_chr1	257646168	257657856	LTRRT_6287	B73_chr1	257648713	257649361	meth_B73.ref_B73_1:257648713..257649361	0.902935	.
B73_chr1	257646168	257657856	LTRRT_6287	B73_chr1	257656160	257656890	meth_B73.ref_B73_1:257656160..257656890	0.956938	.
B73_chr1	257714077	257723340	LTRRT_6289	B73_chr1	257714603	257715363	meth_B73.ref_B73_1:257714603..257715363	5.74713	.
B73_chr1	257714077	257723340	LTRRT_6289	B73_chr1	257721546	257722338	meth_B73.ref_B73_1:257721546..257722338	6.77419	.
B73_chr1	257992103	257998945	LTRRT_6296	B73_chr1	257992581	257993197	meth_B73.ref_B73_1:257992581..257993197	3.08642	.
B73_chr1	257992103	257998945	LTRRT_6296	B73_chr1	257996880	257997444	meth_B73.ref_B73_1:257996880..257997444	0.819672	.
B73_chr1	260934065	260938669	LTRRT_6377	B73_chr1	260933424	260934105	meth_B73.ref_B73_1:260933424..260934105	1.97487	.
B73_chr1	261189694	261200021	LTRRT_6383	B73_chr1	261192043	261192209	meth_B73.ref_B73_1:261192043..261192209	3.57143	.
B73_chr1	261636895	261643740	LTRRT_6397	B73_chr1	261637390	261638116	meth_B73.ref_B73_1:261637390..261638116	1.85759	.
B73_chr1	261636895	261643740	LTRRT_6397	B73_chr1	261641680	261642405	meth_B73.ref_B73_1:261641680..261642405	6.79157	.
B73_chr1	261947828	261962865	LTRRT_6402	B73_chr1	261950033	261950346	meth_B73.ref_B73_1:261950033..261950346	4.49438	.
B73_chr1	261978197	261987265	LTRRT_6403	B73_chr1	261978680	261979430	meth_B73.ref_B73_1:261978680..261979430	1.65877	.
B73_chr1	261978197	261987265	LTRRT_6403	B73_chr1	261985277	261986259	meth_B73.ref_B73_1:261985277..261986259	6.33947	.
B73_chr1	262673797	262686175	LTRRT_6421	B73_chr1	262674221	262675684	meth_B73.ref_B73_1:262674221..262675684	6.41399	.
B73_chr1	262824353	262829587	LTRRT_6427	B73_chr1	262822787	262824463	meth_B73.ref_B73_1:262822787..262824463	0.676329	.
B73_chr1	262824353	262829587	LTRRT_6427	B73_chr1	262829527	262833009	meth_B73.ref_B73_1:262829527..262833009	1.01626	.
B73_chr1	263362582	263376296	LTRRT_6441	B73_chr1	263373800	263373971	meth_B73.ref_B73_1:263373800..263373971	5.26316	.
B73_chr1	263362582	263376296	LTRRT_6441	B73_chr1	263376290	263377357	meth_B73.ref_B73_1:263376290..263377357	4.46549	.
B73_chr1	263449999	263459671	LTRRT_6442	B73_chr1	263450390	263450546	meth_B73.ref_B73_1:263450390..263450546	0	.
B73_chr1	264442284	264453960	LTRRT_6464	B73_chr1	264444646	264444803	meth_B73.ref_B73_1:264444646..264444803	8.33333	.
B73_chr1	264821111	264830492	LTRRT_6475	B73_chr1	264821208	264821364	meth_B73.ref_B73_1:264821208..264821364	15.7895	.
B73_chr1	264821111	264830492	LTRRT_6475	B73_chr1	264828404	264828673	meth_B73.ref_B73_1:264828404..264828673	3.22581	.
B73_chr1	264890705	264901306	LTRRT_6477	B73_chr1	264891013	264891432	meth_B73.ref_B73_1:264891013..264891432	0	.
B73_chr1	266002289	266012067	LTRRT_6502	B73_chr1	266003411	266004154	meth_B73.ref_B73_1:266003411..266004154	3.44828	.
B73_chr1	266002289	266012067	LTRRT_6502	B73_chr1	266010879	266011683	meth_B73.ref_B73_1:266010879..266011683	6.92308	.
B73_chr1	266231559	266241016	LTRRT_6507	B73_chr1	266239282	266239458	meth_B73.ref_B73_1:266239282..266239458	16.6667	.
B73_chr1	266250544	266256274	LTRRT_6508	B73_chr1	266256231	266260424	meth_B73.ref_B73_1:266256231..266260424	0.80136	.
B73_chr1	266261949	266263801	LTRRT_6509	B73_chr1	266263759	266265270	meth_B73.ref_B73_1:266263759..266265270	2.1164	.
B73_chr1	266461761	266473477	LTRRT_6518	B73_chr1	266462047	266462413	meth_B73.ref_B73_1:266462047..266462413	0	.
B73_chr1	266461761	266473477	LTRRT_6518	B73_chr1	266469641	266470084	meth_B73.ref_B73_1:266469641..266470084	0.943396	.
B73_chr1	266644441	266658251	LTRRT_6525	B73_chr1	266647991	266648258	meth_B73.ref_B73_1:266647991..266648258	13.3333	.
B73_chr1	266644441	266658251	LTRRT_6525	B73_chr1	266655411	266655660	meth_B73.ref_B73_1:266655411..266655660	4.05405	.
B73_chr1	266702809	266708222	LTRRT_6527	B73_chr1	266701924	266703039	meth_B73.ref_B73_1:266701924..266703039	1.57729	.
B73_chr1	267251285	267263965	LTRRT_6542	B73_chr1	267251569	267252319	meth_B73.ref_B73_1:267251569..267252319	1.13895	.
B73_chr1	267251285	267263965	LTRRT_6542	B73_chr1	267260902	267261489	meth_B73.ref_B73_1:267260902..267261489	1.29032	.
B73_chr1	267636452	267642829	LTRRT_6551	B73_chr1	267636871	267637649	meth_B73.ref_B73_1:267636871..267637649	1.08225	.
B73_chr1	267660900	267665692	LTRRT_6552	B73_chr1	267665601	267667389	meth_B73.ref_B73_1:267665601..267667389	1.10193	.
B73_chr1	268041049	268057966	LTRRT_6563	B73_chr1	268057335	268057562	meth_B73.ref_B73_1:268057335..268057562	20.3704	.
B73_chr1	268476346	268481569	LTRRT_6573	B73_chr1	268476855	268477611	meth_B73.ref_B73_1:268476855..268477611	11.976	.
B73_chr1	268476346	268481569	LTRRT_6573	B73_chr1	268480500	268480731	meth_B73.ref_B73_1:268480500..268480731	7.93651	.
B73_chr1	268476346	268481569	LTRRT_6573	B73_chr1	268480814	268481064	meth_B73.ref_B73_1:268480814..268481064	2.0202	.
B73_chr1	268950567	268955619	LTRRT_6584	B73_chr1	268949438	268950634	meth_B73.ref_B73_1:268949438..268950634	1.27907	.
B73_chr1	269196119	269199258	LTRRT_6591	B73_chr1	269195283	269204367	meth_B73.ref_B73_1:269195283..269204367	0.243974	.
B73_chr1	269821002	269833828	LTRRT_6614	B73_chr1	269833181	269833456	meth_B73.ref_B73_1:269833181..269833456	11.4286	.
B73_chr1	269876274	269881219	LTRRT_6615	B73_chr1	269877524	269877756	meth_B73.ref_B73_1:269877524..269877756	11.6883	.
B73_chr1	269876274	269881219	LTRRT_6615	B73_chr1	269878148	269882836	meth_B73.ref_B73_1:269878148..269882836	2.7972	.
B73_chr1	270239185	270248200	LTRRT_6626	B73_chr1	270239886	270240051	meth_B73.ref_B73_1:270239886..270240051	14.2857	.
B73_chr1	270625516	270640918	LTRRT_6634	B73_chr1	270628029	270628605	meth_B73.ref_B73_1:270628029..270628605	7.24638	.
B73_chr1	270625516	270640918	LTRRT_6634	B73_chr1	270639055	270639403	meth_B73.ref_B73_1:270639055..270639403	6.25	.
B73_chr1	270836691	270846136	LTRRT_6637	B73_chr1	270846087	270849239	meth_B73.ref_B73_1:270846087..270849239	0.460476	.
B73_chr1	272343839	272350854	LTRRT_6675	B73_chr1	272345274	272345699	meth_B73.ref_B73_1:272345274..272345699	9.40171	.
B73_chr1	272343839	272350854	LTRRT_6675	B73_chr1	272350112	272350275	meth_B73.ref_B73_1:272350112..272350275	0	.
B73_chr1	273727608	273733601	LTRRT_6703	B73_chr1	273728019	273728737	meth_B73.ref_B73_1:273728019..273728737	7.35294	.
B73_chr1	273727608	273733601	LTRRT_6703	B73_chr1	273733551	273734212	meth_B73.ref_B73_1:273733551..273734212	4.32357	.
B73_chr1	273727608	273733601	LTRRT_6703	B73_chr1	273726510	273727649	meth_B73.ref_B73_1:273726510..273727649	0.560538	.
B73_chr1	273751344	273760875	LTRRT_6704	B73_chr1	273755803	273755976	meth_B73.ref_B73_1:273755803..273755976	11.5385	.
B73_chr1	273796515	273802732	LTRRT_6706	B73_chr1	273802685	273802895	meth_B73.ref_B73_1:273802685..273802895	0	.
B73_chr1	274970813	274984419	LTRRT_6729	B73_chr1	274983480	274983700	meth_B73.ref_B73_1:274983480..274983700	0	.
B73_chr1	275243502	275246450	LTRRT_6735	B73_chr1	275243842	275245412	meth_B73.ref_B73_1:275243842..275245412	0.473293	.
B73_chr1	276312582	276321628	LTRRT_6766	B73_chr1	276320683	276320880	meth_B73.ref_B73_1:276320683..276320880	8.06452	.
B73_chr1	276504191	276517427	LTRRT_6771	B73_chr1	276506591	276507109	meth_B73.ref_B73_1:276506591..276507109	6.80851	.
B73_chr1	276504191	276517427	LTRRT_6771	B73_chr1	276513677	276514535	meth_B73.ref_B73_1:276513677..276514535	10.1877	.
B73_chr1	276577701	276584410	LTRRT_6775	B73_chr1	276582170	276582637	meth_B73.ref_B73_1:276582170..276582637	9.32203	.
B73_chr1	276577701	276584410	LTRRT_6775	B73_chr1	276582688	276584159	meth_B73.ref_B73_1:276582688..276584159	1.56047	.
B73_chr1	276577701	276584410	LTRRT_6775	B73_chr1	276584291	276584924	meth_B73.ref_B73_1:276584291..276584924	4.51613	.
B73_chr1	276909021	276922956	LTRRT_6785	B73_chr1	276922951	276924330	meth_B73.ref_B73_1:276922951..276924330	0.309119	.
B73_chr1	277085791	277090374	LTRRT_6792	B73_chr1	277084396	277085840	meth_B73.ref_B73_1:277084396..277085840	0.203459	.
B73_chr1	277085791	277090374	LTRRT_6792	B73_chr1	277090343	277091340	meth_B73.ref_B73_1:277090343..277091340	2.12121	.
B73_chr1	277652073	277654790	LTRRT_6804	B73_chr1	277652295	277654503	meth_B73.ref_B73_1:277652295..277654503	1.21731	.
B73_chr1	277652073	277654790	LTRRT_6804	B73_chr1	277654757	277655621	meth_B73.ref_B73_1:277654757..277655621	1.79171	.
B73_chr1	277709784	277715769	LTRRT_6806	B73_chr1	277715767	277716905	meth_B73.ref_B73_1:277715767..277716905	11.3169	.
B73_chr1	277709784	277715769	LTRRT_6806	B73_chr1	277708318	277709862	meth_B73.ref_B73_1:277708318..277709862	3.82775	.
B73_chr1	278427830	278433502	LTRRT_6825	B73_chr1	278428275	278428776	meth_B73.ref_B73_1:278428275..278428776	0.998004	.
B73_chr1	279845319	279851258	LTRRT_6857	B73_chr1	279850404	279850818	meth_B73.ref_B73_1:279850404..279850818	0.21978	.
B73_chr1	279845319	279851258	LTRRT_6857	B73_chr1	279851256	279851605	meth_B73.ref_B73_1:279851256..279851605	1.77778	.
B73_chr1	280763213	280777005	LTRRT_6883	B73_chr1	280764155	280764342	meth_B73.ref_B73_1:280764155..280764342	7.14286	.
B73_chr1	281107210	281114838	LTRRT_6893	B73_chr1	281107004	281107212	meth_B73.ref_B73_1:281107004..281107212	10.5634	.
B73_chr1	281107210	281114838	LTRRT_6893	B73_chr1	281107343	281108934	meth_B73.ref_B73_1:281107343..281108934	1.69824	.
B73_chr1	282119758	282128917	LTRRT_6922	B73_chr1	282120970	282121746	meth_B73.ref_B73_1:282120970..282121746	3.44262	.
B73_chr1	282119758	282128917	LTRRT_6922	B73_chr1	282127551	282128528	meth_B73.ref_B73_1:282127551..282128528	3.20334	.
B73_chr1	283861034	283871238	LTRRT_6966	B73_chr1	283865575	283866359	meth_B73.ref_B73_1:283865575..283866359	9.68992	.
B73_chr1	283861034	283871238	LTRRT_6966	B73_chr1	283866485	283867327	meth_B73.ref_B73_1:283866485..283867327	4.15512	.
B73_chr1	283861034	283871238	LTRRT_6966	B73_chr1	283867491	283867757	meth_B73.ref_B73_1:283867491..283867757	6.45161	.
B73_chr1	283861034	283871238	LTRRT_6966	B73_chr1	283867832	283868595	meth_B73.ref_B73_1:283867832..283868595	14.6465	.
B73_chr1	284213736	284218966	LTRRT_6977	B73_chr1	284214247	284222536	meth_B73.ref_B73_1:284214247..284222536	1.07277	.
B73_chr1	284213736	284218966	LTRRT_6977	B73_chr1	284213004	284214122	meth_B73.ref_B73_1:284213004..284214122	3.9548	.
B73_chr1	285269593	285284241	LTRRT_7002	B73_chr1	285284229	285284939	meth_B73.ref_B73_1:285284229..285284939	2.09618	.
B73_chr1	285658756	285668270	LTRRT_7013	B73_chr1	285658906	285659058	meth_B73.ref_B73_1:285658906..285659058	18.1818	.
B73_chr1	286964869	286969626	LTRRT_7050	B73_chr1	286964840	286970552	meth_B73.ref_B73_1:286964840..286970552	1.23432	.
B73_chr1	287471228	287474087	LTRRT_7061	B73_chr1	287470385	287471517	meth_B73.ref_B73_1:287470385..287471517	0.922266	.
B73_chr1	287471228	287474087	LTRRT_7061	B73_chr1	287472869	287473103	meth_B73.ref_B73_1:287472869..287473103	2.29508	.
B73_chr1	287471228	287474087	LTRRT_7061	B73_chr1	287473485	287480077	meth_B73.ref_B73_1:287473485..287480077	0.669472	.
B73_chr1	287626252	287632644	LTRRT_7065	B73_chr1	287621905	287626290	meth_B73.ref_B73_1:287621905..287626290	0.499584	.
B73_chr1	287626252	287632644	LTRRT_7065	B73_chr1	287626683	287627774	meth_B73.ref_B73_1:287626683..287627774	0.517598	.
B73_chr1	287626252	287632644	LTRRT_7065	B73_chr1	287632626	287633729	meth_B73.ref_B73_1:287632626..287633729	0.907912	.
B73_chr1	288044770	288054090	LTRRT_7074	B73_chr1	288045167	288045376	meth_B73.ref_B73_1:288045167..288045376	0	.
B73_chr1	288044770	288054090	LTRRT_7074	B73_chr1	288053108	288053427	meth_B73.ref_B73_1:288053108..288053427	4.81928	.
B73_chr1	288636648	288649838	LTRRT_7090	B73_chr1	288644927	288645084	meth_B73.ref_B73_1:288644927..288645084	17.3913	.
B73_chr1	288636648	288649838	LTRRT_7090	B73_chr1	288645769	288646402	meth_B73.ref_B73_1:288645769..288646402	1.17647	.
B73_chr1	288741857	288749229	LTRRT_7091	B73_chr1	288741448	288741878	meth_B73.ref_B73_1:288741448..288741878	1.69903	.
B73_chr1	288741857	288749229	LTRRT_7091	B73_chr1	288747772	288749067	meth_B73.ref_B73_1:288747772..288749067	1.21049	.
B73_chr1	290027389	290032910	LTRRT_7113	B73_chr1	290026166	290027537	meth_B73.ref_B73_1:290026166..290027537	0.867303	.
B73_chr1	291103900	291118915	LTRRT_7139	B73_chr1	291105758	291106071	meth_B73.ref_B73_1:291105758..291106071	8.33333	.
B73_chr1	291103900	291118915	LTRRT_7139	B73_chr1	291116399	291116552	meth_B73.ref_B73_1:291116399..291116552	4.6875	.
B73_chr1	291603110	291606932	LTRRT_7149	B73_chr1	291602450	291605517	meth_B73.ref_B73_1:291602450..291605517	1.28631	.
B73_chr1	291603110	291606932	LTRRT_7149	B73_chr1	291605533	291605914	meth_B73.ref_B73_1:291605533..291605914	8.13008	.
B73_chr1	291603110	291606932	LTRRT_7149	B73_chr1	291606785	291607364	meth_B73.ref_B73_1:291606785..291607364	0	.
B73_chr1	292012680	292018526	LTRRT_7155	B73_chr1	292018514	292019239	meth_B73.ref_B73_1:292018514..292019239	3.52021	.
B73_chr1	292170222	292172158	LTRRT_7159	B73_chr1	292172116	292172645	meth_B73.ref_B73_1:292172116..292172645	0.986842	.
B73_chr1	292200448	292205714	LTRRT_7160	B73_chr1	292205119	292205432	meth_B73.ref_B73_1:292205119..292205432	17.3653	.
B73_chr1	292775322	292786524	LTRRT_7179	B73_chr1	292774779	292775324	meth_B73.ref_B73_1:292774779..292775324	0	.
B73_chr1	294075133	294083857	LTRRT_7212	B73_chr1	294083120	294083285	meth_B73.ref_B73_1:294083120..294083285	0	.
B73_chr1	295389395	295396645	LTRRT_7254	B73_chr1	295388887	295389412	meth_B73.ref_B73_1:295388887..295389412	1.96629	.
B73_chr1	295515697	295530421	LTRRT_7258	B73_chr1	295512915	295517266	meth_B73.ref_B73_1:295512915..295517266	1.11652	.
B73_chr1	295609337	295615550	LTRRT_7261	B73_chr1	295609725	295610688	meth_B73.ref_B73_1:295609725..295610688	1.17146	.
B73_chr1	297161314	297163078	LTRRT_7307	B73_chr1	297160591	297161492	meth_B73.ref_B73_1:297160591..297161492	4.2654	.
B73_chr1	298104704	298111973	LTRRT_7331	B73_chr1	298111845	298112301	meth_B73.ref_B73_1:298111845..298112301	4.81928	.
B73_chr1	298151886	298166866	LTRRT_7333	B73_chr1	298164474	298164699	meth_B73.ref_B73_1:298164474..298164699	15.2174	.
B73_chr1	298203923	298212872	LTRRT_7335	B73_chr1	298212104	298212263	meth_B73.ref_B73_1:298212104..298212263	7.5	.
B73_chr1	298345256	298356961	LTRRT_7339	B73_chr1	298347083	298348981	meth_B73.ref_B73_1:298347083..298348981	4.07125	.
B73_chr1	298449990	298459214	LTRRT_7342	B73_chr1	298451020	298451890	meth_B73.ref_B73_1:298451020..298451890	6.97115	.
B73_chr1	298449990	298459214	LTRRT_7342	B73_chr1	298457981	298458727	meth_B73.ref_B73_1:298457981..298458727	9.38086	.
B73_chr1	300141763	300151095	LTRRT_7371	B73_chr1	300146116	300146335	meth_B73.ref_B73_1:300146116..300146335	8.10811	.
B73_chr1	300903187	300915271	LTRRT_7399	B73_chr1	300906938	300908275	meth_B73.ref_B73_1:300906938..300908275	2.98851	.
B73_chr1	301985423	301999652	LTRRT_7424	B73_chr1	301981353	301985613	meth_B73.ref_B73_1:301981353..301985613	1.44711	.
B73_chr1	301985423	301999652	LTRRT_7424	B73_chr1	301988724	301989001	meth_B73.ref_B73_1:301988724..301989001	11.2245	.
B73_chr1	301985423	301999652	LTRRT_7424	B73_chr1	301993966	301994208	meth_B73.ref_B73_1:301993966..301994208	16.5468	.
B73_chr1	301985423	301999652	LTRRT_7424	B73_chr1	301999586	301999963	meth_B73.ref_B73_1:301999586..301999963	0.911162	.
B73_chr1	302250580	302260987	LTRRT_7434	B73_chr1	302260905	302261933	meth_B73.ref_B73_1:302260905..302261933	3.56436	.
B73_chr1	303497973	303503134	LTRRT_7458	B73_chr1	303503104	303504599	meth_B73.ref_B73_1:303503104..303504599	2.61569	.
B73_chr1	305252735	305257940	LTRRT_7502	B73_chr1	305257484	305257719	meth_B73.ref_B73_1:305257484..305257719	6.45161	.
B73_chr1	305446006	305450664	LTRRT_7509	B73_chr1	305450373	305455550	meth_B73.ref_B73_1:305450373..305455550	3.49781	.
B73_chr1	305446006	305450664	LTRRT_7509	B73_chr1	305444739	305449450	meth_B73.ref_B73_1:305444739..305449450	2.38273	.
B73_chr1	306279632	306290026	LTRRT_7528	B73_chr1	306280300	306280654	meth_B73.ref_B73_1:306280300..306280654	18.9189	.
B73_chr1	306745148	306752791	LTRRT_7534	B73_chr1	306751145	306751329	meth_B73.ref_B73_1:306751145..306751329	14.2857	.
B73_chr1	307272704	307279887	LTRRT_7549	B73_chr1	307279828	307280880	meth_B73.ref_B73_1:307279828..307280880	0.558036	.
B73_chr1	307843352	307858340	LTRRT_7567	B73_chr1	307845185	307845549	meth_B73.ref_B73_1:307845185..307845549	8.20312	.
B73_chr1	307843352	307858340	LTRRT_7567	B73_chr1	307855827	307856358	meth_B73.ref_B73_1:307855827..307856358	7.5	.
B73_chr1	308055734	308065493	LTRRT_7571	B73_chr1	308056054	308056952	meth_B73.ref_B73_1:308056054..308056952	6.23306	.
B73_chr1	308055734	308065493	LTRRT_7571	B73_chr1	308063513	308064371	meth_B73.ref_B73_1:308063513..308064371	7.20721	.
B73_chr2	45267	54475	LTRRT_7584	B73_chr2	54352	54929	meth_B73.ref_B73_2:54352..54929	9.91561	.
B73_chr2	752915	760492	LTRRT_7595	B73_chr2	759880	760055	meth_B73.ref_B73_2:759880..760055	16.2791	.
B73_chr2	863828	868712	LTRRT_7598	B73_chr2	865407	865793	meth_B73.ref_B73_2:865407..865793	10.9091	.
B73_chr2	1358333	1363433	LTRRT_7613	B73_chr2	1363323	1364784	meth_B73.ref_B73_2:1363323..1364784	3.60419	.
B73_chr2	2119487	2132307	LTRRT_7624	B73_chr2	2119251	2119517	meth_B73.ref_B73_2:2119251..2119517	10.8108	.
B73_chr2	2645632	2657404	LTRRT_7634	B73_chr2	2646124	2646435	meth_B73.ref_B73_2:2646124..2646435	16.6667	.
B73_chr2	2663130	2670793	LTRRT_7635	B73_chr2	2663900	2667410	meth_B73.ref_B73_2:2663900..2667410	0.440917	.
B73_chr2	2751373	2758577	LTRRT_7637	B73_chr2	2751132	2751433	meth_B73.ref_B73_2:2751132..2751433	1.75439	.
B73_chr2	4593276	4595759	LTRRT_7672	B73_chr2	4595098	4599159	meth_B73.ref_B73_2:4595098..4599159	1.52979	.
B73_chr2	4593276	4595759	LTRRT_7672	B73_chr2	4582376	4593674	meth_B73.ref_B73_2:4582376..4593674	0.594901	.
B73_chr2	4909694	4914939	LTRRT_7679	B73_chr2	4909027	4909722	meth_B73.ref_B73_2:4909027..4909722	3.77644	.
B73_chr2	5239301	5244555	LTRRT_7689	B73_chr2	5238407	5239333	meth_B73.ref_B73_2:5238407..5239333	0.950119	.
B73_chr2	5446411	5451617	LTRRT_7694	B73_chr2	5451500	5453858	meth_B73.ref_B73_2:5451500..5453858	1.00418	.
B73_chr2	5669667	5675872	LTRRT_7702	B73_chr2	5674480	5675490	meth_B73.ref_B73_2:5674480..5675490	0.674536	.
B73_chr2	6064482	6067882	LTRRT_7709	B73_chr2	6064027	6064511	meth_B73.ref_B73_2:6064027..6064511	2.94118	.
B73_chr2	6064482	6067882	LTRRT_7709	B73_chr2	6064828	6067451	meth_B73.ref_B73_2:6064828..6067451	0.656353	.
B73_chr2	6064482	6067882	LTRRT_7709	B73_chr2	6067867	6072889	meth_B73.ref_B73_2:6067867..6072889	0.673668	.
B73_chr2	6692779	6698208	LTRRT_7728	B73_chr2	6690536	6695233	meth_B73.ref_B73_2:6690536..6695233	0.365586	.
B73_chr2	6692779	6698208	LTRRT_7728	B73_chr2	6695547	6696025	meth_B73.ref_B73_2:6695547..6696025	0	.
B73_chr2	6692779	6698208	LTRRT_7728	B73_chr2	6696261	6698834	meth_B73.ref_B73_2:6696261..6698834	0.355691	.
B73_chr2	6772747	6779261	LTRRT_7731	B73_chr2	6770540	6772749	meth_B73.ref_B73_2:6770540..6772749	0.971267	.
B73_chr2	7269541	7274744	LTRRT_7741	B73_chr2	7274443	7276335	meth_B73.ref_B73_2:7274443..7276335	1.86143	.
B73_chr2	7321871	7324752	LTRRT_7742	B73_chr2	7321134	7322119	meth_B73.ref_B73_2:7321134..7322119	3.76623	.
B73_chr2	7321871	7324752	LTRRT_7742	B73_chr2	7324376	7324574	meth_B73.ref_B73_2:7324376..7324574	14.2857	.
B73_chr2	7321871	7324752	LTRRT_7742	B73_chr2	7324688	7329773	meth_B73.ref_B73_2:7324688..7329773	0.619692	.
B73_chr2	7321871	7324752	LTRRT_7742	B73_chr2	7322540	7324177	meth_B73.ref_B73_2:7322540..7324177	4.2966	.
B73_chr2	7368325	7373524	LTRRT_7743	B73_chr2	7367423	7368412	meth_B73.ref_B73_2:7367423..7368412	1.46341	.
B73_chr2	7368325	7373524	LTRRT_7743	B73_chr2	7373503	7375900	meth_B73.ref_B73_2:7373503..7375900	0.313059	.
B73_chr2	7702249	7711394	LTRRT_7754	B73_chr2	7703340	7704233	meth_B73.ref_B73_2:7703340..7704233	7.69231	.
B73_chr2	7702249	7711394	LTRRT_7754	B73_chr2	7710030	7710880	meth_B73.ref_B73_2:7710030..7710880	4.01929	.
B73_chr2	7702249	7711394	LTRRT_7754	B73_chr2	7711172	7711332	meth_B73.ref_B73_2:7711172..7711332	8.77193	.
B73_chr2	7715936	7729443	LTRRT_7755	B73_chr2	7718447	7719110	meth_B73.ref_B73_2:7718447..7719110	9.41176	.
B73_chr2	7715936	7729443	LTRRT_7755	B73_chr2	7719426	7720001	meth_B73.ref_B73_2:7719426..7720001	1.80879	.
B73_chr2	7715936	7729443	LTRRT_7755	B73_chr2	7726000	7727613	meth_B73.ref_B73_2:7726000..7727613	8.56031	.
B73_chr2	8803569	8817412	LTRRT_7774	B73_chr2	8805960	8806604	meth_B73.ref_B73_2:8805960..8806604	7.82443	.
B73_chr2	8803569	8817412	LTRRT_7774	B73_chr2	8813792	8813960	meth_B73.ref_B73_2:8813792..8813960	14.5833	.
B73_chr2	8803569	8817412	LTRRT_7774	B73_chr2	8814011	8814376	meth_B73.ref_B73_2:8814011..8814376	6.28571	.
B73_chr2	9330434	9335225	LTRRT_7784	B73_chr2	9335000	9347376	meth_B73.ref_B73_2:9335000..9347376	0.281306	.
B73_chr2	10117147	10127650	LTRRT_7801	B73_chr2	10118220	10118523	meth_B73.ref_B73_2:10118220..10118523	1.66667	.
B73_chr2	10117147	10127650	LTRRT_7801	B73_chr2	10127003	10127347	meth_B73.ref_B73_2:10127003..10127347	4.51613	.
B73_chr2	11004121	11018866	LTRRT_7820	B73_chr2	11004524	11005270	meth_B73.ref_B73_2:11004524..11005270	1.54712	.
B73_chr2	12011636	12021158	LTRRT_7849	B73_chr2	12018475	12018657	meth_B73.ref_B73_2:12018475..12018657	5	.
B73_chr2	13384117	13389931	LTRRT_7883	B73_chr2	13389908	13390809	meth_B73.ref_B73_2:13389908..13390809	0.68306	.
B73_chr2	13557998	13563210	LTRRT_7886	B73_chr2	13562543	13562959	meth_B73.ref_B73_2:13562543..13562959	17.1329	.
B73_chr2	13557998	13563210	LTRRT_7886	B73_chr2	13563108	13565190	meth_B73.ref_B73_2:13563108..13565190	3.39962	.
B73_chr2	13557998	13563210	LTRRT_7886	B73_chr2	13544613	13558158	meth_B73.ref_B73_2:13544613..13558158	1.05177	.
B73_chr2	13803692	13810583	LTRRT_7890	B73_chr2	13804110	13804427	meth_B73.ref_B73_2:13804110..13804427	11.1111	.
B73_chr2	13803692	13810583	LTRRT_7890	B73_chr2	13809223	13809535	meth_B73.ref_B73_2:13809223..13809535	9.23077	.
B73_chr2	15296223	15305779	LTRRT_7921	B73_chr2	15304797	15305015	meth_B73.ref_B73_2:15304797..15305015	15.0685	.
B73_chr2	15921549	15932984	LTRRT_7942	B73_chr2	15921204	15921629	meth_B73.ref_B73_2:15921204..15921629	2.5	.
B73_chr2	16122092	16129302	LTRRT_7949	B73_chr2	16129282	16130369	meth_B73.ref_B73_2:16129282..16130369	0.44964	.
B73_chr2	16122092	16129302	LTRRT_7949	B73_chr2	16115265	16122094	meth_B73.ref_B73_2:16115265..16122094	0.734994	.
B73_chr2	16351649	16366515	LTRRT_7954	B73_chr2	16353901	16354109	meth_B73.ref_B73_2:16353901..16354109	13.3929	.
B73_chr2	17084307	17089716	LTRRT_7969	B73_chr2	17078694	17084392	meth_B73.ref_B73_2:17078694..17084392	1.88299	.
B73_chr2	17637996	17645108	LTRRT_7980	B73_chr2	17638198	17639144	meth_B73.ref_B73_2:17638198..17639144	0.261324	.
B73_chr2	18234260	18241441	LTRRT_7992	B73_chr2	18241375	18242956	meth_B73.ref_B73_2:18241375..18242956	0.484262	.
B73_chr2	19118110	19137751	LTRRT_8011	B73_chr2	19137749	19139748	meth_B73.ref_B73_2:19137749..19139748	0.790754	.
B73_chr2	19299319	19314367	LTRRT_8016	B73_chr2	19298377	19299380	meth_B73.ref_B73_2:19298377..19299380	2.03704	.
B73_chr2	19299319	19314367	LTRRT_8016	B73_chr2	19313325	19313505	meth_B73.ref_B73_2:19313325..19313505	0	.
B73_chr2	19882032	19895820	LTRRT_8033	B73_chr2	19886347	19886641	meth_B73.ref_B73_2:19886347..19886641	7.14286	.
B73_chr2	20414981	20421069	LTRRT_8047	B73_chr2	20420586	20422320	meth_B73.ref_B73_2:20420586..20422320	4.10736	.
B73_chr2	20414981	20421069	LTRRT_8047	B73_chr2	20414061	20415281	meth_B73.ref_B73_2:20414061..20415281	9.86728	.
B73_chr2	20612673	20622124	LTRRT_8052	B73_chr2	20618246	20618400	meth_B73.ref_B73_2:20618246..20618400	5	.
B73_chr2	21144197	21156968	LTRRT_8065	B73_chr2	21145203	21145700	meth_B73.ref_B73_2:21145203..21145700	3.42466	.
B73_chr2	21144197	21156968	LTRRT_8065	B73_chr2	21152794	21153178	meth_B73.ref_B73_2:21152794..21153178	2.45399	.
B73_chr2	22615351	22624507	LTRRT_8103	B73_chr2	22614287	22615386	meth_B73.ref_B73_2:22614287..22615386	6.36132	.
B73_chr2	22741824	22752988	LTRRT_8106	B73_chr2	22748234	22748896	meth_B73.ref_B73_2:22748234..22748896	5.46358	.
B73_chr2	22929153	22934361	LTRRT_8116	B73_chr2	22927235	22931718	meth_B73.ref_B73_2:22927235..22931718	4.0764	.
B73_chr2	22929153	22934361	LTRRT_8116	B73_chr2	22931823	22935054	meth_B73.ref_B73_2:22931823..22935054	2.98263	.
B73_chr2	23663384	23669061	LTRRT_8140	B73_chr2	23662874	23671941	meth_B73.ref_B73_2:23662874..23671941	0.394218	.
B73_chr2	25372713	25381351	LTRRT_8183	B73_chr2	25372542	25372941	meth_B73.ref_B73_2:25372542..25372941	10.7692	.
B73_chr2	25372713	25381351	LTRRT_8183	B73_chr2	25379348	25381208	meth_B73.ref_B73_2:25379348..25381208	3.91943	.
B73_chr2	25866843	25880961	LTRRT_8199	B73_chr2	25869075	25869833	meth_B73.ref_B73_2:25869075..25869833	3.48028	.
B73_chr2	25866843	25880961	LTRRT_8199	B73_chr2	25876867	25877669	meth_B73.ref_B73_2:25876867..25877669	8.70647	.
B73_chr2	26122271	26131566	LTRRT_8204	B73_chr2	26120987	26122517	meth_B73.ref_B73_2:26120987..26122517	5.17751	.
B73_chr2	26222721	26232037	LTRRT_8209	B73_chr2	26224783	26226298	meth_B73.ref_B73_2:26224783..26226298	0	.
B73_chr2	26346160	26349449	LTRRT_8212	B73_chr2	26349415	26350399	meth_B73.ref_B73_2:26349415..26350399	0.345224	.
B73_chr2	26346160	26349449	LTRRT_8212	B73_chr2	26344682	26346192	meth_B73.ref_B73_2:26344682..26346192	1.93237	.
B73_chr2	26568248	26573067	LTRRT_8218	B73_chr2	26567393	26568470	meth_B73.ref_B73_2:26567393..26568470	1.01868	.
B73_chr2	26568248	26573067	LTRRT_8218	B73_chr2	26568637	26568798	meth_B73.ref_B73_2:26568637..26568798	6.66667	.
B73_chr2	26809647	26814576	LTRRT_8224	B73_chr2	26814366	26815447	meth_B73.ref_B73_2:26814366..26815447	1.03226	.
B73_chr2	27111165	27122233	LTRRT_8229	B73_chr2	27119954	27120144	meth_B73.ref_B73_2:27119954..27120144	0	.
B73_chr2	27444401	27449467	LTRRT_8237	B73_chr2	27449329	27453045	meth_B73.ref_B73_2:27449329..27453045	0.732127	.
B73_chr2	28201008	28206261	LTRRT_8257	B73_chr2	28200771	28201473	meth_B73.ref_B73_2:28200771..28201473	6.20155	.
B73_chr2	29225437	29237167	LTRRT_8281	B73_chr2	29229825	29230006	meth_B73.ref_B73_2:29229825..29230006	0	.
B73_chr2	29318283	29324007	LTRRT_8283	B73_chr2	29313429	29318374	meth_B73.ref_B73_2:29313429..29318374	2.25345	.
B73_chr2	29627164	29633260	LTRRT_8291	B73_chr2	29633258	29635517	meth_B73.ref_B73_2:29633258..29635517	1.1432	.
B73_chr2	29758892	29768181	LTRRT_8295	B73_chr2	29766639	29766878	meth_B73.ref_B73_2:29766639..29766878	16.6667	.
B73_chr2	29866460	29879989	LTRRT_8297	B73_chr2	29869354	29870304	meth_B73.ref_B73_2:29869354..29870304	1.2945	.
B73_chr2	29866460	29879989	LTRRT_8297	B73_chr2	29877031	29877613	meth_B73.ref_B73_2:29877031..29877613	1.78571	.
B73_chr2	31202182	31213378	LTRRT_8318	B73_chr2	31207062	31208575	meth_B73.ref_B73_2:31207062..31208575	0.272109	.
B73_chr2	31487475	31494308	LTRRT_8327	B73_chr2	31493568	31493816	meth_B73.ref_B73_2:31493568..31493816	15.8371	.
B73_chr2	31957576	31967255	LTRRT_8337	B73_chr2	31960542	31960783	meth_B73.ref_B73_2:31960542..31960783	12.2449	.
B73_chr2	32247117	32259338	LTRRT_8346	B73_chr2	32252680	32253026	meth_B73.ref_B73_2:32252680..32253026	17.7778	.
B73_chr2	32247117	32259338	LTRRT_8346	B73_chr2	32258403	32258652	meth_B73.ref_B73_2:32258403..32258652	0	.
B73_chr2	32409070	32414448	LTRRT_8349	B73_chr2	32407456	32409148	meth_B73.ref_B73_2:32407456..32409148	0.428725	.
B73_chr2	32772665	32777773	LTRRT_8360	B73_chr2	32777731	32777945	meth_B73.ref_B73_2:32777731..32777945	18.5185	.
B73_chr2	33469896	33478317	LTRRT_8378	B73_chr2	33472883	33473142	meth_B73.ref_B73_2:33472883..33473142	0	.
B73_chr2	33822757	33826277	LTRRT_8382	B73_chr2	33816734	33822836	meth_B73.ref_B73_2:33816734..33822836	1.06643	.
B73_chr2	34366213	34379769	LTRRT_8397	B73_chr2	34369338	34370595	meth_B73.ref_B73_2:34369338..34370595	7.77202	.
B73_chr2	34366213	34379769	LTRRT_8397	B73_chr2	34376660	34376825	meth_B73.ref_B73_2:34376660..34376825	4.65116	.
B73_chr2	34366213	34379769	LTRRT_8397	B73_chr2	34377442	34378299	meth_B73.ref_B73_2:34377442..34378299	2.21519	.
B73_chr2	34720914	34727421	LTRRT_8405	B73_chr2	34721797	34721971	meth_B73.ref_B73_2:34721797..34721971	17.5	.
B73_chr2	34746874	34756210	LTRRT_8406	B73_chr2	34753300	34753479	meth_B73.ref_B73_2:34753300..34753479	14.2857	.
B73_chr2	35545684	35549880	LTRRT_8428	B73_chr2	35541717	35546299	meth_B73.ref_B73_2:35541717..35546299	1.13109	.
B73_chr2	35545684	35549880	LTRRT_8428	B73_chr2	35549570	35556310	meth_B73.ref_B73_2:35549570..35556310	1.1671	.
B73_chr2	35959031	35966017	LTRRT_8441	B73_chr2	35963918	35964225	meth_B73.ref_B73_2:35963918..35964225	1.36986	.
B73_chr2	36733533	36745890	LTRRT_8457	B73_chr2	36744790	36744999	meth_B73.ref_B73_2:36744790..36744999	14.8936	.
B73_chr2	37243349	37248008	LTRRT_8470	B73_chr2	37245880	37246622	meth_B73.ref_B73_2:37245880..37246622	0.657895	.
B73_chr2	37243349	37248008	LTRRT_8470	B73_chr2	37247572	37248356	meth_B73.ref_B73_2:37247572..37248356	0.490196	.
B73_chr2	37555732	37562636	LTRRT_8475	B73_chr2	37557326	37557719	meth_B73.ref_B73_2:37557326..37557719	9.3985	.
B73_chr2	37555732	37562636	LTRRT_8475	B73_chr2	37561602	37562160	meth_B73.ref_B73_2:37561602..37562160	4.57746	.
B73_chr2	38269839	38272957	LTRRT_8490	B73_chr2	38268634	38269870	meth_B73.ref_B73_2:38268634..38269870	0.706215	.
B73_chr2	38269839	38272957	LTRRT_8490	B73_chr2	38270219	38285342	meth_B73.ref_B73_2:38270219..38285342	1.3125	.
B73_chr2	38461639	38467115	LTRRT_8496	B73_chr2	38459540	38461721	meth_B73.ref_B73_2:38459540..38461721	1.93452	.
B73_chr2	38461639	38467115	LTRRT_8496	B73_chr2	38467088	38467737	meth_B73.ref_B73_2:38467088..38467737	1.22449	.
B73_chr2	38685768	38694214	LTRRT_8502	B73_chr2	38694212	38695185	meth_B73.ref_B73_2:38694212..38695185	2.19697	.
B73_chr2	39019424	39030060	LTRRT_8512	B73_chr2	39027611	39027803	meth_B73.ref_B73_2:39027611..39027803	0	.
B73_chr2	39111443	39118132	LTRRT_8515	B73_chr2	39108356	39111445	meth_B73.ref_B73_2:39108356..39111445	1.43416	.
B73_chr2	40050658	40064736	LTRRT_8539	B73_chr2	40052745	40053853	meth_B73.ref_B73_2:40052745..40053853	6.54008	.
B73_chr2	40050658	40064736	LTRRT_8539	B73_chr2	40060649	40061563	meth_B73.ref_B73_2:40060649..40061563	5.14403	.
B73_chr2	41008982	41018947	LTRRT_8566	B73_chr2	41009638	41010590	meth_B73.ref_B73_2:41009638..41010590	0.191939	.
B73_chr2	41008982	41018947	LTRRT_8566	B73_chr2	41015820	41016712	meth_B73.ref_B73_2:41015820..41016712	0	.
B73_chr2	41496591	41508729	LTRRT_8574	B73_chr2	41507340	41507620	meth_B73.ref_B73_2:41507340..41507620	10.6383	.
B73_chr2	41771135	41774836	LTRRT_8580	B73_chr2	41774762	41778314	meth_B73.ref_B73_2:41774762..41778314	1.13358	.
B73_chr2	43742794	43751246	LTRRT_8624	B73_chr2	43742290	43742965	meth_B73.ref_B73_2:43742290..43742965	3.84615	.
B73_chr2	44331613	44336767	LTRRT_8638	B73_chr2	44336604	44338903	meth_B73.ref_B73_2:44336604..44338903	0.228102	.
B73_chr2	44490665	44499942	LTRRT_8640	B73_chr2	44499845	44501030	meth_B73.ref_B73_2:44499845..44501030	2.47132	.
B73_chr2	44645180	44658620	LTRRT_8644	B73_chr2	44647284	44647546	meth_B73.ref_B73_2:44647284..44647546	16.6667	.
B73_chr2	46205418	46217409	LTRRT_8677	B73_chr2	46210321	46210473	meth_B73.ref_B73_2:46210321..46210473	17.6471	.
B73_chr2	46332132	46338961	LTRRT_8681	B73_chr2	46326258	46338129	meth_B73.ref_B73_2:46326258..46338129	1.15674	.
B73_chr2	46871724	46881127	LTRRT_8692	B73_chr2	46879395	46879660	meth_B73.ref_B73_2:46879395..46879660	15.625	.
B73_chr2	47057158	47071060	LTRRT_8696	B73_chr2	47060731	47061321	meth_B73.ref_B73_2:47060731..47061321	1.60256	.
B73_chr2	47057158	47071060	LTRRT_8696	B73_chr2	47068365	47069142	meth_B73.ref_B73_2:47068365..47069142	0.560224	.
B73_chr2	47127353	47137557	LTRRT_8698	B73_chr2	47128463	47129401	meth_B73.ref_B73_2:47128463..47129401	0.361011	.
B73_chr2	47127353	47137557	LTRRT_8698	B73_chr2	47136257	47137033	meth_B73.ref_B73_2:47136257..47137033	1.62162	.
B73_chr2	47415810	47430024	LTRRT_8705	B73_chr2	47416628	47416920	meth_B73.ref_B73_2:47416628..47416920	0	.
B73_chr2	48203437	48209409	LTRRT_8727	B73_chr2	48202586	48203460	meth_B73.ref_B73_2:48202586..48203460	1.90217	.
B73_chr2	48627306	48642870	LTRRT_8741	B73_chr2	48629767	48630277	meth_B73.ref_B73_2:48629767..48630277	8.47458	.
B73_chr2	48627306	48642870	LTRRT_8741	B73_chr2	48640831	48641005	meth_B73.ref_B73_2:48640831..48641005	2.94118	.
B73_chr2	50046081	50050650	LTRRT_8767	B73_chr2	50050561	50054192	meth_B73.ref_B73_2:50050561..50054192	0.627123	.
B73_chr2	51113200	51124751	LTRRT_8790	B73_chr2	51112694	51113209	meth_B73.ref_B73_2:51112694..51113209	3.73134	.
B73_chr2	51427876	51433567	LTRRT_8798	B73_chr2	51433532	51435333	meth_B73.ref_B73_2:51433532..51435333	0.651629	.
B73_chr2	51963906	51971712	LTRRT_8811	B73_chr2	51964213	51965331	meth_B73.ref_B73_2:51964213..51965331	1.30246	.
B73_chr2	51963906	51971712	LTRRT_8811	B73_chr2	51968780	51970215	meth_B73.ref_B73_2:51968780..51970215	0.815851	.
B73_chr2	52102910	52109757	LTRRT_8815	B73_chr2	52103304	52104131	meth_B73.ref_B73_2:52103304..52104131	8.59375	.
B73_chr2	52102910	52109757	LTRRT_8815	B73_chr2	52107596	52108240	meth_B73.ref_B73_2:52107596..52108240	9.37973	.
B73_chr2	53097453	53110018	LTRRT_8839	B73_chr2	53100126	53100416	meth_B73.ref_B73_2:53100126..53100416	5.88235	.
B73_chr2	53097453	53110018	LTRRT_8839	B73_chr2	53100983	53101263	meth_B73.ref_B73_2:53100983..53101263	0	.
B73_chr2	53097453	53110018	LTRRT_8839	B73_chr2	53108076	53108273	meth_B73.ref_B73_2:53108076..53108273	1.2987	.
B73_chr2	53097453	53110018	LTRRT_8839	B73_chr2	53109016	53109232	meth_B73.ref_B73_2:53109016..53109232	2.12766	.
B73_chr2	53512410	53523712	LTRRT_8851	B73_chr2	53519001	53519158	meth_B73.ref_B73_2:53519001..53519158	14.8148	.
B73_chr2	53699847	53709560	LTRRT_8857	B73_chr2	53700238	53700478	meth_B73.ref_B73_2:53700238..53700478	14.2857	.
B73_chr2	54536048	54544531	LTRRT_8874	B73_chr2	54542402	54542568	meth_B73.ref_B73_2:54542402..54542568	0	.
B73_chr2	54681222	54688010	LTRRT_8876	B73_chr2	54687988	54688736	meth_B73.ref_B73_2:54687988..54688736	5.53506	.
B73_chr2	55775568	55783687	LTRRT_8903	B73_chr2	55783647	55784743	meth_B73.ref_B73_2:55783647..55784743	1.11663	.
B73_chr2	55908093	55919671	LTRRT_8906	B73_chr2	55917166	55917351	meth_B73.ref_B73_2:55917166..55917351	13.6986	.
B73_chr2	56620438	56632805	LTRRT_8922	B73_chr2	56623431	56625245	meth_B73.ref_B73_2:56623431..56625245	0.680272	.
B73_chr2	56620438	56632805	LTRRT_8922	B73_chr2	56631069	56632794	meth_B73.ref_B73_2:56631069..56632794	0.660793	.
B73_chr2	56643384	56653202	LTRRT_8923	B73_chr2	56644489	56645253	meth_B73.ref_B73_2:56644489..56645253	10.7865	.
B73_chr2	56643384	56653202	LTRRT_8923	B73_chr2	56651934	56652477	meth_B73.ref_B73_2:56651934..56652477	7.48988	.
B73_chr2	57847795	57853628	LTRRT_8958	B73_chr2	57847048	57847933	meth_B73.ref_B73_2:57847048..57847933	1.84162	.
B73_chr2	57952321	57963688	LTRRT_8961	B73_chr2	57952776	57953713	meth_B73.ref_B73_2:57952776..57953713	0.719424	.
B73_chr2	57952321	57963688	LTRRT_8961	B73_chr2	57959514	57960519	meth_B73.ref_B73_2:57959514..57960519	1.44695	.
B73_chr2	58250977	58260762	LTRRT_8969	B73_chr2	58252225	58252839	meth_B73.ref_B73_2:58252225..58252839	5.40541	.
B73_chr2	58250977	58260762	LTRRT_8969	B73_chr2	58259708	58260214	meth_B73.ref_B73_2:58259708..58260214	8.77598	.
B73_chr2	58289488	58299333	LTRRT_8970	B73_chr2	58290601	58291478	meth_B73.ref_B73_2:58290601..58291478	5.06024	.
B73_chr2	58289488	58299333	LTRRT_8970	B73_chr2	58298057	58298942	meth_B73.ref_B73_2:58298057..58298942	4.38596	.
B73_chr2	58916750	58932319	LTRRT_8988	B73_chr2	58918615	58918789	meth_B73.ref_B73_2:58918615..58918789	14.0625	.
B73_chr2	58916750	58932319	LTRRT_8988	B73_chr2	58929494	58929667	meth_B73.ref_B73_2:58929494..58929667	15.5556	.
B73_chr2	59377275	59392837	LTRRT_8996	B73_chr2	59390795	59390969	meth_B73.ref_B73_2:59390795..59390969	7.14286	.
B73_chr2	59504882	59523029	LTRRT_8998	B73_chr2	59509221	59510159	meth_B73.ref_B73_2:59509221..59510159	5.17647	.
B73_chr2	59895561	59907508	LTRRT_9005	B73_chr2	59898204	59899140	meth_B73.ref_B73_2:59898204..59899140	0	.
B73_chr2	59895561	59907508	LTRRT_9005	B73_chr2	59905696	59906692	meth_B73.ref_B73_2:59905696..59906692	0	.
B73_chr2	60056507	60064145	LTRRT_9007	B73_chr2	60057958	60058202	meth_B73.ref_B73_2:60057958..60058202	17.9012	.
B73_chr2	60992397	61006418	LTRRT_9034	B73_chr2	60995585	60996417	meth_B73.ref_B73_2:60995585..60996417	8.27251	.
B73_chr2	60992397	61006418	LTRRT_9034	B73_chr2	61003438	61004400	meth_B73.ref_B73_2:61003438..61004400	4.59519	.
B73_chr2	61013324	61026065	LTRRT_9035	B73_chr2	61023624	61023783	meth_B73.ref_B73_2:61023624..61023783	4.7619	.
B73_chr2	61257744	61270083	LTRRT_9040	B73_chr2	61259929	61260601	meth_B73.ref_B73_2:61259929..61260601	0.334448	.
B73_chr2	61257744	61270083	LTRRT_9040	B73_chr2	61261341	61261673	meth_B73.ref_B73_2:61261341..61261673	1.28205	.
B73_chr2	61257744	61270083	LTRRT_9040	B73_chr2	61267649	61268165	meth_B73.ref_B73_2:61267649..61268165	0.943396	.
B73_chr2	61257744	61270083	LTRRT_9040	B73_chr2	61268682	61269389	meth_B73.ref_B73_2:61268682..61269389	1.3834	.
B73_chr2	61865519	61874080	LTRRT_9051	B73_chr2	61866591	61867191	meth_B73.ref_B73_2:61866591..61867191	4.37158	.
B73_chr2	61865519	61874080	LTRRT_9051	B73_chr2	61871200	61872305	meth_B73.ref_B73_2:61871200..61872305	0.334448	.
B73_chr2	62163677	62172826	LTRRT_9058	B73_chr2	62164713	62165664	meth_B73.ref_B73_2:62164713..62165664	6.78191	.
B73_chr2	62163677	62172826	LTRRT_9058	B73_chr2	62171358	62172398	meth_B73.ref_B73_2:62171358..62172398	6.35593	.
B73_chr2	64128388	64137540	LTRRT_9100	B73_chr2	64129528	64130355	meth_B73.ref_B73_2:64129528..64130355	4.03587	.
B73_chr2	64128388	64137540	LTRRT_9100	B73_chr2	64136077	64137036	meth_B73.ref_B73_2:64136077..64137036	6.82731	.
B73_chr2	64353179	64360012	LTRRT_9107	B73_chr2	64354685	64355302	meth_B73.ref_B73_2:64354685..64355302	13.9535	.
B73_chr2	64353179	64360012	LTRRT_9107	B73_chr2	64358973	64359145	meth_B73.ref_B73_2:64358973..64359145	0	.
B73_chr2	64353179	64360012	LTRRT_9107	B73_chr2	64359181	64359689	meth_B73.ref_B73_2:64359181..64359689	8.37438	.
B73_chr2	64439392	64448861	LTRRT_9110	B73_chr2	64447595	64447773	meth_B73.ref_B73_2:64447595..64447773	7.5	.
B73_chr2	64458365	64464359	LTRRT_9111	B73_chr2	64458043	64458388	meth_B73.ref_B73_2:64458043..64458388	4.41176	.
B73_chr2	65149062	65164036	LTRRT_9122	B73_chr2	65151241	65151400	meth_B73.ref_B73_2:65151241..65151400	19.1489	.
B73_chr2	65149062	65164036	LTRRT_9122	B73_chr2	65161861	65162019	meth_B73.ref_B73_2:65161861..65162019	14.8148	.
B73_chr2	65199771	65206238	LTRRT_9124	B73_chr2	65200357	65200536	meth_B73.ref_B73_2:65200357..65200536	18.0124	.
B73_chr2	65852052	65858882	LTRRT_9141	B73_chr2	65857027	65857340	meth_B73.ref_B73_2:65857027..65857340	0	.
B73_chr2	66098767	66111780	LTRRT_9147	B73_chr2	66109003	66109196	meth_B73.ref_B73_2:66109003..66109196	6.66667	.
B73_chr2	66646370	66655552	LTRRT_9160	B73_chr2	66655513	66659436	meth_B73.ref_B73_2:66655513..66659436	0.270793	.
B73_chr2	67106977	67120721	LTRRT_9177	B73_chr2	67109015	67109627	meth_B73.ref_B73_2:67109015..67109627	3.77358	.
B73_chr2	67106977	67120721	LTRRT_9177	B73_chr2	67110010	67110972	meth_B73.ref_B73_2:67110010..67110972	2.68817	.
B73_chr2	67106977	67120721	LTRRT_9177	B73_chr2	67116725	67117337	meth_B73.ref_B73_2:67116725..67117337	0.884956	.
B73_chr2	67106977	67120721	LTRRT_9177	B73_chr2	67117556	67118833	meth_B73.ref_B73_2:67117556..67118833	5.81395	.
B73_chr2	68911669	68916821	LTRRT_9216	B73_chr2	68906172	68914277	meth_B73.ref_B73_2:68906172..68914277	0.970629	.
B73_chr2	68936304	68953717	LTRRT_9217	B73_chr2	68947407	68948917	meth_B73.ref_B73_2:68947407..68948917	0	.
B73_chr2	68936304	68953717	LTRRT_9217	B73_chr2	68942597	68943993	meth_B73.ref_B73_2:68942597..68943993	0.830565	.
B73_chr2	69217514	69230606	LTRRT_9224	B73_chr2	69221090	69221260	meth_B73.ref_B73_2:69221090..69221260	0	.
B73_chr2	69296032	69307211	LTRRT_9225	B73_chr2	69303594	69304661	meth_B73.ref_B73_2:69303594..69304661	0	.
B73_chr2	70099924	70104713	LTRRT_9243	B73_chr2	70104644	70105910	meth_B73.ref_B73_2:70104644..70105910	3.8864	.
B73_chr2	71096299	71103229	LTRRT_9267	B73_chr2	71096828	71097478	meth_B73.ref_B73_2:71096828..71097478	5.08906	.
B73_chr2	71096299	71103229	LTRRT_9267	B73_chr2	71101110	71101808	meth_B73.ref_B73_2:71101110..71101808	8.42333	.
B73_chr2	71530363	71537208	LTRRT_9275	B73_chr2	71531709	71532187	meth_B73.ref_B73_2:71531709..71532187	8.13397	.
B73_chr2	71530363	71537208	LTRRT_9275	B73_chr2	71535989	71536680	meth_B73.ref_B73_2:71535989..71536680	4.811	.
B73_chr2	71640604	71656527	LTRRT_9281	B73_chr2	71652168	71652481	meth_B73.ref_B73_2:71652168..71652481	8.09524	.
B73_chr2	71781405	71796801	LTRRT_9283	B73_chr2	71794712	71795023	meth_B73.ref_B73_2:71794712..71795023	6.80272	.
B73_chr2	71797563	71812555	LTRRT_9284	B73_chr2	71810058	71810371	meth_B73.ref_B73_2:71810058..71810371	12.5786	.
B73_chr2	71854098	71869483	LTRRT_9285	B73_chr2	71855863	71856037	meth_B73.ref_B73_2:71855863..71856037	9.52381	.
B73_chr2	71854098	71869483	LTRRT_9285	B73_chr2	71866659	71866833	meth_B73.ref_B73_2:71866659..71866833	9.09091	.
B73_chr2	72028633	72042249	LTRRT_9288	B73_chr2	72036007	72036318	meth_B73.ref_B73_2:72036007..72036318	9.43396	.
B73_chr2	72461537	72480441	LTRRT_9296	B73_chr2	72461931	72462876	meth_B73.ref_B73_2:72461931..72462876	8.67769	.
B73_chr2	72461537	72480441	LTRRT_9296	B73_chr2	72478678	72479468	meth_B73.ref_B73_2:72478678..72479468	5.80524	.
B73_chr2	73063038	73075526	LTRRT_9306	B73_chr2	73066360	73067124	meth_B73.ref_B73_2:73066360..73067124	3.16832	.
B73_chr2	73063038	73075526	LTRRT_9306	B73_chr2	73074360	73075114	meth_B73.ref_B73_2:73074360..73075114	2.12389	.
B73_chr2	73803339	73815857	LTRRT_9325	B73_chr2	73805781	73806089	meth_B73.ref_B73_2:73805781..73806089	10.7843	.
B73_chr2	74490136	74495483	LTRRT_9344	B73_chr2	74495424	74498669	meth_B73.ref_B73_2:74495424..74498669	0.94093	.
B73_chr2	74540169	74551724	LTRRT_9346	B73_chr2	74539291	74540171	meth_B73.ref_B73_2:74539291..74540171	0.407609	.
B73_chr2	76031884	76047259	LTRRT_9378	B73_chr2	76045304	76045478	meth_B73.ref_B73_2:76045304..76045478	11.465	.
B73_chr2	76736044	76741133	LTRRT_9390	B73_chr2	76734249	76736527	meth_B73.ref_B73_2:76734249..76736527	1.9797	.
B73_chr2	76736044	76741133	LTRRT_9390	B73_chr2	76739521	76741561	meth_B73.ref_B73_2:76739521..76741561	3.70899	.
B73_chr2	76961251	76972381	LTRRT_9398	B73_chr2	76970859	76971033	meth_B73.ref_B73_2:76970859..76971033	15.1515	.
B73_chr2	77595186	77602091	LTRRT_9410	B73_chr2	77596570	77597302	meth_B73.ref_B73_2:77596570..77597302	8	.
B73_chr2	77595186	77602091	LTRRT_9410	B73_chr2	77600857	77601873	meth_B73.ref_B73_2:77600857..77601873	3.13589	.
B73_chr2	77803053	77817914	LTRRT_9415	B73_chr2	77805585	77806149	meth_B73.ref_B73_2:77805585..77806149	9.58904	.
B73_chr2	77803053	77817914	LTRRT_9415	B73_chr2	77813860	77814333	meth_B73.ref_B73_2:77813860..77814333	16.8675	.
B73_chr2	77803053	77817914	LTRRT_9415	B73_chr2	77816081	77816276	meth_B73.ref_B73_2:77816081..77816276	14.0187	.
B73_chr2	78298467	78313434	LTRRT_9425	B73_chr2	78310151	78310340	meth_B73.ref_B73_2:78310151..78310340	19.0476	.
B73_chr2	78932438	78937836	LTRRT_9440	B73_chr2	78937668	78939253	meth_B73.ref_B73_2:78937668..78939253	2.52101	.
B73_chr2	79049709	79064672	LTRRT_9443	B73_chr2	79051569	79051720	meth_B73.ref_B73_2:79051569..79051720	9.375	.
B73_chr2	79815292	79830865	LTRRT_9459	B73_chr2	79817975	79818270	meth_B73.ref_B73_2:79817975..79818270	3.0303	.
B73_chr2	80116513	80125632	LTRRT_9467	B73_chr2	80123700	80124664	meth_B73.ref_B73_2:80123700..80124664	5.28053	.
B73_chr2	80116513	80125632	LTRRT_9467	B73_chr2	80117025	80117872	meth_B73.ref_B73_2:80117025..80117872	2.1645	.
B73_chr2	80260708	80276278	LTRRT_9470	B73_chr2	80263324	80263524	meth_B73.ref_B73_2:80263324..80263524	10	.
B73_chr2	80260708	80276278	LTRRT_9470	B73_chr2	80274236	80274557	meth_B73.ref_B73_2:80274236..80274557	13.8122	.
B73_chr2	81311446	81318296	LTRRT_9489	B73_chr2	81311928	81312658	meth_B73.ref_B73_2:81311928..81312658	2.26415	.
B73_chr2	81311446	81318296	LTRRT_9489	B73_chr2	81316218	81316917	meth_B73.ref_B73_2:81316218..81316917	4.83871	.
B73_chr2	83501778	83512065	LTRRT_9536	B73_chr2	83508966	83509169	meth_B73.ref_B73_2:83508966..83509169	9.09091	.
B73_chr2	83501778	83512065	LTRRT_9536	B73_chr2	83509218	83509384	meth_B73.ref_B73_2:83509218..83509384	14.1026	.
B73_chr2	83708896	83717940	LTRRT_9540	B73_chr2	83716851	83717021	meth_B73.ref_B73_2:83716851..83717021	3.33333	.
B73_chr2	83752399	83766619	LTRRT_9542	B73_chr2	83754571	83754807	meth_B73.ref_B73_2:83754571..83754807	13.8776	.
B73_chr2	83752399	83766619	LTRRT_9542	B73_chr2	83765336	83765907	meth_B73.ref_B73_2:83765336..83765907	1.75439	.
B73_chr2	83788908	83793782	LTRRT_9543	B73_chr2	83793702	83794043	meth_B73.ref_B73_2:83793702..83794043	7.18232	.
B73_chr2	84451118	84459961	LTRRT_9563	B73_chr2	84452151	84452868	meth_B73.ref_B73_2:84452151..84452868	5.5794	.
B73_chr2	84451118	84459961	LTRRT_9563	B73_chr2	84458936	84459367	meth_B73.ref_B73_2:84458936..84459367	3.92157	.
B73_chr2	84953568	84966321	LTRRT_9575	B73_chr2	84956500	84957375	meth_B73.ref_B73_2:84956500..84957375	1.66389	.
B73_chr2	85065123	85072033	LTRRT_9577	B73_chr2	85069832	85070660	meth_B73.ref_B73_2:85069832..85070660	5.625	.
B73_chr2	85065123	85072033	LTRRT_9577	B73_chr2	85065517	85066333	meth_B73.ref_B73_2:85065517..85066333	5.28455	.
B73_chr2	85074308	85089883	LTRRT_9578	B73_chr2	85076028	85076351	meth_B73.ref_B73_2:85076028..85076351	4.2328	.
B73_chr2	85074308	85089883	LTRRT_9578	B73_chr2	85087060	85087234	meth_B73.ref_B73_2:85087060..85087234	10.1351	.
B73_chr2	85525968	85541002	LTRRT_9588	B73_chr2	85538792	85538950	meth_B73.ref_B73_2:85538792..85538950	14.6341	.
B73_chr2	85577043	85586429	LTRRT_9589	B73_chr2	85577623	85578372	meth_B73.ref_B73_2:85577623..85578372	4.85232	.
B73_chr2	85577043	85586429	LTRRT_9589	B73_chr2	85584551	85585418	meth_B73.ref_B73_2:85584551..85585418	4.70588	.
B73_chr2	86037850	86047287	LTRRT_9601	B73_chr2	86046018	86046281	meth_B73.ref_B73_2:86046018..86046281	6.81818	.
B73_chr2	86858449	86865389	LTRRT_9624	B73_chr2	86859836	86860524	meth_B73.ref_B73_2:86859836..86860524	12.2473	.
B73_chr2	87130881	87135793	LTRRT_9629	B73_chr2	87135781	87137457	meth_B73.ref_B73_2:87135781..87137457	0.380228	.
B73_chr2	87286834	87292667	LTRRT_9633	B73_chr2	87284756	87287005	meth_B73.ref_B73_2:87284756..87287005	1.92837	.
B73_chr2	87609343	87624320	LTRRT_9641	B73_chr2	87621778	87621975	meth_B73.ref_B73_2:87621778..87621975	12.7517	.
B73_chr2	88519017	88526459	LTRRT_9673	B73_chr2	88526395	88528525	meth_B73.ref_B73_2:88526395..88528525	1.91304	.
B73_chr2	89870306	89884731	LTRRT_9702	B73_chr2	89881110	89881276	meth_B73.ref_B73_2:89881110..89881276	10.5263	.
B73_chr2	90064292	90070759	LTRRT_9705	B73_chr2	90067697	90067881	meth_B73.ref_B73_2:90067697..90067881	15.4762	.
B73_chr2	90864144	90873931	LTRRT_9723	B73_chr2	90872688	90873430	meth_B73.ref_B73_2:90872688..90873430	5.27108	.
B73_chr2	90864144	90873931	LTRRT_9723	B73_chr2	90865264	90866006	meth_B73.ref_B73_2:90865264..90866006	3.09278	.
B73_chr2	90970824	90989065	LTRRT_9725	B73_chr2	90971178	90972133	meth_B73.ref_B73_2:90971178..90972133	4.13437	.
B73_chr2	90970824	90989065	LTRRT_9725	B73_chr2	90987268	90988060	meth_B73.ref_B73_2:90987268..90988060	10.7724	.
B73_chr2	91547998	91562975	LTRRT_9741	B73_chr2	91560920	91561093	meth_B73.ref_B73_2:91560920..91561093	13.4831	.
B73_chr2	91547998	91562975	LTRRT_9741	B73_chr2	91561220	91561407	meth_B73.ref_B73_2:91561220..91561407	10.6383	.
B73_chr2	91670908	91681559	LTRRT_9744	B73_chr2	91673257	91673674	meth_B73.ref_B73_2:91673257..91673674	0	.
B73_chr2	91670908	91681559	LTRRT_9744	B73_chr2	91680496	91680696	meth_B73.ref_B73_2:91680496..91680696	0	.
B73_chr2	91670908	91681559	LTRRT_9744	B73_chr2	91681011	91681247	meth_B73.ref_B73_2:91681011..91681247	0	.
B73_chr2	91898629	91907815	LTRRT_9748	B73_chr2	91899424	91899720	meth_B73.ref_B73_2:91899424..91899720	18.6813	.
B73_chr2	91898629	91907815	LTRRT_9748	B73_chr2	91905901	91906780	meth_B73.ref_B73_2:91905901..91906780	6.49123	.
B73_chr2	92855988	92868016	LTRRT_9761	B73_chr2	92856643	92859012	meth_B73.ref_B73_2:92856643..92859012	1.94332	.
B73_chr2	92855988	92868016	LTRRT_9761	B73_chr2	92863078	92865583	meth_B73.ref_B73_2:92863078..92865583	1.97935	.
B73_chr2	94019091	94028226	LTRRT_9787	B73_chr2	94020177	94021076	meth_B73.ref_B73_2:94020177..94021076	3.19149	.
B73_chr2	94019091	94028226	LTRRT_9787	B73_chr2	94026735	94027722	meth_B73.ref_B73_2:94026735..94027722	6.15942	.
B73_chr2	94558718	94572465	LTRRT_9801	B73_chr2	94564045	94564350	meth_B73.ref_B73_2:94564045..94564350	14.3646	.
B73_chr2	94750201	94762170	LTRRT_9808	B73_chr2	94750986	94752245	meth_B73.ref_B73_2:94750986..94752245	0.813008	.
B73_chr2	94750201	94762170	LTRRT_9808	B73_chr2	94758490	94759828	meth_B73.ref_B73_2:94758490..94759828	1.45808	.
B73_chr2	95229318	95238396	LTRRT_9819	B73_chr2	95237696	95237879	meth_B73.ref_B73_2:95237696..95237879	13.0435	.
B73_chr2	95463058	95486791	LTRRT_9826	B73_chr2	95465087	95465965	meth_B73.ref_B73_2:95465087..95465965	7.93466	.
B73_chr2	95463058	95486791	LTRRT_9826	B73_chr2	95482537	95483462	meth_B73.ref_B73_2:95482537..95483462	12.3798	.
B73_chr2	95632840	95640424	LTRRT_9832	B73_chr2	95639994	95640165	meth_B73.ref_B73_2:95639994..95640165	12.8713	.
B73_chr2	95632840	95640424	LTRRT_9832	B73_chr2	95633160	95633451	meth_B73.ref_B73_2:95633160..95633451	17.2249	.
B73_chr2	95691692	95706836	LTRRT_9834	B73_chr2	95705747	95705960	meth_B73.ref_B73_2:95705747..95705960	19.0909	.
B73_chr2	95817244	95824811	LTRRT_9840	B73_chr2	95818506	95818698	meth_B73.ref_B73_2:95818506..95818698	0	.
B73_chr2	96089767	96098375	LTRRT_9847	B73_chr2	96090354	96091179	meth_B73.ref_B73_2:96090354..96091179	14.8368	.
B73_chr2	96110043	96116917	LTRRT_9848	B73_chr2	96114530	96114692	meth_B73.ref_B73_2:96114530..96114692	18.8034	.
B73_chr2	96272303	96287445	LTRRT_9856	B73_chr2	96287053	96287207	meth_B73.ref_B73_2:96287053..96287207	4.34783	.
B73_chr2	96352817	96359440	LTRRT_9861	B73_chr2	96353191	96353522	meth_B73.ref_B73_2:96353191..96353522	12.1795	.
B73_chr2	96352817	96359440	LTRRT_9861	B73_chr2	96354855	96355030	meth_B73.ref_B73_2:96354855..96355030	11.1111	.
B73_chr2	96352817	96359440	LTRRT_9861	B73_chr2	96358819	96359170	meth_B73.ref_B73_2:96358819..96359170	15.0794	.
B73_chr2	96370633	96378199	LTRRT_9863	B73_chr2	96371929	96372158	meth_B73.ref_B73_2:96371929..96372158	7.01754	.
B73_chr2	96394703	96409099	LTRRT_9865	B73_chr2	96399101	96399356	meth_B73.ref_B73_2:96399101..96399356	17.6471	.
B73_chr2	96394703	96409099	LTRRT_9865	B73_chr2	96407003	96407269	meth_B73.ref_B73_2:96407003..96407269	13.3333	.
B73_chr2	96428050	96435624	LTRRT_9867	B73_chr2	96428442	96428721	meth_B73.ref_B73_2:96428442..96428721	13.8462	.
B73_chr2	96565868	96573436	LTRRT_9873	B73_chr2	96573044	96573213	meth_B73.ref_B73_2:96573044..96573213	17.8571	.
B73_chr2	96724074	96731643	LTRRT_9881	B73_chr2	96724401	96724612	meth_B73.ref_B73_2:96724401..96724612	12.8205	.
B73_chr2	96768324	96775895	LTRRT_9883	B73_chr2	96769360	96769697	meth_B73.ref_B73_2:96769360..96769697	16.8	.
B73_chr2	96809368	96816691	LTRRT_9884	B73_chr2	96809489	96809658	meth_B73.ref_B73_2:96809489..96809658	15.7895	.
B73_chr2	96901928	96909496	LTRRT_9887	B73_chr2	96902073	96902322	meth_B73.ref_B73_2:96902073..96902322	13.1579	.
B73_chr2	96901928	96909496	LTRRT_9887	B73_chr2	96902411	96902622	meth_B73.ref_B73_2:96902411..96902622	2.22222	.
B73_chr2	97054921	97064635	LTRRT_9893	B73_chr2	97062216	97062367	meth_B73.ref_B73_2:97062216..97062367	15.0943	.
B73_chr2	97209633	97224783	LTRRT_9898	B73_chr2	97223398	97223579	meth_B73.ref_B73_2:97223398..97223579	11.7647	.
B73_chr2	97260771	97268340	LTRRT_9902	B73_chr2	97267723	97268013	meth_B73.ref_B73_2:97267723..97268013	11.7764	.
B73_chr2	97381412	97388983	LTRRT_9909	B73_chr2	97381632	97381806	meth_B73.ref_B73_2:97381632..97381806	8.51064	.
B73_chr2	97437519	97445081	LTRRT_9912	B73_chr2	97437779	97437935	meth_B73.ref_B73_2:97437779..97437935	3.57143	.
B73_chr2	97946049	97966496	LTRRT_9923	B73_chr2	97948431	97949192	meth_B73.ref_B73_2:97948431..97949192	0.978793	.
B73_chr2	97946049	97966496	LTRRT_9923	B73_chr2	97949687	97951363	meth_B73.ref_B73_2:97949687..97951363	1.19826	.
B73_chr2	97946049	97966496	LTRRT_9923	B73_chr2	97962961	97963928	meth_B73.ref_B73_2:97962961..97963928	0.980392	.
B73_chr2	97946049	97966496	LTRRT_9923	B73_chr2	97963962	97965855	meth_B73.ref_B73_2:97963962..97965855	0.831793	.
B73_chr2	98499992	98506361	LTRRT_9934	B73_chr2	98506200	98506379	meth_B73.ref_B73_2:98506200..98506379	17.7419	.
B73_chr2	98936580	98952503	LTRRT_9943	B73_chr2	98948832	98949780	meth_B73.ref_B73_2:98948832..98949780	6.14618	.
B73_chr2	98936580	98952503	LTRRT_9943	B73_chr2	98942319	98943304	meth_B73.ref_B73_2:98942319..98943304	2.62391	.
B73_chr2	99215695	99227940	LTRRT_9952	B73_chr2	99215880	99217455	meth_B73.ref_B73_2:99215880..99217455	1.22905	.
B73_chr2	99215695	99227940	LTRRT_9952	B73_chr2	99223375	99224797	meth_B73.ref_B73_2:99223375..99224797	0.727273	.
B73_chr2	99786672	99797760	LTRRT_9960	B73_chr2	99789631	99790427	meth_B73.ref_B73_2:99789631..99790427	0	.
B73_chr2	99786672	99797760	LTRRT_9960	B73_chr2	99796643	99797416	meth_B73.ref_B73_2:99796643..99797416	0	.
B73_chr2	99966210	99975460	LTRRT_9965	B73_chr2	99966574	99967445	meth_B73.ref_B73_2:99966574..99967445	5.90842	.
B73_chr2	99966210	99975460	LTRRT_9965	B73_chr2	99973715	99974366	meth_B73.ref_B73_2:99973715..99974366	3.42612	.
B73_chr2	100080344	100094529	LTRRT_9967	B73_chr2	100082218	100083293	meth_B73.ref_B73_2:100082218..100083293	0.760456	.
B73_chr2	100080344	100094529	LTRRT_9967	B73_chr2	100083428	100083780	meth_B73.ref_B73_2:100083428..100083780	7.5	.
B73_chr2	100080344	100094529	LTRRT_9967	B73_chr2	100090203	100091163	meth_B73.ref_B73_2:100090203..100091163	0	.
B73_chr2	100080344	100094529	LTRRT_9967	B73_chr2	100091344	100091705	meth_B73.ref_B73_2:100091344..100091705	14.2857	.
B73_chr2	100080344	100094529	LTRRT_9967	B73_chr2	100091843	100092067	meth_B73.ref_B73_2:100091843..100092067	8.03571	.
B73_chr2	100755448	100770466	LTRRT_9978	B73_chr2	100757300	100757613	meth_B73.ref_B73_2:100757300..100757613	13.3333	.
B73_chr2	101577837	101592049	LTRRT_9993	B73_chr2	101581083	101581726	meth_B73.ref_B73_2:101581083..101581726	12.3955	.
B73_chr2	101577837	101592049	LTRRT_9993	B73_chr2	101588153	101588601	meth_B73.ref_B73_2:101588153..101588601	0	.
B73_chr2	101577837	101592049	LTRRT_9993	B73_chr2	101588782	101589195	meth_B73.ref_B73_2:101588782..101589195	6.47773	.
B73_chr2	101711347	101727319	LTRRT_9999	B73_chr2	101714339	101715295	meth_B73.ref_B73_2:101714339..101715295	1.79372	.
B73_chr2	101711347	101727319	LTRRT_9999	B73_chr2	101720962	101721900	meth_B73.ref_B73_2:101720962..101721900	2.92969	.
B73_chr2	102060069	102066802	LTRRT_10008	B73_chr2	102061507	102062119	meth_B73.ref_B73_2:102061507..102062119	8.4507	.
B73_chr2	102060069	102066802	LTRRT_10008	B73_chr2	102065746	102066368	meth_B73.ref_B73_2:102065746..102066368	7.07237	.
B73_chr2	102103240	102117247	LTRRT_10010	B73_chr2	102105528	102107790	meth_B73.ref_B73_2:102105528..102107790	11.6279	.
B73_chr2	102103240	102117247	LTRRT_10010	B73_chr2	102113554	102114270	meth_B73.ref_B73_2:102113554..102114270	12.9167	.
B73_chr2	102103240	102117247	LTRRT_10010	B73_chr2	102114684	102115170	meth_B73.ref_B73_2:102114684..102115170	0	.
B73_chr2	102103240	102117247	LTRRT_10010	B73_chr2	102115270	102115548	meth_B73.ref_B73_2:102115270..102115548	5.26316	.
B73_chr2	102205333	102212191	LTRRT_10011	B73_chr2	102205810	102206541	meth_B73.ref_B73_2:102205810..102206541	7.27273	.
B73_chr2	102205333	102212191	LTRRT_10011	B73_chr2	102208018	102208343	meth_B73.ref_B73_2:102208018..102208343	7.69231	.
B73_chr2	102205333	102212191	LTRRT_10011	B73_chr2	102210023	102210839	meth_B73.ref_B73_2:102210023..102210839	2.55102	.
B73_chr2	102329026	102343947	LTRRT_10014	B73_chr2	102331298	102331512	meth_B73.ref_B73_2:102331298..102331512	15.6028	.
B73_chr2	102422453	102431513	LTRRT_10017	B73_chr2	102423458	102424342	meth_B73.ref_B73_2:102423458..102424342	4.33333	.
B73_chr2	102422453	102431513	LTRRT_10017	B73_chr2	102430035	102431019	meth_B73.ref_B73_2:102430035..102431019	6.11111	.
B73_chr2	102536569	102552146	LTRRT_10021	B73_chr2	102540859	102541149	meth_B73.ref_B73_2:102540859..102541149	10	.
B73_chr2	102763240	102772472	LTRRT_10025	B73_chr2	102763752	102764512	meth_B73.ref_B73_2:102763752..102764512	4.85437	.
B73_chr2	102763240	102772472	LTRRT_10025	B73_chr2	102770677	102771439	meth_B73.ref_B73_2:102770677..102771439	7.32218	.
B73_chr2	103557951	103564826	LTRRT_10043	B73_chr2	103558485	103558995	meth_B73.ref_B73_2:103558485..103558995	16.5877	.
B73_chr2	103557951	103564826	LTRRT_10043	B73_chr2	103562705	103563394	meth_B73.ref_B73_2:103562705..103563394	4.69083	.
B73_chr2	103609183	103624581	LTRRT_10045	B73_chr2	103622490	103622801	meth_B73.ref_B73_2:103622490..103622801	8.88889	.
B73_chr2	105870351	105885928	LTRRT_10083	B73_chr2	105872221	105872580	meth_B73.ref_B73_2:105872221..105872580	1.17647	.
B73_chr2	105870351	105885928	LTRRT_10083	B73_chr2	105883107	105883468	meth_B73.ref_B73_2:105883107..105883468	9.45274	.
B73_chr2	105921420	105930089	LTRRT_10085	B73_chr2	105923384	105923557	meth_B73.ref_B73_2:105923384..105923557	12.3077	.
B73_chr2	106225243	106232828	LTRRT_10091	B73_chr2	106226585	106226840	meth_B73.ref_B73_2:106226585..106226840	14.7436	.
B73_chr2	107339853	107355252	LTRRT_10121	B73_chr2	107341369	107342118	meth_B73.ref_B73_2:107341369..107342118	5.74713	.
B73_chr2	107339853	107355252	LTRRT_10121	B73_chr2	107352429	107352603	meth_B73.ref_B73_2:107352429..107352603	14.5251	.
B73_chr2	108111409	108126776	LTRRT_10142	B73_chr2	108114150	108114391	meth_B73.ref_B73_2:108114150..108114391	14.0187	.
B73_chr2	108413486	108425578	LTRRT_10148	B73_chr2	108416008	108417311	meth_B73.ref_B73_2:108416008..108417311	4.31655	.
B73_chr2	108413486	108425578	LTRRT_10148	B73_chr2	108423816	108424905	meth_B73.ref_B73_2:108423816..108424905	1.43627	.
B73_chr2	109558348	109566100	LTRRT_10172	B73_chr2	109565507	109565693	meth_B73.ref_B73_2:109565507..109565693	16.8831	.
B73_chr2	110438627	110444079	LTRRT_10198	B73_chr2	110437096	110440162	meth_B73.ref_B73_2:110437096..110440162	0.185943	.
B73_chr2	110438627	110444079	LTRRT_10198	B73_chr2	110440261	110442572	meth_B73.ref_B73_2:110440261..110442572	3.05458	.
B73_chr2	110633209	110647599	LTRRT_10201	B73_chr2	110646151	110646875	meth_B73.ref_B73_2:110646151..110646875	0	.
B73_chr2	110826249	110837432	LTRRT_10206	B73_chr2	110836978	110837137	meth_B73.ref_B73_2:110836978..110837137	10.8108	.
B73_chr2	111300448	111303209	LTRRT_10218	B73_chr2	111299500	111300477	meth_B73.ref_B73_2:111299500..111300477	0.657895	.
B73_chr2	111688907	111698024	LTRRT_10226	B73_chr2	111694312	111694493	meth_B73.ref_B73_2:111694312..111694493	12.5874	.
B73_chr2	111688907	111698024	LTRRT_10226	B73_chr2	111695968	111696859	meth_B73.ref_B73_2:111695968..111696859	5.82011	.
B73_chr2	111688907	111698024	LTRRT_10226	B73_chr2	111689414	111690225	meth_B73.ref_B73_2:111689414..111690225	2.39726	.
B73_chr2	111796513	111802069	LTRRT_10227	B73_chr2	111793969	111796842	meth_B73.ref_B73_2:111793969..111796842	1.21906	.
B73_chr2	111796513	111802069	LTRRT_10227	B73_chr2	111801711	111803276	meth_B73.ref_B73_2:111801711..111803276	6.40669	.
B73_chr2	112308637	112320825	LTRRT_10245	B73_chr2	112311230	112311472	meth_B73.ref_B73_2:112311230..112311472	0	.
B73_chr2	112494619	112499817	LTRRT_10249	B73_chr2	112495055	112495230	meth_B73.ref_B73_2:112495055..112495230	5.88235	.
B73_chr2	112562426	112569289	LTRRT_10250	B73_chr2	112563943	112564100	meth_B73.ref_B73_2:112563943..112564100	6.75676	.
B73_chr2	112607524	112616612	LTRRT_10252	B73_chr2	112607930	112608982	meth_B73.ref_B73_2:112607930..112608982	4.7619	.
B73_chr2	112607524	112616612	LTRRT_10252	B73_chr2	112614640	112615608	meth_B73.ref_B73_2:112614640..112615608	5.02232	.
B73_chr2	113598051	113603950	LTRRT_10272	B73_chr2	113599889	113600074	meth_B73.ref_B73_2:113599889..113600074	15.3846	.
B73_chr2	114090362	114104670	LTRRT_10286	B73_chr2	114092300	114093325	meth_B73.ref_B73_2:114092300..114093325	10.3318	.
B73_chr2	114090362	114104670	LTRRT_10286	B73_chr2	114100404	114101366	meth_B73.ref_B73_2:114100404..114101366	5.22648	.
B73_chr2	114210645	114224558	LTRRT_10289	B73_chr2	114218346	114218529	meth_B73.ref_B73_2:114218346..114218529	13.8298	.
B73_chr2	114566843	114571733	LTRRT_10300	B73_chr2	114565495	114566998	meth_B73.ref_B73_2:114565495..114566998	1.10664	.
B73_chr2	114672653	114682797	LTRRT_10301	B73_chr2	114678839	114679400	meth_B73.ref_B73_2:114678839..114679400	10.395	.
B73_chr2	115454552	115463313	LTRRT_10318	B73_chr2	115454945	115455527	meth_B73.ref_B73_2:115454945..115455527	2.63158	.
B73_chr2	115454552	115463313	LTRRT_10318	B73_chr2	115455604	115455810	meth_B73.ref_B73_2:115455604..115455810	5.7971	.
B73_chr2	115454552	115463313	LTRRT_10318	B73_chr2	115461555	115462341	meth_B73.ref_B73_2:115461555..115462341	2.76498	.
B73_chr2	116028391	116036330	LTRRT_10332	B73_chr2	116035528	116035742	meth_B73.ref_B73_2:116035528..116035742	11.8056	.
B73_chr2	118055215	118063156	LTRRT_10375	B73_chr2	118055802	118055981	meth_B73.ref_B73_2:118055802..118055981	14.6853	.
B73_chr2	118363588	118376475	LTRRT_10385	B73_chr2	118364149	118364383	meth_B73.ref_B73_2:118364149..118364383	5.30303	.
B73_chr2	118363588	118376475	LTRRT_10385	B73_chr2	118372363	118372599	meth_B73.ref_B73_2:118372363..118372599	0	.
B73_chr2	118406939	118412065	LTRRT_10386	B73_chr2	118412024	118413575	meth_B73.ref_B73_2:118412024..118413575	5.9869	.
B73_chr2	118706806	118713464	LTRRT_10394	B73_chr2	118712482	118712647	meth_B73.ref_B73_2:118712482..118712647	18.6441	.
B73_chr2	118792966	118801879	LTRRT_10397	B73_chr2	118801656	118802555	meth_B73.ref_B73_2:118801656..118802555	0.658979	.
B73_chr2	119663718	119678143	LTRRT_10411	B73_chr2	119666708	119667130	meth_B73.ref_B73_2:119666708..119667130	10.8696	.
B73_chr2	119663718	119678143	LTRRT_10411	B73_chr2	119667181	119668064	meth_B73.ref_B73_2:119667181..119668064	8.39921	.
B73_chr2	119663718	119678143	LTRRT_10411	B73_chr2	119675101	119676123	meth_B73.ref_B73_2:119675101..119676123	8.80399	.
B73_chr2	120507516	120522909	LTRRT_10429	B73_chr2	120509136	120509469	meth_B73.ref_B73_2:120509136..120509469	11.1111	.
B73_chr2	120507516	120522909	LTRRT_10429	B73_chr2	120519927	120520258	meth_B73.ref_B73_2:120519927..120520258	8.33333	.
B73_chr2	120863265	120870173	LTRRT_10437	B73_chr2	120864809	120865513	meth_B73.ref_B73_2:120864809..120865513	0.289017	.
B73_chr2	120863265	120870173	LTRRT_10437	B73_chr2	120869000	120869829	meth_B73.ref_B73_2:120869000..120869829	1.30719	.
B73_chr2	121091407	121098413	LTRRT_10443	B73_chr2	121091672	121092615	meth_B73.ref_B73_2:121091672..121092615	10.7991	.
B73_chr2	121091407	121098413	LTRRT_10443	B73_chr2	121096247	121096986	meth_B73.ref_B73_2:121096247..121096986	10.0358	.
B73_chr2	122253954	122268102	LTRRT_10467	B73_chr2	122256425	122257130	meth_B73.ref_B73_2:122256425..122257130	9.35583	.
B73_chr2	122253954	122268102	LTRRT_10467	B73_chr2	122264519	122264857	meth_B73.ref_B73_2:122264519..122264857	10.687	.
B73_chr2	124746090	124747858	LTRRT_10514	B73_chr2	124744241	124746178	meth_B73.ref_B73_2:124744241..124746178	1.31827	.
B73_chr2	125666937	125675026	LTRRT_10535	B73_chr2	125669061	125669564	meth_B73.ref_B73_2:125669061..125669564	11.1913	.
B73_chr2	125780381	125804063	LTRRT_10537	B73_chr2	125782688	125782875	meth_B73.ref_B73_2:125782688..125782875	11.1111	.
B73_chr2	126241951	126247842	LTRRT_10546	B73_chr2	126247760	126252499	meth_B73.ref_B73_2:126247760..126252499	1.75976	.
B73_chr2	128065341	128072234	LTRRT_10592	B73_chr2	128066871	128067477	meth_B73.ref_B73_2:128066871..128067477	7.66423	.
B73_chr2	128065341	128072234	LTRRT_10592	B73_chr2	128071183	128071989	meth_B73.ref_B73_2:128071183..128071989	6.6561	.
B73_chr2	128257872	128273273	LTRRT_10595	B73_chr2	128261446	128261678	meth_B73.ref_B73_2:128261446..128261678	15.873	.
B73_chr2	130124050	130130870	LTRRT_10643	B73_chr2	130124440	130125021	meth_B73.ref_B73_2:130124440..130125021	12.6582	.
B73_chr2	130514019	130517308	LTRRT_10653	B73_chr2	130513650	130518267	meth_B73.ref_B73_2:130513650..130518267	0.885628	.
B73_chr2	130668172	130677978	LTRRT_10657	B73_chr2	130668684	130669443	meth_B73.ref_B73_2:130668684..130669443	10.9504	.
B73_chr2	130668172	130677978	LTRRT_10657	B73_chr2	130676119	130676807	meth_B73.ref_B73_2:130676119..130676807	7.50988	.
B73_chr2	131324949	131334119	LTRRT_10670	B73_chr2	131326058	131326943	meth_B73.ref_B73_2:131326058..131326943	3.60111	.
B73_chr2	131324949	131334119	LTRRT_10670	B73_chr2	131332647	131333723	meth_B73.ref_B73_2:131332647..131333723	2.79412	.
B73_chr2	131485174	131492076	LTRRT_10673	B73_chr2	131485551	131486384	meth_B73.ref_B73_2:131485551..131486384	6.99708	.
B73_chr2	131485174	131492076	LTRRT_10673	B73_chr2	131489919	131490375	meth_B73.ref_B73_2:131489919..131490375	3.81679	.
B73_chr2	131613297	131622513	LTRRT_10677	B73_chr2	131613809	131614570	meth_B73.ref_B73_2:131613809..131614570	9.15493	.
B73_chr2	131613297	131622513	LTRRT_10677	B73_chr2	131620718	131621512	meth_B73.ref_B73_2:131620718..131621512	3.80711	.
B73_chr2	131745507	131758501	LTRRT_10680	B73_chr2	131757204	131757410	meth_B73.ref_B73_2:131757204..131757410	10.8696	.
B73_chr2	132064719	132080826	LTRRT_10687	B73_chr2	132066439	132066762	meth_B73.ref_B73_2:132066439..132066762	6.66667	.
B73_chr2	132064719	132080826	LTRRT_10687	B73_chr2	132077856	132078179	meth_B73.ref_B73_2:132077856..132078179	10.828	.
B73_chr2	132415603	132431151	LTRRT_10696	B73_chr2	132418232	132418406	meth_B73.ref_B73_2:132418232..132418406	7.21649	.
B73_chr2	132452103	132457526	LTRRT_10697	B73_chr2	132457422	132460551	meth_B73.ref_B73_2:132457422..132460551	0.512666	.
B73_chr2	132759165	132775206	LTRRT_10705	B73_chr2	132765652	132766612	meth_B73.ref_B73_2:132765652..132766612	5.85635	.
B73_chr2	132776382	132791963	LTRRT_10706	B73_chr2	132788992	132789411	meth_B73.ref_B73_2:132788992..132789411	16.6667	.
B73_chr2	132970637	132985266	LTRRT_10712	B73_chr2	132982688	132984266	meth_B73.ref_B73_2:132982688..132984266	0.0718907	.
B73_chr2	133298532	133313126	LTRRT_10722	B73_chr2	133300574	133301614	meth_B73.ref_B73_2:133300574..133301614	7.23831	.
B73_chr2	133298532	133313126	LTRRT_10722	B73_chr2	133308720	133309755	meth_B73.ref_B73_2:133308720..133309755	6.70554	.
B73_chr2	133662011	133671222	LTRRT_10733	B73_chr2	133663324	133664002	meth_B73.ref_B73_2:133663324..133664002	1.1236	.
B73_chr2	133662011	133671222	LTRRT_10733	B73_chr2	133669748	133670846	meth_B73.ref_B73_2:133669748..133670846	1.25392	.
B73_chr2	134461602	134467784	LTRRT_10750	B73_chr2	134460605	134461612	meth_B73.ref_B73_2:134460605..134461612	1.50565	.
B73_chr2	135158923	135173930	LTRRT_10761	B73_chr2	135161260	135161422	meth_B73.ref_B73_2:135161260..135161422	11.1111	.
B73_chr2	135158923	135173930	LTRRT_10761	B73_chr2	135171841	135172018	meth_B73.ref_B73_2:135171841..135172018	14.433	.
B73_chr2	135637387	135644208	LTRRT_10772	B73_chr2	135638892	135639217	meth_B73.ref_B73_2:135638892..135639217	2.94118	.
B73_chr2	135637387	135644208	LTRRT_10772	B73_chr2	135639248	135639470	meth_B73.ref_B73_2:135639248..135639470	2.7027	.
B73_chr2	135637387	135644208	LTRRT_10772	B73_chr2	135642967	135643135	meth_B73.ref_B73_2:135642967..135643135	12	.
B73_chr2	135637387	135644208	LTRRT_10772	B73_chr2	135643291	135643553	meth_B73.ref_B73_2:135643291..135643553	2.08333	.
B73_chr2	135677235	135691452	LTRRT_10774	B73_chr2	135689411	135689572	meth_B73.ref_B73_2:135689411..135689572	4.16667	.
B73_chr2	135967442	135976741	LTRRT_10780	B73_chr2	135976720	135976915	meth_B73.ref_B73_2:135976720..135976915	10.6557	.
B73_chr2	137048521	137053865	LTRRT_10802	B73_chr2	137047991	137048590	meth_B73.ref_B73_2:137047991..137048590	4.7619	.
B73_chr2	137208267	137217579	LTRRT_10807	B73_chr2	137217521	137220723	meth_B73.ref_B73_2:137217521..137220723	1.47344	.
B73_chr2	137607310	137614324	LTRRT_10819	B73_chr2	137607574	137608525	meth_B73.ref_B73_2:137607574..137608525	9.18197	.
B73_chr2	137607310	137614324	LTRRT_10819	B73_chr2	137612158	137612897	meth_B73.ref_B73_2:137612158..137612897	5.86854	.
B73_chr2	137803760	137815286	LTRRT_10825	B73_chr2	137804055	137805237	meth_B73.ref_B73_2:137804055..137805237	0.273598	.
B73_chr2	137803760	137815286	LTRRT_10825	B73_chr2	137811051	137812232	meth_B73.ref_B73_2:137811051..137812232	0.282885	.
B73_chr2	137954751	137959705	LTRRT_10829	B73_chr2	137959651	137960088	meth_B73.ref_B73_2:137959651..137960088	6.88406	.
B73_chr2	138131447	138154978	LTRRT_10834	B73_chr2	138134796	138134967	meth_B73.ref_B73_2:138134796..138134967	17.8295	.
B73_chr2	138131447	138154978	LTRRT_10834	B73_chr2	138135139	138136002	meth_B73.ref_B73_2:138135139..138136002	8.51789	.
B73_chr2	138131447	138154978	LTRRT_10834	B73_chr2	138152190	138152936	meth_B73.ref_B73_2:138152190..138152936	15.625	.
B73_chr2	138287814	138290666	LTRRT_10839	B73_chr2	138290658	138292694	meth_B73.ref_B73_2:138290658..138292694	2.24551	.
B73_chr2	138600878	138614401	LTRRT_10844	B73_chr2	138604490	138605268	meth_B73.ref_B73_2:138604490..138605268	2.98013	.
B73_chr2	138600878	138614401	LTRRT_10844	B73_chr2	138611332	138611670	meth_B73.ref_B73_2:138611332..138611670	13.3523	.
B73_chr2	138600878	138614401	LTRRT_10844	B73_chr2	138611730	138612946	meth_B73.ref_B73_2:138611730..138612946	4.27807	.
B73_chr2	138661477	138668762	LTRRT_10846	B73_chr2	138664556	138664735	meth_B73.ref_B73_2:138664556..138664735	13.3333	.
B73_chr2	138771480	138776905	LTRRT_10849	B73_chr2	138768919	138771690	meth_B73.ref_B73_2:138768919..138771690	3.02419	.
B73_chr2	138771480	138776905	LTRRT_10849	B73_chr2	138775561	138775773	meth_B73.ref_B73_2:138775561..138775773	17.1429	.
B73_chr2	138771480	138776905	LTRRT_10849	B73_chr2	138775875	138777574	meth_B73.ref_B73_2:138775875..138777574	0.914077	.
B73_chr2	139190745	139197586	LTRRT_10861	B73_chr2	139191224	139191533	meth_B73.ref_B73_2:139191224..139191533	2.22222	.
B73_chr2	139190745	139197586	LTRRT_10861	B73_chr2	139191717	139191918	meth_B73.ref_B73_2:139191717..139191918	16.3636	.
B73_chr2	139190745	139197586	LTRRT_10861	B73_chr2	139196042	139196246	meth_B73.ref_B73_2:139196042..139196246	11.5385	.
B73_chr2	139708670	139718471	LTRRT_10875	B73_chr2	139709431	139709623	meth_B73.ref_B73_2:139709431..139709623	0	.
B73_chr2	139708670	139718471	LTRRT_10875	B73_chr2	139716619	139717281	meth_B73.ref_B73_2:139716619..139717281	2.29508	.
B73_chr2	140958622	140970513	LTRRT_10902	B73_chr2	140959724	140960386	meth_B73.ref_B73_2:140959724..140960386	8.52273	.
B73_chr2	140958622	140970513	LTRRT_10902	B73_chr2	140969607	140970014	meth_B73.ref_B73_2:140969607..140970014	13.4715	.
B73_chr2	141511332	141520637	LTRRT_10913	B73_chr2	141511842	141512603	meth_B73.ref_B73_2:141511842..141512603	6.01266	.
B73_chr2	141511332	141520637	LTRRT_10913	B73_chr2	141518843	141519498	meth_B73.ref_B73_2:141518843..141519498	5.53279	.
B73_chr2	141608642	141615538	LTRRT_10915	B73_chr2	141610403	141610661	meth_B73.ref_B73_2:141610403..141610661	7.87037	.
B73_chr2	141608642	141615538	LTRRT_10915	B73_chr2	141610712	141610928	meth_B73.ref_B73_2:141610712..141610928	6.25	.
B73_chr2	141608642	141615538	LTRRT_10915	B73_chr2	141614457	141615241	meth_B73.ref_B73_2:141614457..141615241	5.23364	.
B73_chr2	141903301	141910148	LTRRT_10921	B73_chr2	141904810	141905366	meth_B73.ref_B73_2:141904810..141905366	2.73973	.
B73_chr2	141903301	141910148	LTRRT_10921	B73_chr2	141909102	141909638	meth_B73.ref_B73_2:141909102..141909638	4.87805	.
B73_chr2	143372887	143378198	LTRRT_10961	B73_chr2	143372360	143373035	meth_B73.ref_B73_2:143372360..143373035	1.71103	.
B73_chr2	144398798	144410338	LTRRT_10977	B73_chr2	144405243	144405556	meth_B73.ref_B73_2:144405243..144405556	19.0476	.
B73_chr2	145507383	145524925	LTRRT_11002	B73_chr2	145510962	145511178	meth_B73.ref_B73_2:145510962..145511178	16	.
B73_chr2	145507383	145524925	LTRRT_11002	B73_chr2	145511307	145511499	meth_B73.ref_B73_2:145511307..145511499	12.2807	.
B73_chr2	145950528	145959544	LTRRT_11014	B73_chr2	145950815	145951978	meth_B73.ref_B73_2:145950815..145951978	5.31915	.
B73_chr2	145950528	145959544	LTRRT_11014	B73_chr2	145955829	145956151	meth_B73.ref_B73_2:145955829..145956151	13.1148	.
B73_chr2	145950528	145959544	LTRRT_11014	B73_chr2	145957446	145958512	meth_B73.ref_B73_2:145957446..145958512	3.8864	.
B73_chr2	146066786	146082352	LTRRT_11018	B73_chr2	146068653	146068827	meth_B73.ref_B73_2:146068653..146068827	13.8462	.
B73_chr2	146066786	146082352	LTRRT_11018	B73_chr2	146079381	146079615	meth_B73.ref_B73_2:146079381..146079615	8	.
B73_chr2	146865463	146880306	LTRRT_11027	B73_chr2	146864787	146865508	meth_B73.ref_B73_2:146864787..146865508	0.610998	.
B73_chr2	147009513	147018049	LTRRT_11032	B73_chr2	147012003	147012613	meth_B73.ref_B73_2:147012003..147012613	0	.
B73_chr2	147826306	147837760	LTRRT_11050	B73_chr2	147836164	147836336	meth_B73.ref_B73_2:147836164..147836336	19.0476	.
B73_chr2	147880220	147892722	LTRRT_11052	B73_chr2	147891379	147892053	meth_B73.ref_B73_2:147891379..147892053	2.31092	.
B73_chr2	148031846	148045567	LTRRT_11057	B73_chr2	148032284	148032460	meth_B73.ref_B73_2:148032284..148032460	15.9091	.
B73_chr2	148093408	148108395	LTRRT_11058	B73_chr2	148095768	148095920	meth_B73.ref_B73_2:148095768..148095920	15.4762	.
B73_chr2	148706918	148712354	LTRRT_11069	B73_chr2	148706099	148706920	meth_B73.ref_B73_2:148706099..148706920	5.74949	.
B73_chr2	148784604	148795424	LTRRT_11071	B73_chr2	148785531	148785713	meth_B73.ref_B73_2:148785531..148785713	17.801	.
B73_chr2	148784604	148795424	LTRRT_11071	B73_chr2	148785823	148786002	meth_B73.ref_B73_2:148785823..148786002	18.6992	.
B73_chr2	148784604	148795424	LTRRT_11071	B73_chr2	148788840	148789856	meth_B73.ref_B73_2:148788840..148789856	9.80392	.
B73_chr2	148784604	148795424	LTRRT_11071	B73_chr2	148793648	148794235	meth_B73.ref_B73_2:148793648..148794235	14.5594	.
B73_chr2	149475628	149487651	LTRRT_11086	B73_chr2	149476182	149476378	meth_B73.ref_B73_2:149476182..149476378	0	.
B73_chr2	150942040	150953707	LTRRT_11118	B73_chr2	150943742	150943973	meth_B73.ref_B73_2:150943742..150943973	17.1429	.
B73_chr2	151356889	151361957	LTRRT_11129	B73_chr2	151357143	151357314	meth_B73.ref_B73_2:151357143..151357314	10.7843	.
B73_chr2	151356889	151361957	LTRRT_11129	B73_chr2	151361347	151361518	meth_B73.ref_B73_2:151361347..151361518	7.8125	.
B73_chr2	151926313	151941266	LTRRT_11144	B73_chr2	151928505	151928803	meth_B73.ref_B73_2:151928505..151928803	14.7727	.
B73_chr2	152176548	152188270	LTRRT_11149	B73_chr2	152187560	152187740	meth_B73.ref_B73_2:152187560..152187740	19.1781	.
B73_chr2	152226816	152238302	LTRRT_11152	B73_chr2	152227437	152228717	meth_B73.ref_B73_2:152227437..152228717	0.114679	.
B73_chr2	152226816	152238302	LTRRT_11152	B73_chr2	152234778	152236008	meth_B73.ref_B73_2:152234778..152236008	0.385356	.
B73_chr2	152490625	152495769	LTRRT_11156	B73_chr2	152495516	152498376	meth_B73.ref_B73_2:152495516..152498376	0.605816	.
B73_chr2	153730274	153745850	LTRRT_11190	B73_chr2	153733014	153733247	meth_B73.ref_B73_2:153733014..153733247	13.4146	.
B73_chr2	154633878	154640710	LTRRT_11212	B73_chr2	154635768	154636158	meth_B73.ref_B73_2:154635768..154636158	16	.
B73_chr2	154633878	154640710	LTRRT_11212	B73_chr2	154639907	154640175	meth_B73.ref_B73_2:154639907..154640175	10.5485	.
B73_chr2	154922934	154937567	LTRRT_11215	B73_chr2	154923253	154923494	meth_B73.ref_B73_2:154923253..154923494	19.186	.
B73_chr2	155574982	155581405	LTRRT_11227	B73_chr2	155580166	155580389	meth_B73.ref_B73_2:155580166..155580389	4.16667	.
B73_chr2	155714331	155729273	LTRRT_11232	B73_chr2	155716345	155716527	meth_B73.ref_B73_2:155716345..155716527	14.9254	.
B73_chr2	156159620	156169008	LTRRT_11243	B73_chr2	156168404	156170965	meth_B73.ref_B73_2:156168404..156170965	1.58383	.
B73_chr2	156312019	156318948	LTRRT_11246	B73_chr2	156312945	156313391	meth_B73.ref_B73_2:156312945..156313391	6.36042	.
B73_chr2	156312019	156318948	LTRRT_11246	B73_chr2	156318213	156318645	meth_B73.ref_B73_2:156318213..156318645	11.3208	.
B73_chr2	156359359	156365955	LTRRT_11247	B73_chr2	156364714	156365500	meth_B73.ref_B73_2:156364714..156365500	0.4662	.
B73_chr2	156642994	156648071	LTRRT_11256	B73_chr2	156647159	156654461	meth_B73.ref_B73_2:156647159..156654461	1.18822	.
B73_chr2	157094798	157108598	LTRRT_11265	B73_chr2	157101300	157101520	meth_B73.ref_B73_2:157101300..157101520	0	.
B73_chr2	157228043	157243043	LTRRT_11268	B73_chr2	157240539	157240852	meth_B73.ref_B73_2:157240539..157240852	15.367	.
B73_chr2	158517676	158522882	LTRRT_11301	B73_chr2	158516303	158518044	meth_B73.ref_B73_2:158516303..158518044	0.863309	.
B73_chr2	158849514	158864916	LTRRT_11309	B73_chr2	158852231	158852603	meth_B73.ref_B73_2:158852231..158852603	2.43902	.
B73_chr2	158849514	158864916	LTRRT_11309	B73_chr2	158862774	158863135	meth_B73.ref_B73_2:158862774..158863135	11.8519	.
B73_chr2	160124977	160134141	LTRRT_11337	B73_chr2	160125366	160126429	meth_B73.ref_B73_2:160125366..160126429	4.08654	.
B73_chr2	160124977	160134141	LTRRT_11337	B73_chr2	160131910	160133139	meth_B73.ref_B73_2:160131910..160133139	2.59128	.
B73_chr2	160197229	160204130	LTRRT_11340	B73_chr2	160198703	160199475	meth_B73.ref_B73_2:160198703..160199475	3.22581	.
B73_chr2	160197229	160204130	LTRRT_11340	B73_chr2	160203086	160203656	meth_B73.ref_B73_2:160203086..160203656	4.34783	.
B73_chr2	161578757	161584906	LTRRT_11368	B73_chr2	161578182	161578791	meth_B73.ref_B73_2:161578182..161578791	3.59712	.
B73_chr2	161674224	161685699	LTRRT_11372	B73_chr2	161674938	161675762	meth_B73.ref_B73_2:161674938..161675762	0	.
B73_chr2	161674224	161685699	LTRRT_11372	B73_chr2	161682103	161683075	meth_B73.ref_B73_2:161682103..161683075	0.484653	.
B73_chr2	161965556	161971227	LTRRT_11382	B73_chr2	161964860	161966726	meth_B73.ref_B73_2:161964860..161966726	3.27511	.
B73_chr2	161965556	161971227	LTRRT_11382	B73_chr2	161966877	161968207	meth_B73.ref_B73_2:161966877..161968207	0.547196	.
B73_chr2	161965556	161971227	LTRRT_11382	B73_chr2	161968926	161969140	meth_B73.ref_B73_2:161968926..161969140	12.5	.
B73_chr2	161965556	161971227	LTRRT_11382	B73_chr2	161970741	161975994	meth_B73.ref_B73_2:161970741..161975994	3.44916	.
B73_chr2	161980498	161986322	LTRRT_11383	B73_chr2	161985696	161990358	meth_B73.ref_B73_2:161985696..161990358	2.68657	.
B73_chr2	162348016	162361577	LTRRT_11396	B73_chr2	162351639	162352416	meth_B73.ref_B73_2:162351639..162352416	8.0402	.
B73_chr2	162348016	162361577	LTRRT_11396	B73_chr2	162358473	162358719	meth_B73.ref_B73_2:162358473..162358719	16.4384	.
B73_chr2	162348016	162361577	LTRRT_11396	B73_chr2	162359042	162360025	meth_B73.ref_B73_2:162359042..162360025	1.16732	.
B73_chr2	162411482	162416671	LTRRT_11398	B73_chr2	162412310	162412493	meth_B73.ref_B73_2:162412310..162412493	11.6667	.
B73_chr2	162411482	162416671	LTRRT_11398	B73_chr2	162415522	162415760	meth_B73.ref_B73_2:162415522..162415760	16.4286	.
B73_chr2	162411482	162416671	LTRRT_11398	B73_chr2	162415885	162416116	meth_B73.ref_B73_2:162415885..162416116	17.0455	.
B73_chr2	162411482	162416671	LTRRT_11398	B73_chr2	162416406	162419685	meth_B73.ref_B73_2:162416406..162419685	0.599908	.
B73_chr2	162411482	162416671	LTRRT_11398	B73_chr2	162412846	162415402	meth_B73.ref_B73_2:162412846..162415402	3.29782	.
B73_chr2	163249294	163262665	LTRRT_11411	B73_chr2	163250964	163251554	meth_B73.ref_B73_2:163250964..163251554	1.25	.
B73_chr2	163249294	163262665	LTRRT_11411	B73_chr2	163251700	163253082	meth_B73.ref_B73_2:163251700..163253082	14.7771	.
B73_chr2	163249294	163262665	LTRRT_11411	B73_chr2	163259680	163260643	meth_B73.ref_B73_2:163259680..163260643	8.14433	.
B73_chr2	164440686	164446828	LTRRT_11437	B73_chr2	164445651	164445946	meth_B73.ref_B73_2:164445651..164445946	10.596	.
B73_chr2	164611971	164634247	LTRRT_11441	B73_chr2	164615853	164616345	meth_B73.ref_B73_2:164615853..164616345	6.19835	.
B73_chr2	164611971	164634247	LTRRT_11441	B73_chr2	164630820	164631122	meth_B73.ref_B73_2:164630820..164631122	11.1111	.
B73_chr2	164611971	164634247	LTRRT_11441	B73_chr2	164631661	164632237	meth_B73.ref_B73_2:164631661..164632237	1.78571	.
B73_chr2	166289274	166295518	LTRRT_11489	B73_chr2	166289718	166290482	meth_B73.ref_B73_2:166289718..166290482	0.359712	.
B73_chr2	166421650	166433432	LTRRT_11494	B73_chr2	166431191	166431457	meth_B73.ref_B73_2:166431191..166431457	4	.
B73_chr2	166476492	166483467	LTRRT_11496	B73_chr2	166477864	166478691	meth_B73.ref_B73_2:166477864..166478691	13.1086	.
B73_chr2	166476492	166483467	LTRRT_11496	B73_chr2	166482349	166482909	meth_B73.ref_B73_2:166482349..166482909	6.76856	.
B73_chr2	167270164	167285741	LTRRT_11513	B73_chr2	167272884	167273138	meth_B73.ref_B73_2:167272884..167273138	10.6061	.
B73_chr2	167270164	167285741	LTRRT_11513	B73_chr2	167283807	167284021	meth_B73.ref_B73_2:167283807..167284021	15.5172	.
B73_chr2	168170585	168175371	LTRRT_11533	B73_chr2	168172094	168173923	meth_B73.ref_B73_2:168172094..168173923	3.46284	.
B73_chr2	168170585	168175371	LTRRT_11533	B73_chr2	168175237	168179119	meth_B73.ref_B73_2:168175237..168179119	1.14544	.
B73_chr2	168196458	168204102	LTRRT_11535	B73_chr2	168196800	168197131	meth_B73.ref_B73_2:168196800..168197131	16.9399	.
B73_chr2	168953408	168963221	LTRRT_11551	B73_chr2	168953913	168954673	meth_B73.ref_B73_2:168953913..168954673	3.72093	.
B73_chr2	168953408	168963221	LTRRT_11551	B73_chr2	168961351	168962111	meth_B73.ref_B73_2:168961351..168962111	2.02156	.
B73_chr2	169241994	169253097	LTRRT_11562	B73_chr2	169242178	169243327	meth_B73.ref_B73_2:169242178..169243327	0.300752	.
B73_chr2	169241994	169253097	LTRRT_11562	B73_chr2	169248770	169249905	meth_B73.ref_B73_2:169248770..169249905	0.297177	.
B73_chr2	169390883	169404804	LTRRT_11566	B73_chr2	169394406	169394799	meth_B73.ref_B73_2:169394406..169394799	6.08108	.
B73_chr2	169520988	169530351	LTRRT_11568	B73_chr2	169517090	169521288	meth_B73.ref_B73_2:169517090..169521288	2.73147	.
B73_chr2	169736188	169747483	LTRRT_11574	B73_chr2	169736491	169736846	meth_B73.ref_B73_2:169736491..169736846	0	.
B73_chr2	169736188	169747483	LTRRT_11574	B73_chr2	169743591	169744065	meth_B73.ref_B73_2:169743591..169744065	0	.
B73_chr2	169915422	169924654	LTRRT_11578	B73_chr2	169916203	169916897	meth_B73.ref_B73_2:169916203..169916897	12.4803	.
B73_chr2	169915422	169924654	LTRRT_11578	B73_chr2	169922664	169923521	meth_B73.ref_B73_2:169922664..169923521	7.57825	.
B73_chr2	170142588	170147811	LTRRT_11586	B73_chr2	170147502	170148926	meth_B73.ref_B73_2:170147502..170148926	1.55251	.
B73_chr2	171626242	171634529	LTRRT_11623	B73_chr2	171632564	171634315	meth_B73.ref_B73_2:171632564..171634315	1.25571	.
B73_chr2	171895821	171905352	LTRRT_11626	B73_chr2	171905317	171907715	meth_B73.ref_B73_2:171905317..171907715	0.459982	.
B73_chr2	171945796	171951413	LTRRT_11627	B73_chr2	171942939	171945956	meth_B73.ref_B73_2:171942939..171945956	2.47604	.
B73_chr2	171945796	171951413	LTRRT_11627	B73_chr2	171950693	171955059	meth_B73.ref_B73_2:171950693..171955059	1.80844	.
B73_chr2	172806014	172812593	LTRRT_11650	B73_chr2	172807038	172807201	meth_B73.ref_B73_2:172807038..172807201	2.08333	.
B73_chr2	173011587	173025706	LTRRT_11656	B73_chr2	173022755	173023318	meth_B73.ref_B73_2:173022755..173023318	10.8939	.
B73_chr2	173011587	173025706	LTRRT_11656	B73_chr2	173023338	173023693	meth_B73.ref_B73_2:173023338..173023693	10.8844	.
B73_chr2	173011587	173025706	LTRRT_11656	B73_chr2	173014848	173015700	meth_B73.ref_B73_2:173014848..173015700	5.25164	.
B73_chr2	173160657	173169611	LTRRT_11658	B73_chr2	173168677	173168834	meth_B73.ref_B73_2:173168677..173168834	13.1579	.
B73_chr2	173320302	173329229	LTRRT_11660	B73_chr2	173324792	173325424	meth_B73.ref_B73_2:173324792..173325424	0.726392	.
B73_chr2	173660040	173669011	LTRRT_11670	B73_chr2	173668095	173668253	meth_B73.ref_B73_2:173668095..173668253	0	.
B73_chr2	174376084	174389780	LTRRT_11689	B73_chr2	174383078	174383626	meth_B73.ref_B73_2:174383078..174383626	13.2075	.
B73_chr2	174376084	174389780	LTRRT_11689	B73_chr2	174383677	174383956	meth_B73.ref_B73_2:174383677..174383956	16.5563	.
B73_chr2	175847637	175854586	LTRRT_11738	B73_chr2	175853968	175854226	meth_B73.ref_B73_2:175853968..175854226	16.6667	.
B73_chr2	175847637	175854586	LTRRT_11738	B73_chr2	175849022	175850016	meth_B73.ref_B73_2:175849022..175850016	7.82609	.
B73_chr2	175857879	175864667	LTRRT_11739	B73_chr2	175859763	175859915	meth_B73.ref_B73_2:175859763..175859915	12.4138	.
B73_chr2	176809773	176823493	LTRRT_11756	B73_chr2	176812934	176813654	meth_B73.ref_B73_2:176812934..176813654	1.11111	.
B73_chr2	176809773	176823493	LTRRT_11756	B73_chr2	176813894	176814284	meth_B73.ref_B73_2:176813894..176814284	16.1597	.
B73_chr2	176809773	176823493	LTRRT_11756	B73_chr2	176814626	176814798	meth_B73.ref_B73_2:176814626..176814798	9.67742	.
B73_chr2	176903759	176910972	LTRRT_11759	B73_chr2	176910906	176911937	meth_B73.ref_B73_2:176910906..176911937	1.86741	.
B73_chr2	177029928	177035536	LTRRT_11763	B73_chr2	177030248	177032606	meth_B73.ref_B73_2:177030248..177032606	4.1769	.
B73_chr2	177078511	177087448	LTRRT_11764	B73_chr2	177076837	177078519	meth_B73.ref_B73_2:177076837..177078519	1.64103	.
B73_chr2	177154193	177166262	LTRRT_11768	B73_chr2	177155059	177155232	meth_B73.ref_B73_2:177155059..177155232	13.3333	.
B73_chr2	177289136	177294743	LTRRT_11771	B73_chr2	177294712	177295482	meth_B73.ref_B73_2:177294712..177295482	0	.
B73_chr2	177319444	177325311	LTRRT_11774	B73_chr2	177325295	177329222	meth_B73.ref_B73_2:177325295..177329222	1.72043	.
B73_chr2	177824064	177839455	LTRRT_11785	B73_chr2	177825840	177826014	meth_B73.ref_B73_2:177825840..177826014	15.0407	.
B73_chr2	177824064	177839455	LTRRT_11785	B73_chr2	177836631	177836805	meth_B73.ref_B73_2:177836631..177836805	8.84354	.
B73_chr2	178089333	178099501	LTRRT_11793	B73_chr2	178090279	178090487	meth_B73.ref_B73_2:178090279..178090487	5.71429	.
B73_chr2	178498639	178513688	LTRRT_11805	B73_chr2	178500508	178500821	meth_B73.ref_B73_2:178500508..178500821	15.2866	.
B73_chr2	178498639	178513688	LTRRT_11805	B73_chr2	178511168	178511476	meth_B73.ref_B73_2:178511168..178511476	19.2308	.
B73_chr2	178778778	178792619	LTRRT_11812	B73_chr2	178779606	178779795	meth_B73.ref_B73_2:178779606..178779795	4.91803	.
B73_chr2	178778778	178792619	LTRRT_11812	B73_chr2	178780482	178781264	meth_B73.ref_B73_2:178780482..178781264	2.94118	.
B73_chr2	178778778	178792619	LTRRT_11812	B73_chr2	178789434	178790339	meth_B73.ref_B73_2:178789434..178790339	7.57576	.
B73_chr2	178778778	178792619	LTRRT_11812	B73_chr2	178781700	178782506	meth_B73.ref_B73_2:178781700..178782506	4.15225	.
B73_chr2	178881040	178891212	LTRRT_11815	B73_chr2	178883433	178884323	meth_B73.ref_B73_2:178883433..178884323	4.7619	.
B73_chr2	178881040	178891212	LTRRT_11815	B73_chr2	178889942	178890798	meth_B73.ref_B73_2:178889942..178890798	4.98008	.
B73_chr2	179350737	179361327	LTRRT_11824	B73_chr2	179351663	179352144	meth_B73.ref_B73_2:179351663..179352144	0	.
B73_chr2	179350737	179361327	LTRRT_11824	B73_chr2	179358295	179358497	meth_B73.ref_B73_2:179358295..179358497	3.33333	.
B73_chr2	179799159	179813001	LTRRT_11837	B73_chr2	179800061	179800471	meth_B73.ref_B73_2:179800061..179800471	3.14465	.
B73_chr2	179982733	179994187	LTRRT_11842	B73_chr2	179984913	179986139	meth_B73.ref_B73_2:179984913..179986139	1.38298	.
B73_chr2	180122821	180135041	LTRRT_11846	B73_chr2	180123482	180124999	meth_B73.ref_B73_2:180123482..180124999	0.804598	.
B73_chr2	180122821	180135041	LTRRT_11846	B73_chr2	180131180	180132710	meth_B73.ref_B73_2:180131180..180132710	1.23626	.
B73_chr2	180916591	180921765	LTRRT_11862	B73_chr2	180915052	180916967	meth_B73.ref_B73_2:180915052..180916967	1.22926	.
B73_chr2	181746539	181762110	LTRRT_11878	B73_chr2	181749212	181749507	meth_B73.ref_B73_2:181749212..181749507	4.25532	.
B73_chr2	181746539	181762110	LTRRT_11878	B73_chr2	181760064	181760237	meth_B73.ref_B73_2:181760064..181760237	0	.
B73_chr2	183916641	183923528	LTRRT_11933	B73_chr2	183917981	183918768	meth_B73.ref_B73_2:183917981..183918768	6.39098	.
B73_chr2	183916641	183923528	LTRRT_11933	B73_chr2	183922345	183923094	meth_B73.ref_B73_2:183922345..183923094	3.84615	.
B73_chr2	183976295	183980580	LTRRT_11935	B73_chr2	183972976	183976335	meth_B73.ref_B73_2:183972976..183976335	0.96231	.
B73_chr2	184149999	184157672	LTRRT_11941	B73_chr2	184157622	184158754	meth_B73.ref_B73_2:184157622..184158754	2.19298	.
B73_chr2	184714911	184719255	LTRRT_11955	B73_chr2	184719234	184721836	meth_B73.ref_B73_2:184719234..184721836	0.464253	.
B73_chr2	184896360	184911331	LTRRT_11961	B73_chr2	184909150	184909463	meth_B73.ref_B73_2:184909150..184909463	13.7931	.
B73_chr2	185119049	185125373	LTRRT_11965	B73_chr2	185119557	185120388	meth_B73.ref_B73_2:185119557..185120388	3.49162	.
B73_chr2	185712238	185718366	LTRRT_11981	B73_chr2	185711589	185712240	meth_B73.ref_B73_2:185711589..185712240	4.04798	.
B73_chr2	185712238	185718366	LTRRT_11981	B73_chr2	185718332	185722457	meth_B73.ref_B73_2:185718332..185722457	0.393099	.
B73_chr2	186295333	186303976	LTRRT_11999	B73_chr2	186294839	186295345	meth_B73.ref_B73_2:186294839..186295345	1.78571	.
B73_chr2	188361531	188373337	LTRRT_12047	B73_chr2	188364011	188365146	meth_B73.ref_B73_2:188364011..188365146	1.03359	.
B73_chr2	188361531	188373337	LTRRT_12047	B73_chr2	188371331	188371930	meth_B73.ref_B73_2:188371331..188371930	0	.
B73_chr2	188361531	188373337	LTRRT_12047	B73_chr2	188372062	188372520	meth_B73.ref_B73_2:188372062..188372520	0	.
B73_chr2	188447029	188452226	LTRRT_12049	B73_chr2	188450170	188450780	meth_B73.ref_B73_2:188450170..188450780	10.4603	.
B73_chr2	188447029	188452226	LTRRT_12049	B73_chr2	188452205	188452529	meth_B73.ref_B73_2:188452205..188452529	0	.
B73_chr2	188580654	188588090	LTRRT_12054	B73_chr2	188588088	188588373	meth_B73.ref_B73_2:188588088..188588373	3.44828	.
B73_chr2	188664819	188669981	LTRRT_12056	B73_chr2	188669847	188670538	meth_B73.ref_B73_2:188669847..188670538	1.95865	.
B73_chr2	189870218	189876250	LTRRT_12093	B73_chr2	189870594	189871208	meth_B73.ref_B73_2:189870594..189871208	0.478469	.
B73_chr2	190723776	190730381	LTRRT_12110	B73_chr2	190724687	190725333	meth_B73.ref_B73_2:190724687..190725333	7.44921	.
B73_chr2	191295630	191302908	LTRRT_12125	B73_chr2	191302906	191309189	meth_B73.ref_B73_2:191302906..191309189	0.234035	.
B73_chr2	191333261	191340611	LTRRT_12126	B73_chr2	191340595	191341025	meth_B73.ref_B73_2:191340595..191341025	2.62009	.
B73_chr2	192596140	192608970	LTRRT_12157	B73_chr2	192598464	192598626	meth_B73.ref_B73_2:192598464..192598626	10.7143	.
B73_chr2	192801067	192807206	LTRRT_12161	B73_chr2	192799413	192801101	meth_B73.ref_B73_2:192799413..192801101	0.654129	.
B73_chr2	192801067	192807206	LTRRT_12161	B73_chr2	192807204	192807841	meth_B73.ref_B73_2:192807204..192807841	0.765697	.
B73_chr2	193359838	193370351	LTRRT_12173	B73_chr2	193369565	193369983	meth_B73.ref_B73_2:193369565..193369983	1.05263	.
B73_chr2	193513770	193528750	LTRRT_12180	B73_chr2	193516110	193516270	meth_B73.ref_B73_2:193516110..193516270	9.52381	.
B73_chr2	194053140	194061062	LTRRT_12194	B73_chr2	194061050	194061446	meth_B73.ref_B73_2:194061050..194061446	2.49221	.
B73_chr2	195366430	195376076	LTRRT_12222	B73_chr2	195366022	195366457	meth_B73.ref_B73_2:195366022..195366457	3.09278	.
B73_chr2	195595382	195605575	LTRRT_12229	B73_chr2	195595772	195596156	meth_B73.ref_B73_2:195595772..195596156	15.0376	.
B73_chr2	195868217	195873198	LTRRT_12238	B73_chr2	195869063	195869242	meth_B73.ref_B73_2:195869063..195869242	18.75	.
B73_chr2	196763977	196769901	LTRRT_12261	B73_chr2	196768911	196769253	meth_B73.ref_B73_2:196768911..196769253	12.1951	.
B73_chr2	196763977	196769901	LTRRT_12261	B73_chr2	196769889	196773806	meth_B73.ref_B73_2:196769889..196773806	0.29985	.
B73_chr2	196797901	196804054	LTRRT_12264	B73_chr2	196785314	196798262	meth_B73.ref_B73_2:196785314..196798262	0.487272	.
B73_chr2	197017454	197021930	LTRRT_12270	B73_chr2	197017174	197017474	meth_B73.ref_B73_2:197017174..197017474	3.65449	.
B73_chr2	197146288	197157605	LTRRT_12274	B73_chr2	197146762	197147240	meth_B73.ref_B73_2:197146762..197147240	0	.
B73_chr2	197146288	197157605	LTRRT_12274	B73_chr2	197147321	197147545	meth_B73.ref_B73_2:197147321..197147545	0	.
B73_chr2	197146288	197157605	LTRRT_12274	B73_chr2	197153952	197154536	meth_B73.ref_B73_2:197153952..197154536	0.558659	.
B73_chr2	197168612	197184161	LTRRT_12275	B73_chr2	197181337	197181511	meth_B73.ref_B73_2:197181337..197181511	7.40741	.
B73_chr2	197325863	197331209	LTRRT_12281	B73_chr2	197325486	197325869	meth_B73.ref_B73_2:197325486..197325869	2.37467	.
B73_chr2	197325863	197331209	LTRRT_12281	B73_chr2	197331132	197332153	meth_B73.ref_B73_2:197331132..197332153	0.984683	.
B73_chr2	197648187	197657665	LTRRT_12290	B73_chr2	197657140	197657474	meth_B73.ref_B73_2:197657140..197657474	18.1818	.
B73_chr2	197702987	197708867	LTRRT_12294	B73_chr2	197703380	197704023	meth_B73.ref_B73_2:197703380..197704023	0.659341	.
B73_chr2	198836666	198850064	LTRRT_12331	B73_chr2	198844218	198844377	meth_B73.ref_B73_2:198844218..198844377	17.9487	.
B73_chr2	199890914	199897262	LTRRT_12357	B73_chr2	199896057	199896981	meth_B73.ref_B73_2:199896057..199896981	0.294262	.
B73_chr2	200033622	200043340	LTRRT_12360	B73_chr2	200043338	200043814	meth_B73.ref_B73_2:200043338..200043814	2.71003	.
B73_chr2	201788655	201794119	LTRRT_12404	B73_chr2	201788021	201788671	meth_B73.ref_B73_2:201788021..201788671	1.32231	.
B73_chr2	202077476	202084128	LTRRT_12409	B73_chr2	202084126	202093326	meth_B73.ref_B73_2:202084126..202093326	0.637907	.
B73_chr2	202131173	202134215	LTRRT_12411	B73_chr2	202134192	202135275	meth_B73.ref_B73_2:202134192..202135275	1.35593	.
B73_chr2	202191246	202200232	LTRRT_12413	B73_chr2	202194021	202194189	meth_B73.ref_B73_2:202194021..202194189	16.6667	.
B73_chr2	202414924	202426458	LTRRT_12418	B73_chr2	202425652	202425828	meth_B73.ref_B73_2:202425652..202425828	10	.
B73_chr2	203333487	203343027	LTRRT_12441	B73_chr2	203333701	203333908	meth_B73.ref_B73_2:203333701..203333908	18.5185	.
B73_chr2	204078906	204090995	LTRRT_12456	B73_chr2	204079170	204079682	meth_B73.ref_B73_2:204079170..204079682	0	.
B73_chr2	204078906	204090995	LTRRT_12456	B73_chr2	204087757	204088421	meth_B73.ref_B73_2:204087757..204088421	0.434783	.
B73_chr2	204154698	204164182	LTRRT_12459	B73_chr2	204164081	204165588	meth_B73.ref_B73_2:204164081..204165588	0.833333	.
B73_chr2	204191160	204195808	LTRRT_12460	B73_chr2	204192568	204193041	meth_B73.ref_B73_2:204192568..204193041	2.53521	.
B73_chr2	205084880	205090129	LTRRT_12483	B73_chr2	205084901	205085314	meth_B73.ref_B73_2:205084901..205085314	6.33333	.
B73_chr2	205084880	205090129	LTRRT_12483	B73_chr2	205085340	205085541	meth_B73.ref_B73_2:205085340..205085541	15.942	.
B73_chr2	205084880	205090129	LTRRT_12483	B73_chr2	205088259	205092010	meth_B73.ref_B73_2:205088259..205092010	5.04879	.
B73_chr2	205761217	205766933	LTRRT_12495	B73_chr2	205766800	205767586	meth_B73.ref_B73_2:205766800..205767586	5.48697	.
B73_chr2	207178858	207192866	LTRRT_12525	B73_chr2	207180884	207181984	meth_B73.ref_B73_2:207180884..207181984	5.97303	.
B73_chr2	207178858	207192866	LTRRT_12525	B73_chr2	207188910	207189819	meth_B73.ref_B73_2:207188910..207189819	3.327	.
B73_chr2	209619198	209630852	LTRRT_12584	B73_chr2	209618713	209619204	meth_B73.ref_B73_2:209618713..209619204	3.68852	.
B73_chr2	210526167	210531648	LTRRT_12609	B73_chr2	210525702	210526181	meth_B73.ref_B73_2:210525702..210526181	4.00763	.
B73_chr2	211410958	211424676	LTRRT_12629	B73_chr2	211420077	211421018	meth_B73.ref_B73_2:211420077..211421018	2.50329	.
B73_chr2	212107021	212122424	LTRRT_12642	B73_chr2	212119601	212119913	meth_B73.ref_B73_2:212119601..212119913	7.86517	.
B73_chr2	213103065	213112268	LTRRT_12665	B73_chr2	213112046	213114857	meth_B73.ref_B73_2:213112046..213114857	2.88372	.
B73_chr2	213475966	213479458	LTRRT_12674	B73_chr2	213472155	213476008	meth_B73.ref_B73_2:213472155..213476008	0.147145	.
B73_chr2	213842002	213851201	LTRRT_12687	B73_chr2	213842817	213842991	meth_B73.ref_B73_2:213842817..213842991	14.7059	.
B73_chr2	214216026	214222043	LTRRT_12691	B73_chr2	214203362	214216028	meth_B73.ref_B73_2:214203362..214216028	1.7661	.
B73_chr2	214471181	214476946	LTRRT_12700	B73_chr2	214476231	214476409	meth_B73.ref_B73_2:214476231..214476409	0	.
B73_chr2	214694171	214703743	LTRRT_12708	B73_chr2	214702826	214703102	meth_B73.ref_B73_2:214702826..214703102	3.7037	.
B73_chr2	214881164	214890556	LTRRT_12713	B73_chr2	214887866	214888027	meth_B73.ref_B73_2:214887866..214888027	11.4286	.
B73_chr2	214901523	214909457	LTRRT_12714	B73_chr2	214908871	214909050	meth_B73.ref_B73_2:214908871..214909050	16.6667	.
B73_chr2	215821776	215829730	LTRRT_12736	B73_chr2	215817629	215821793	meth_B73.ref_B73_2:215817629..215821793	0.710164	.
B73_chr2	216024998	216030101	LTRRT_12743	B73_chr2	216030042	216034034	meth_B73.ref_B73_2:216030042..216034034	0.469252	.
B73_chr2	216510063	216525630	LTRRT_12754	B73_chr2	216512525	216512895	meth_B73.ref_B73_2:216512525..216512895	9.78261	.
B73_chr2	216662116	216667269	LTRRT_12758	B73_chr2	216663811	216665300	meth_B73.ref_B73_2:216663811..216665300	4.64286	.
B73_chr2	216662116	216667269	LTRRT_12758	B73_chr2	216661134	216663629	meth_B73.ref_B73_2:216661134..216663629	2.20096	.
B73_chr2	218486894	218496088	LTRRT_12797	B73_chr2	218494561	218494753	meth_B73.ref_B73_2:218494561..218494753	11.7647	.
B73_chr2	218908968	218921823	LTRRT_12802	B73_chr2	218921815	218926791	meth_B73.ref_B73_2:218921815..218926791	0.79495	.
B73_chr2	219213297	219219484	LTRRT_12810	B73_chr2	219218249	219218935	meth_B73.ref_B73_2:219218249..219218935	2.41611	.
B73_chr2	219309837	219315306	LTRRT_12813	B73_chr2	219315196	219324330	meth_B73.ref_B73_2:219315196..219324330	0.981538	.
B73_chr2	219725276	219739055	LTRRT_12827	B73_chr2	219726997	219727257	meth_B73.ref_B73_2:219726997..219727257	18.75	.
B73_chr2	219998221	220007578	LTRRT_12834	B73_chr2	219998295	219998460	meth_B73.ref_B73_2:219998295..219998460	15.5172	.
B73_chr2	220188993	220196176	LTRRT_12844	B73_chr2	220196171	220197589	meth_B73.ref_B73_2:220196171..220197589	0.645856	.
B73_chr2	220522836	220534375	LTRRT_12857	B73_chr2	220525319	220526766	meth_B73.ref_B73_2:220525319..220526766	0.49505	.
B73_chr2	220602173	220618209	LTRRT_12861	B73_chr2	220612085	220612274	meth_B73.ref_B73_2:220612085..220612274	18.5185	.
B73_chr2	221166756	221178010	LTRRT_12880	B73_chr2	221175273	221175467	meth_B73.ref_B73_2:221175273..221175467	0	.
B73_chr2	221742553	221750974	LTRRT_12894	B73_chr2	221741262	221742584	meth_B73.ref_B73_2:221741262..221742584	1.58228	.
B73_chr2	221742553	221750974	LTRRT_12894	B73_chr2	221750919	221751267	meth_B73.ref_B73_2:221750919..221751267	1.5873	.
B73_chr2	222930657	222936863	LTRRT_12922	B73_chr2	222931051	222931663	meth_B73.ref_B73_2:222931051..222931663	0.440529	.
B73_chr2	223762327	223771038	LTRRT_12938	B73_chr2	223763249	223763429	meth_B73.ref_B73_2:223763249..223763429	0	.
B73_chr2	223762327	223771038	LTRRT_12938	B73_chr2	223768203	223768445	meth_B73.ref_B73_2:223768203..223768445	0	.
B73_chr2	223762327	223771038	LTRRT_12938	B73_chr2	223768525	223768695	meth_B73.ref_B73_2:223768525..223768695	0	.
B73_chr2	223762327	223771038	LTRRT_12938	B73_chr2	223768942	223769102	meth_B73.ref_B73_2:223768942..223769102	0	.
B73_chr2	224140962	224152986	LTRRT_12945	B73_chr2	224143442	224143608	meth_B73.ref_B73_2:224143442..224143608	7.5	.
B73_chr2	224607767	224612942	LTRRT_12957	B73_chr2	224603128	224607853	meth_B73.ref_B73_2:224603128..224607853	1.94572	.
B73_chr2	224607767	224612942	LTRRT_12957	B73_chr2	224610220	224611604	meth_B73.ref_B73_2:224610220..224611604	2.77992	.
B73_chr2	224607767	224612942	LTRRT_12957	B73_chr2	224611705	224615898	meth_B73.ref_B73_2:224611705..224615898	3.00353	.
B73_chr2	224633040	224639988	LTRRT_12958	B73_chr2	224633343	224633594	meth_B73.ref_B73_2:224633343..224633594	7.34694	.
B73_chr2	224633040	224639988	LTRRT_12958	B73_chr2	224638615	224638864	meth_B73.ref_B73_2:224638615..224638864	5.60748	.
B73_chr2	224861392	224866541	LTRRT_12962	B73_chr2	224854664	224861899	meth_B73.ref_B73_2:224854664..224861899	1.26728	.
B73_chr2	226020248	226023934	LTRRT_12987	B73_chr2	226018420	226020294	meth_B73.ref_B73_2:226018420..226020294	0.709779	.
B73_chr2	226097946	226112699	LTRRT_12990	B73_chr2	226101056	226101237	meth_B73.ref_B73_2:226101056..226101237	0	.
B73_chr2	226097946	226112699	LTRRT_12990	B73_chr2	226101314	226101506	meth_B73.ref_B73_2:226101314..226101506	16.9014	.
B73_chr2	226852608	226854760	LTRRT_13007	B73_chr2	226849219	226852812	meth_B73.ref_B73_2:226849219..226852812	2.41593	.
B73_chr2	227903159	227916721	LTRRT_13025	B73_chr2	227911697	227911908	meth_B73.ref_B73_2:227911697..227911908	18.5714	.
B73_chr2	228086822	228099568	LTRRT_13029	B73_chr2	228087104	228087873	meth_B73.ref_B73_2:228087104..228087873	1.35135	.
B73_chr2	230189142	230202388	LTRRT_13080	B73_chr2	230201712	230201910	meth_B73.ref_B73_2:230201712..230201910	8.88889	.
B73_chr2	230281412	230285198	LTRRT_13082	B73_chr2	230280937	230281440	meth_B73.ref_B73_2:230280937..230281440	3.33333	.
B73_chr2	230587452	230597171	LTRRT_13085	B73_chr2	230587188	230588224	meth_B73.ref_B73_2:230587188..230588224	0.824742	.
B73_chr2	230587452	230597171	LTRRT_13085	B73_chr2	230595286	230596400	meth_B73.ref_B73_2:230595286..230596400	0.265957	.
B73_chr2	231051254	231066189	LTRRT_13093	B73_chr2	231053425	231053738	meth_B73.ref_B73_2:231053425..231053738	16.1074	.
B73_chr2	231438729	231448085	LTRRT_13101	B73_chr2	231445624	231445797	meth_B73.ref_B73_2:231445624..231445797	14.6667	.
B73_chr2	231716488	231724917	LTRRT_13111	B73_chr2	231717770	231717945	meth_B73.ref_B73_2:231717770..231717945	0	.
B73_chr2	231716488	231724917	LTRRT_13111	B73_chr2	231722639	231723399	meth_B73.ref_B73_2:231722639..231723399	0.381679	.
B73_chr2	232383211	232390090	LTRRT_13125	B73_chr2	232383818	232384146	meth_B73.ref_B73_2:232383818..232384146	2.94118	.
B73_chr2	232383211	232390090	LTRRT_13125	B73_chr2	232388073	232388233	meth_B73.ref_B73_2:232388073..232388233	0	.
B73_chr2	232383211	232390090	LTRRT_13125	B73_chr2	232388322	232388634	meth_B73.ref_B73_2:232388322..232388634	0	.
B73_chr2	232803409	232808541	LTRRT_13136	B73_chr2	232801593	232803660	meth_B73.ref_B73_2:232801593..232803660	3.09789	.
B73_chr2	232803409	232808541	LTRRT_13136	B73_chr2	232804319	232804533	meth_B73.ref_B73_2:232804319..232804533	18.8976	.
B73_chr2	232803409	232808541	LTRRT_13136	B73_chr2	232804992	232805728	meth_B73.ref_B73_2:232804992..232805728	11.7021	.
B73_chr2	232897226	232912906	LTRRT_13138	B73_chr2	232906813	232907385	meth_B73.ref_B73_2:232906813..232907385	0.986193	.
B73_chr2	232897226	232912906	LTRRT_13138	B73_chr2	232912687	232913399	meth_B73.ref_B73_2:232912687..232913399	7.7821	.
B73_chr2	232921589	232931692	LTRRT_13139	B73_chr2	232924122	232924315	meth_B73.ref_B73_2:232924122..232924315	11.3924	.
B73_chr2	233484500	233489601	LTRRT_13154	B73_chr2	233489573	233497960	meth_B73.ref_B73_2:233489573..233497960	3.36077	.
B73_chr2	234276288	234289937	LTRRT_13167	B73_chr2	234288112	234288397	meth_B73.ref_B73_2:234288112..234288397	0	.
B73_chr2	234542156	234551460	LTRRT_13172	B73_chr2	234550281	234550723	meth_B73.ref_B73_2:234550281..234550723	0.288184	.
B73_chr2	234791376	234795038	LTRRT_13176	B73_chr2	234791789	234794750	meth_B73.ref_B73_2:234791789..234794750	0.623624	.
B73_chr2	236786408	236791134	LTRRT_13207	B73_chr2	236782486	236786587	meth_B73.ref_B73_2:236782486..236786587	0.897436	.
B73_chr2	236786408	236791134	LTRRT_13207	B73_chr2	236791016	236794727	meth_B73.ref_B73_2:236791016..236794727	0.7998	.
B73_chr2	236826202	236840281	LTRRT_13209	B73_chr2	236828097	236829009	meth_B73.ref_B73_2:236828097..236829009	11.8757	.
B73_chr2	236826202	236840281	LTRRT_13209	B73_chr2	236835983	236837109	meth_B73.ref_B73_2:236835983..236837109	8.90493	.
B73_chr2	237288925	237292362	LTRRT_13221	B73_chr2	237288669	237289011	meth_B73.ref_B73_2:237288669..237289011	1.69492	.
B73_chr2	237288925	237292362	LTRRT_13221	B73_chr2	237289267	237294621	meth_B73.ref_B73_2:237289267..237294621	1.76336	.
B73_chr2	237526077	237531381	LTRRT_13228	B73_chr2	237531329	237532128	meth_B73.ref_B73_2:237531329..237532128	2.21914	.
B73_chr2	237868075	237881505	LTRRT_13232	B73_chr2	237868742	237869761	meth_B73.ref_B73_2:237868742..237869761	2.16606	.
B73_chr2	237868075	237881505	LTRRT_13232	B73_chr2	237870442	237870672	meth_B73.ref_B73_2:237870442..237870672	12.5	.
B73_chr2	237868075	237881505	LTRRT_13232	B73_chr2	237876993	237877852	meth_B73.ref_B73_2:237876993..237877852	1.27796	.
B73_chr2	237868075	237881505	LTRRT_13232	B73_chr2	237878669	237878939	meth_B73.ref_B73_2:237878669..237878939	14.4444	.
B73_chr2	239799735	239802971	LTRRT_13282	B73_chr2	239798101	239799789	meth_B73.ref_B73_2:239798101..239799789	2.03185	.
B73_chr2	239799735	239802971	LTRRT_13282	B73_chr2	239800362	239802520	meth_B73.ref_B73_2:239800362..239802520	1.02096	.
B73_chr2	239799735	239802971	LTRRT_13282	B73_chr2	239802869	239804473	meth_B73.ref_B73_2:239802869..239804473	0.960922	.
B73_chr2	240675317	240684754	LTRRT_13304	B73_chr2	240680125	240680401	meth_B73.ref_B73_2:240680125..240680401	16.6667	.
B73_chr2	240753581	240758682	LTRRT_13306	B73_chr2	240753291	240755564	meth_B73.ref_B73_2:240753291..240755564	1.65079	.
B73_chr2	240753581	240758682	LTRRT_13306	B73_chr2	240755846	240756217	meth_B73.ref_B73_2:240755846..240756217	0	.
B73_chr2	240753581	240758682	LTRRT_13306	B73_chr2	240756240	240760465	meth_B73.ref_B73_2:240756240..240760465	1.50135	.
B73_chr2	240762061	240765108	LTRRT_13307	B73_chr2	240764968	240766303	meth_B73.ref_B73_2:240764968..240766303	0.773196	.
B73_chr2	240762061	240765108	LTRRT_13307	B73_chr2	240761074	240763584	meth_B73.ref_B73_2:240761074..240763584	2.68763	.
B73_chr2	241059352	241064115	LTRRT_13316	B73_chr2	241057268	241059381	meth_B73.ref_B73_2:241057268..241059381	0.388889	.
B73_chr3	338747	349624	LTRRT_13395	B73_chr3	348765	349647	meth_B73.ref_B73_3:348765..349647	0	.
B73_chr3	2240551	2245887	LTRRT_13441	B73_chr3	2238048	2240762	meth_B73.ref_B73_3:2238048..2240762	2.32838	.
B73_chr3	2240551	2245887	LTRRT_13441	B73_chr3	2245727	2250739	meth_B73.ref_B73_3:2245727..2250739	0.976774	.
B73_chr3	2800892	2806610	LTRRT_13454	B73_chr3	2806563	2808190	meth_B73.ref_B73_3:2806563..2808190	0.0465766	.
B73_chr3	2970743	2980302	LTRRT_13457	B73_chr3	2970686	2970898	meth_B73.ref_B73_3:2970686..2970898	12.9032	.
B73_chr3	3145701	3150935	LTRRT_13464	B73_chr3	3150865	3153867	meth_B73.ref_B73_3:3150865..3153867	2.88392	.
B73_chr3	3145701	3150935	LTRRT_13464	B73_chr3	3143902	3145827	meth_B73.ref_B73_3:3143902..3145827	2.17077	.
B73_chr3	3518304	3523854	LTRRT_13472	B73_chr3	3512514	3518346	meth_B73.ref_B73_3:3512514..3518346	0.670391	.
B73_chr3	3518304	3523854	LTRRT_13472	B73_chr3	3523839	3525239	meth_B73.ref_B73_3:3523839..3525239	1.15115	.
B73_chr3	3586408	3596684	LTRRT_13474	B73_chr3	3590870	3591662	meth_B73.ref_B73_3:3590870..3591662	13.6029	.
B73_chr3	3586408	3596684	LTRRT_13474	B73_chr3	3595349	3595515	meth_B73.ref_B73_3:3595349..3595515	17.4312	.
B73_chr3	3747505	3751733	LTRRT_13480	B73_chr3	3745074	3747545	meth_B73.ref_B73_3:3745074..3747545	0.321337	.
B73_chr3	4749101	4763052	LTRRT_13501	B73_chr3	4752558	4752803	meth_B73.ref_B73_3:4752558..4752803	0	.
B73_chr3	4975655	4984785	LTRRT_13504	B73_chr3	4976223	4977098	meth_B73.ref_B73_3:4976223..4977098	3.82294	.
B73_chr3	4975655	4984785	LTRRT_13504	B73_chr3	4982871	4983750	meth_B73.ref_B73_3:4982871..4983750	6.49351	.
B73_chr3	6220314	6229772	LTRRT_13531	B73_chr3	6227367	6227553	meth_B73.ref_B73_3:6227367..6227553	4.34783	.
B73_chr3	6592264	6599020	LTRRT_13539	B73_chr3	6592858	6593047	meth_B73.ref_B73_3:6592858..6593047	15.2	.
B73_chr3	6766834	6771606	LTRRT_13546	B73_chr3	6763930	6767024	meth_B73.ref_B73_3:6763930..6767024	2.35331	.
B73_chr3	7105825	7116971	LTRRT_13554	B73_chr3	7108671	7109413	meth_B73.ref_B73_3:7108671..7109413	2.13415	.
B73_chr3	7105825	7116971	LTRRT_13554	B73_chr3	7115636	7116411	meth_B73.ref_B73_3:7115636..7116411	1.15385	.
B73_chr3	7872750	7880227	LTRRT_13571	B73_chr3	7871727	7872752	meth_B73.ref_B73_3:7871727..7872752	0.901639	.
B73_chr3	7872750	7880227	LTRRT_13571	B73_chr3	7878691	7881006	meth_B73.ref_B73_3:7878691..7881006	1.39665	.
B73_chr3	8023308	8037403	LTRRT_13576	B73_chr3	8031041	8031227	meth_B73.ref_B73_3:8031041..8031227	16.129	.
B73_chr3	8479395	8488914	LTRRT_13587	B73_chr3	8481973	8482187	meth_B73.ref_B73_3:8481973..8482187	9.7561	.
B73_chr3	10124300	10129056	LTRRT_13626	B73_chr3	10120747	10124625	meth_B73.ref_B73_3:10120747..10124625	1.45811	.
B73_chr3	10124300	10129056	LTRRT_13626	B73_chr3	10128050	10129173	meth_B73.ref_B73_3:10128050..10129173	3.04233	.
B73_chr3	10124300	10129056	LTRRT_13626	B73_chr3	10125036	10125393	meth_B73.ref_B73_3:10125036..10125393	7.52351	.
B73_chr3	10464311	10471550	LTRRT_13630	B73_chr3	10462708	10464378	meth_B73.ref_B73_3:10462708..10464378	0.29994	.
B73_chr3	10464311	10471550	LTRRT_13630	B73_chr3	10471494	10473460	meth_B73.ref_B73_3:10471494..10473460	1.23305	.
B73_chr3	10548157	10554256	LTRRT_13632	B73_chr3	10547282	10548195	meth_B73.ref_B73_3:10547282..10548195	0.632911	.
B73_chr3	10580615	10586847	LTRRT_13633	B73_chr3	10585643	10586331	meth_B73.ref_B73_3:10585643..10586331	1.49254	.
B73_chr3	10580615	10586847	LTRRT_13633	B73_chr3	10586845	10587448	meth_B73.ref_B73_3:10586845..10587448	2.82051	.
B73_chr3	10896240	10905575	LTRRT_13642	B73_chr3	10904993	10905249	meth_B73.ref_B73_3:10904993..10905249	0	.
B73_chr3	11897591	11918299	LTRRT_13668	B73_chr3	11898824	11899972	meth_B73.ref_B73_3:11898824..11899972	7.02703	.
B73_chr3	11897591	11918299	LTRRT_13668	B73_chr3	11900610	11901286	meth_B73.ref_B73_3:11900610..11901286	5.38117	.
B73_chr3	11897591	11918299	LTRRT_13668	B73_chr3	11913767	11914546	meth_B73.ref_B73_3:11913767..11914546	4.13223	.
B73_chr3	11897591	11918299	LTRRT_13668	B73_chr3	11915095	11915739	meth_B73.ref_B73_3:11915095..11915739	11.5578	.
B73_chr3	11897591	11918299	LTRRT_13668	B73_chr3	11915950	11916294	meth_B73.ref_B73_3:11915950..11916294	6.52174	.
B73_chr3	11929098	11942133	LTRRT_13670	B73_chr3	11938082	11938263	meth_B73.ref_B73_3:11938082..11938263	6.25	.
B73_chr3	12726828	12731417	LTRRT_13690	B73_chr3	12731126	12732563	meth_B73.ref_B73_3:12731126..12732563	2.67296	.
B73_chr3	12767767	12774148	LTRRT_13691	B73_chr3	12767278	12767798	meth_B73.ref_B73_3:12767278..12767798	2.39726	.
B73_chr3	13592738	13602187	LTRRT_13713	B73_chr3	13600040	13600309	meth_B73.ref_B73_3:13600040..13600309	13.1579	.
B73_chr3	13664260	13679833	LTRRT_13716	B73_chr3	13679800	13681223	meth_B73.ref_B73_3:13679800..13681223	0.208551	.
B73_chr3	14038395	14043269	LTRRT_13730	B73_chr3	14038717	14038990	meth_B73.ref_B73_3:14038717..14038990	17.284	.
B73_chr3	14038395	14043269	LTRRT_13730	B73_chr3	14041352	14041839	meth_B73.ref_B73_3:14041352..14041839	8.26087	.
B73_chr3	14038395	14043269	LTRRT_13730	B73_chr3	14042293	14042599	meth_B73.ref_B73_3:14042293..14042599	17.0588	.
B73_chr3	14895986	14901544	LTRRT_13751	B73_chr3	14892315	14900495	meth_B73.ref_B73_3:14892315..14900495	1.14009	.
B73_chr3	15149944	15155143	LTRRT_13758	B73_chr3	15149581	15150053	meth_B73.ref_B73_3:15149581..15150053	7.6	.
B73_chr3	15149944	15155143	LTRRT_13758	B73_chr3	15150781	15151486	meth_B73.ref_B73_3:15150781..15151486	1.20846	.
B73_chr3	15149944	15155143	LTRRT_13758	B73_chr3	15151850	15154116	meth_B73.ref_B73_3:15151850..15154116	1.22768	.
B73_chr3	15149944	15155143	LTRRT_13758	B73_chr3	15154263	15155423	meth_B73.ref_B73_3:15154263..15155423	0.934579	.
B73_chr3	15475875	15486421	LTRRT_13766	B73_chr3	15483234	15484928	meth_B73.ref_B73_3:15483234..15484928	0.405844	.
B73_chr3	15683107	15691128	LTRRT_13770	B73_chr3	15682521	15683138	meth_B73.ref_B73_3:15682521..15683138	0.972763	.
B73_chr3	16092264	16098092	LTRRT_13777	B73_chr3	16096228	16096436	meth_B73.ref_B73_3:16096228..16096436	15.2542	.
B73_chr3	16319549	16324843	LTRRT_13785	B73_chr3	16319486	16327436	meth_B73.ref_B73_3:16319486..16327436	0.882624	.
B73_chr3	18309852	18321504	LTRRT_13834	B73_chr3	18315001	18315178	meth_B73.ref_B73_3:18315001..18315178	0	.
B73_chr3	19133719	19137430	LTRRT_13853	B73_chr3	19134386	19135299	meth_B73.ref_B73_3:19134386..19135299	0.752823	.
B73_chr3	19393009	19404861	LTRRT_13861	B73_chr3	19393364	19394100	meth_B73.ref_B73_3:19393364..19394100	2.85714	.
B73_chr3	19393009	19404861	LTRRT_13861	B73_chr3	19402207	19402596	meth_B73.ref_B73_3:19402207..19402596	4.9505	.
B73_chr3	19658252	19668439	LTRRT_13867	B73_chr3	19659310	19660300	meth_B73.ref_B73_3:19659310..19660300	0.522193	.
B73_chr3	19658252	19668439	LTRRT_13867	B73_chr3	19666969	19667925	meth_B73.ref_B73_3:19666969..19667925	2.89436	.
B73_chr3	20442848	20448064	LTRRT_13884	B73_chr3	20447835	20453537	meth_B73.ref_B73_3:20447835..20453537	1.13229	.
B73_chr3	20460850	20466789	LTRRT_13885	B73_chr3	20465714	20466340	meth_B73.ref_B73_3:20465714..20466340	2.54777	.
B73_chr3	20716266	20729518	LTRRT_13896	B73_chr3	20716821	20717052	meth_B73.ref_B73_3:20716821..20717052	0	.
B73_chr3	20931411	20943621	LTRRT_13899	B73_chr3	20932155	20933525	meth_B73.ref_B73_3:20932155..20933525	2.27273	.
B73_chr3	20931411	20943621	LTRRT_13899	B73_chr3	20939843	20941213	meth_B73.ref_B73_3:20939843..20941213	1.48699	.
B73_chr3	21430412	21434699	LTRRT_13913	B73_chr3	21434478	21438833	meth_B73.ref_B73_3:21434478..21438833	0.378501	.
B73_chr3	21487962	21502160	LTRRT_13915	B73_chr3	21494108	21494310	meth_B73.ref_B73_3:21494108..21494310	17.3333	.
B73_chr3	21773702	21779160	LTRRT_13923	B73_chr3	21772171	21773767	meth_B73.ref_B73_3:21772171..21773767	1.21107	.
B73_chr3	21773702	21779160	LTRRT_13923	B73_chr3	21775700	21778846	meth_B73.ref_B73_3:21775700..21778846	1.75509	.
B73_chr3	21783201	21794368	LTRRT_13924	B73_chr3	21781316	21783425	meth_B73.ref_B73_3:21781316..21783425	4.50949	.
B73_chr3	22137025	22148787	LTRRT_13937	B73_chr3	22142465	22142637	meth_B73.ref_B73_3:22142465..22142637	5	.
B73_chr3	22203456	22209444	LTRRT_13939	B73_chr3	22209436	22213613	meth_B73.ref_B73_3:22209436..22213613	1.43861	.
B73_chr3	22459038	22466032	LTRRT_13945	B73_chr3	22460388	22461079	meth_B73.ref_B73_3:22460388..22461079	17.2131	.
B73_chr3	22459038	22466032	LTRRT_13945	B73_chr3	22464934	22465470	meth_B73.ref_B73_3:22464934..22465470	11.9734	.
B73_chr3	22716418	22718416	LTRRT_13952	B73_chr3	22716112	22716584	meth_B73.ref_B73_3:22716112..22716584	4.47761	.
B73_chr3	22716418	22718416	LTRRT_13952	B73_chr3	22718270	22719216	meth_B73.ref_B73_3:22718270..22719216	3.43879	.
B73_chr3	22881084	22887927	LTRRT_13957	B73_chr3	22881564	22882294	meth_B73.ref_B73_3:22881564..22882294	10.3734	.
B73_chr3	22881084	22887927	LTRRT_13957	B73_chr3	22885849	22886581	meth_B73.ref_B73_3:22885849..22886581	5.91837	.
B73_chr3	22940259	22949451	LTRRT_13960	B73_chr3	22949411	22949912	meth_B73.ref_B73_3:22949411..22949912	2.43902	.
B73_chr3	23042320	23048592	LTRRT_13962	B73_chr3	23042925	23043620	meth_B73.ref_B73_3:23042925..23043620	2.14133	.
B73_chr3	23042320	23048592	LTRRT_13962	B73_chr3	23048569	23049007	meth_B73.ref_B73_3:23048569..23049007	0.857143	.
B73_chr3	23708040	23718251	LTRRT_13979	B73_chr3	23709207	23709861	meth_B73.ref_B73_3:23709207..23709861	0	.
B73_chr3	23708040	23718251	LTRRT_13979	B73_chr3	23716731	23717669	meth_B73.ref_B73_3:23716731..23717669	0.674157	.
B73_chr3	24353564	24360275	LTRRT_13993	B73_chr3	24352746	24353576	meth_B73.ref_B73_3:24352746..24353576	0	.
B73_chr3	24353564	24360275	LTRRT_13993	B73_chr3	24360089	24362337	meth_B73.ref_B73_3:24360089..24362337	2.82895	.
B73_chr3	24675558	24690507	LTRRT_14004	B73_chr3	24678508	24678743	meth_B73.ref_B73_3:24678508..24678743	10.4478	.
B73_chr3	25745316	25759022	LTRRT_14033	B73_chr3	25758341	25758550	meth_B73.ref_B73_3:25758341..25758550	3.22581	.
B73_chr3	26386621	26395853	LTRRT_14052	B73_chr3	26386256	26386623	meth_B73.ref_B73_3:26386256..26386623	6.31579	.
B73_chr3	27213519	27228537	LTRRT_14076	B73_chr3	27215949	27216147	meth_B73.ref_B73_3:27215949..27216147	14.4578	.
B73_chr3	27238450	27246648	LTRRT_14077	B73_chr3	27246632	27247276	meth_B73.ref_B73_3:27246632..27247276	2.05479	.
B73_chr3	27290373	27297388	LTRRT_14078	B73_chr3	27291876	27292538	meth_B73.ref_B73_3:27291876..27292538	1.6	.
B73_chr3	27290373	27297388	LTRRT_14078	B73_chr3	27296420	27296957	meth_B73.ref_B73_3:27296420..27296957	0.869565	.
B73_chr3	27858983	27865544	LTRRT_14090	B73_chr3	27864642	27865189	meth_B73.ref_B73_3:27864642..27865189	2.31481	.
B73_chr3	28181921	28195388	LTRRT_14101	B73_chr3	28193543	28193702	meth_B73.ref_B73_3:28193543..28193702	14.2857	.
B73_chr3	29377673	29391789	LTRRT_14129	B73_chr3	29379567	29380296	meth_B73.ref_B73_3:29379567..29380296	8.46154	.
B73_chr3	29377673	29391789	LTRRT_14129	B73_chr3	29380361	29380719	meth_B73.ref_B73_3:29380361..29380719	4.71204	.
B73_chr3	29377673	29391789	LTRRT_14129	B73_chr3	29387774	29388721	meth_B73.ref_B73_3:29387774..29388721	7.77778	.
B73_chr3	29841909	29851653	LTRRT_14139	B73_chr3	29843010	29843768	meth_B73.ref_B73_3:29843010..29843768	7.50799	.
B73_chr3	29841909	29851653	LTRRT_14139	B73_chr3	29850348	29851087	meth_B73.ref_B73_3:29850348..29851087	6.04651	.
B73_chr3	30373082	30388773	LTRRT_14155	B73_chr3	30381609	30381907	meth_B73.ref_B73_3:30381609..30381907	14.8649	.
B73_chr3	30477085	30492001	LTRRT_14159	B73_chr3	30478933	30479084	meth_B73.ref_B73_3:30478933..30479084	11.1111	.
B73_chr3	30706121	30715528	LTRRT_14162	B73_chr3	30714370	30714814	meth_B73.ref_B73_3:30714370..30714814	15.625	.
B73_chr3	31247844	31263396	LTRRT_14173	B73_chr3	31250281	31250630	meth_B73.ref_B73_3:31250281..31250630	8.64865	.
B73_chr3	31247844	31263396	LTRRT_14173	B73_chr3	31261355	31261517	meth_B73.ref_B73_3:31261355..31261517	6.84932	.
B73_chr3	31340449	31354355	LTRRT_14175	B73_chr3	31343347	31343757	meth_B73.ref_B73_3:31343347..31343757	16.4	.
B73_chr3	31340449	31354355	LTRRT_14175	B73_chr3	31351097	31351554	meth_B73.ref_B73_3:31351097..31351554	14.4385	.
B73_chr3	31340449	31354355	LTRRT_14175	B73_chr3	31342167	31342883	meth_B73.ref_B73_3:31342167..31342883	0.934579	.
B73_chr3	32214556	32220709	LTRRT_14199	B73_chr3	32213315	32214590	meth_B73.ref_B73_3:32213315..32214590	1.86615	.
B73_chr3	32330596	32335776	LTRRT_14202	B73_chr3	32329871	32330924	meth_B73.ref_B73_3:32329871..32330924	2.07254	.
B73_chr3	32330596	32335776	LTRRT_14202	B73_chr3	32335489	32336776	meth_B73.ref_B73_3:32335489..32336776	5.11811	.
B73_chr3	32819238	32834809	LTRRT_14216	B73_chr3	32832718	32833092	meth_B73.ref_B73_3:32832718..32833092	14.5833	.
B73_chr3	33218363	33228167	LTRRT_14226	B73_chr3	33218761	33219614	meth_B73.ref_B73_3:33218761..33219614	2.54453	.
B73_chr3	33218363	33228167	LTRRT_14226	B73_chr3	33226305	33227046	meth_B73.ref_B73_3:33226305..33227046	1.49254	.
B73_chr3	33255523	33269025	LTRRT_14228	B73_chr3	33267902	33268064	meth_B73.ref_B73_3:33267902..33268064	18.1818	.
B73_chr3	33332871	33345808	LTRRT_14229	B73_chr3	33345144	33345295	meth_B73.ref_B73_3:33345144..33345295	12.8205	.
B73_chr3	33586241	33595971	LTRRT_14237	B73_chr3	33594050	33594902	meth_B73.ref_B73_3:33594050..33594902	5.61224	.
B73_chr3	33586241	33595971	LTRRT_14237	B73_chr3	33586709	33587469	meth_B73.ref_B73_3:33586709..33587469	4.11523	.
B73_chr3	34787706	34794550	LTRRT_14266	B73_chr3	34788102	34788621	meth_B73.ref_B73_3:34788102..34788621	7.08661	.
B73_chr3	34787706	34794550	LTRRT_14266	B73_chr3	34792486	34792908	meth_B73.ref_B73_3:34792486..34792908	2.68456	.
B73_chr3	35010870	35019139	LTRRT_14271	B73_chr3	35017184	35018630	meth_B73.ref_B73_3:35017184..35018630	0.357995	.
B73_chr3	35597898	35602716	LTRRT_14285	B73_chr3	35593719	35597999	meth_B73.ref_B73_3:35593719..35597999	0.908558	.
B73_chr3	37503061	37518032	LTRRT_14334	B73_chr3	37505068	37505231	meth_B73.ref_B73_3:37505068..37505231	16.2963	.
B73_chr3	37503061	37518032	LTRRT_14334	B73_chr3	37515533	37515846	meth_B73.ref_B73_3:37515533..37515846	16.25	.
B73_chr3	39923960	39930821	LTRRT_14397	B73_chr3	39925460	39925627	meth_B73.ref_B73_3:39925460..39925627	12.1359	.
B73_chr3	39923960	39930821	LTRRT_14397	B73_chr3	39925682	39926268	meth_B73.ref_B73_3:39925682..39926268	5.12048	.
B73_chr3	39923960	39930821	LTRRT_14397	B73_chr3	39929780	39930387	meth_B73.ref_B73_3:39929780..39930387	6.31365	.
B73_chr3	40022142	40031364	LTRRT_14400	B73_chr3	40023231	40023936	meth_B73.ref_B73_3:40023231..40023936	5.91837	.
B73_chr3	40022142	40031364	LTRRT_14400	B73_chr3	40030111	40031037	meth_B73.ref_B73_3:40030111..40031037	9.21053	.
B73_chr3	40243203	40257507	LTRRT_14405	B73_chr3	40245234	40246233	meth_B73.ref_B73_3:40245234..40246233	7.78816	.
B73_chr3	40243203	40257507	LTRRT_14405	B73_chr3	40253228	40254165	meth_B73.ref_B73_3:40253228..40254165	5.8642	.
B73_chr3	41319880	41325334	LTRRT_14426	B73_chr3	41323672	41323893	meth_B73.ref_B73_3:41323672..41323893	7.14286	.
B73_chr3	41319880	41325334	LTRRT_14426	B73_chr3	41323948	41324935	meth_B73.ref_B73_3:41323948..41324935	2.39852	.
B73_chr3	41319880	41325334	LTRRT_14426	B73_chr3	41325042	41328254	meth_B73.ref_B73_3:41325042..41328254	1.86948	.
B73_chr3	41582710	41585509	LTRRT_14436	B73_chr3	41583672	41585177	meth_B73.ref_B73_3:41583672..41585177	5.71635	.
B73_chr3	41582710	41585509	LTRRT_14436	B73_chr3	41580369	41582799	meth_B73.ref_B73_3:41580369..41582799	1.64729	.
B73_chr3	42334060	42349430	LTRRT_14455	B73_chr3	42347483	42347678	meth_B73.ref_B73_3:42347483..42347678	3.57143	.
B73_chr3	42948763	42964157	LTRRT_14467	B73_chr3	42950544	42950718	meth_B73.ref_B73_3:42950544..42950718	12.9412	.
B73_chr3	42948763	42964157	LTRRT_14467	B73_chr3	42961072	42961511	meth_B73.ref_B73_3:42961072..42961511	14.5161	.
B73_chr3	43323154	43330909	LTRRT_14476	B73_chr3	43323682	43324442	meth_B73.ref_B73_3:43323682..43324442	8.12065	.
B73_chr3	43323154	43330909	LTRRT_14476	B73_chr3	43328984	43329701	meth_B73.ref_B73_3:43328984..43329701	3.65854	.
B73_chr3	43458204	43467318	LTRRT_14481	B73_chr3	43458755	43459579	meth_B73.ref_B73_3:43458755..43459579	5.03597	.
B73_chr3	43458204	43467318	LTRRT_14481	B73_chr3	43465387	43466316	meth_B73.ref_B73_3:43465387..43466316	3.56347	.
B73_chr3	44110386	44120865	LTRRT_14493	B73_chr3	44118533	44119232	meth_B73.ref_B73_3:44118533..44119232	0	.
B73_chr3	44172124	44185571	LTRRT_14494	B73_chr3	44172835	44173090	meth_B73.ref_B73_3:44172835..44173090	3.84615	.
B73_chr3	44273390	44283232	LTRRT_14498	B73_chr3	44274677	44275260	meth_B73.ref_B73_3:44274677..44275260	7.61905	.
B73_chr3	44273390	44283232	LTRRT_14498	B73_chr3	44282027	44282715	meth_B73.ref_B73_3:44282027..44282715	7.64818	.
B73_chr3	44363933	44367406	LTRRT_14500	B73_chr3	44362413	44364057	meth_B73.ref_B73_3:44362413..44364057	0.211715	.
B73_chr3	44363933	44367406	LTRRT_14500	B73_chr3	44367383	44367716	meth_B73.ref_B73_3:44367383..44367716	9.375	.
B73_chr3	44512056	44518957	LTRRT_14504	B73_chr3	44513553	44514300	meth_B73.ref_B73_3:44513553..44514300	7.62527	.
B73_chr3	44512056	44518957	LTRRT_14504	B73_chr3	44517754	44518695	meth_B73.ref_B73_3:44517754..44518695	4.95868	.
B73_chr3	45246310	45255440	LTRRT_14521	B73_chr3	45255256	45256120	meth_B73.ref_B73_3:45255256..45256120	6.57439	.
B73_chr3	45343844	45358879	LTRRT_14526	B73_chr3	45349972	45352087	meth_B73.ref_B73_3:45349972..45352087	0.819113	.
B73_chr3	45418679	45426341	LTRRT_14528	B73_chr3	45426169	45428229	meth_B73.ref_B73_3:45426169..45428229	0.316122	.
B73_chr3	45526760	45533914	LTRRT_14531	B73_chr3	45529721	45529959	meth_B73.ref_B73_3:45529721..45529959	17.3913	.
B73_chr3	45526760	45533914	LTRRT_14531	B73_chr3	45533266	45533522	meth_B73.ref_B73_3:45533266..45533522	13.964	.
B73_chr3	45744587	45751475	LTRRT_14540	B73_chr3	45745112	45745659	meth_B73.ref_B73_3:45745112..45745659	12.5442	.
B73_chr3	45744587	45751475	LTRRT_14540	B73_chr3	45749442	45749594	meth_B73.ref_B73_3:45749442..45749594	14.9701	.
B73_chr3	45802088	45811901	LTRRT_14542	B73_chr3	45803161	45804059	meth_B73.ref_B73_3:45803161..45804059	3.74449	.
B73_chr3	45802088	45811901	LTRRT_14542	B73_chr3	45810702	45811389	meth_B73.ref_B73_3:45810702..45811389	1.74564	.
B73_chr3	45968748	45977342	LTRRT_14547	B73_chr3	45970265	45971704	meth_B73.ref_B73_3:45970265..45971704	0.776288	.
B73_chr3	45968748	45977342	LTRRT_14547	B73_chr3	45975171	45976555	meth_B73.ref_B73_3:45975171..45976555	0.402253	.
B73_chr3	46424960	46435332	LTRRT_14557	B73_chr3	46434300	46434518	meth_B73.ref_B73_3:46434300..46434518	18.3673	.
B73_chr3	46646547	46655984	LTRRT_14562	B73_chr3	46647086	46647506	meth_B73.ref_B73_3:46647086..46647506	10.4839	.
B73_chr3	46646547	46655984	LTRRT_14562	B73_chr3	46654333	46654924	meth_B73.ref_B73_3:46654333..46654924	6.37066	.
B73_chr3	48043869	48058033	LTRRT_14581	B73_chr3	48047024	48048055	meth_B73.ref_B73_3:48047024..48048055	8.75203	.
B73_chr3	48043869	48058033	LTRRT_14581	B73_chr3	48054955	48056011	meth_B73.ref_B73_3:48054955..48056011	9.97191	.
B73_chr3	48162715	48169646	LTRRT_14585	B73_chr3	48163017	48163268	meth_B73.ref_B73_3:48163017..48163268	13.6	.
B73_chr3	48162715	48169646	LTRRT_14585	B73_chr3	48168271	48168522	meth_B73.ref_B73_3:48168271..48168522	12.381	.
B73_chr3	48217059	48226501	LTRRT_14586	B73_chr3	48221943	48222130	meth_B73.ref_B73_3:48221943..48222130	12.5	.
B73_chr3	48577547	48583328	LTRRT_14597	B73_chr3	48582459	48582886	meth_B73.ref_B73_3:48582459..48582886	1.07527	.
B73_chr3	48585284	48591860	LTRRT_14598	B73_chr3	48584627	48585286	meth_B73.ref_B73_3:48584627..48585286	0.677507	.
B73_chr3	48585284	48591860	LTRRT_14598	B73_chr3	48590703	48591470	meth_B73.ref_B73_3:48590703..48591470	1.2945	.
B73_chr3	48663063	48678041	LTRRT_14601	B73_chr3	48675542	48675693	meth_B73.ref_B73_3:48675542..48675693	13.7931	.
B73_chr3	48820323	48827276	LTRRT_14605	B73_chr3	48820626	48820971	meth_B73.ref_B73_3:48820626..48820971	7.28155	.
B73_chr3	48820323	48827276	LTRRT_14605	B73_chr3	48825903	48826246	meth_B73.ref_B73_3:48825903..48826246	8.23529	.
B73_chr3	48862262	48875496	LTRRT_14607	B73_chr3	48871014	48871191	meth_B73.ref_B73_3:48871014..48871191	11.5385	.
B73_chr3	49120705	49134589	LTRRT_14612	B73_chr3	49127527	49127684	meth_B73.ref_B73_3:49127527..49127684	12.9032	.
B73_chr3	49697714	49714022	LTRRT_14629	B73_chr3	49702772	49703502	meth_B73.ref_B73_3:49702772..49703502	12.1756	.
B73_chr3	49697714	49714022	LTRRT_14629	B73_chr3	49707053	49707758	meth_B73.ref_B73_3:49707053..49707758	9.97831	.
B73_chr3	50133052	50141753	LTRRT_14638	B73_chr3	50133431	50134300	meth_B73.ref_B73_3:50133431..50134300	7.0901	.
B73_chr3	50133052	50141753	LTRRT_14638	B73_chr3	50139976	50140750	meth_B73.ref_B73_3:50139976..50140750	5.47667	.
B73_chr3	50530127	50540020	LTRRT_14642	B73_chr3	50539975	50542033	meth_B73.ref_B73_3:50539975..50542033	0.220994	.
B73_chr3	51548714	51563648	LTRRT_14662	B73_chr3	51550576	51550888	meth_B73.ref_B73_3:51550576..51550888	13.0802	.
B73_chr3	51743640	51747021	LTRRT_14666	B73_chr3	51742440	51743862	meth_B73.ref_B73_3:51742440..51743862	0.229183	.
B73_chr3	52701352	52711458	LTRRT_14691	B73_chr3	52705552	52707081	meth_B73.ref_B73_3:52705552..52707081	2.1838	.
B73_chr3	52917654	52924635	LTRRT_14696	B73_chr3	52918999	52919813	meth_B73.ref_B73_3:52918999..52919813	9.17969	.
B73_chr3	52917654	52924635	LTRRT_14696	B73_chr3	52923512	52924060	meth_B73.ref_B73_3:52923512..52924060	12.1951	.
B73_chr3	52980715	52992112	LTRRT_14699	B73_chr3	52981246	52983123	meth_B73.ref_B73_3:52981246..52983123	1.95896	.
B73_chr3	52980715	52992112	LTRRT_14699	B73_chr3	52983302	52983855	meth_B73.ref_B73_3:52983302..52983855	14.554	.
B73_chr3	52980715	52992112	LTRRT_14699	B73_chr3	52984000	52984217	meth_B73.ref_B73_3:52984000..52984217	17.2414	.
B73_chr3	52980715	52992112	LTRRT_14699	B73_chr3	52987369	52989273	meth_B73.ref_B73_3:52987369..52989273	2.89331	.
B73_chr3	52980715	52992112	LTRRT_14699	B73_chr3	52989377	52989556	meth_B73.ref_B73_3:52989377..52989556	19.8925	.
B73_chr3	53128389	53133247	LTRRT_14703	B73_chr3	53131602	53131999	meth_B73.ref_B73_3:53131602..53131999	17.8423	.
B73_chr3	53128389	53133247	LTRRT_14703	B73_chr3	53132808	53136858	meth_B73.ref_B73_3:53132808..53136858	5.5574	.
B73_chr3	53134062	53138932	LTRRT_14704	B73_chr3	53132808	53136858	meth_B73.ref_B73_3:53132808..53136858	5.5574	.
B73_chr3	53306259	53316195	LTRRT_14709	B73_chr3	53315780	53318151	meth_B73.ref_B73_3:53315780..53318151	6.63871	.
B73_chr3	53526938	53536178	LTRRT_14714	B73_chr3	53533955	53534194	meth_B73.ref_B73_3:53533955..53534194	16.6667	.
B73_chr3	54250260	54259394	LTRRT_14725	B73_chr3	54251313	54252417	meth_B73.ref_B73_3:54251313..54252417	2.87206	.
B73_chr3	54250260	54259394	LTRRT_14725	B73_chr3	54257966	54258919	meth_B73.ref_B73_3:54257966..54258919	2.43902	.
B73_chr3	54388813	54402622	LTRRT_14726	B73_chr3	54392728	54392950	meth_B73.ref_B73_3:54392728..54392950	9.85915	.
B73_chr3	54624695	54634154	LTRRT_14731	B73_chr3	54632763	54632915	meth_B73.ref_B73_3:54632763..54632915	16.6667	.
B73_chr3	54667540	54675903	LTRRT_14733	B73_chr3	54667941	54668266	meth_B73.ref_B73_3:54667941..54668266	1.0101	.
B73_chr3	54667540	54675903	LTRRT_14733	B73_chr3	54672783	54673138	meth_B73.ref_B73_3:54672783..54673138	1.0989	.
B73_chr3	54823246	54832387	LTRRT_14738	B73_chr3	54824281	54825044	meth_B73.ref_B73_3:54824281..54825044	5.31915	.
B73_chr3	54823246	54832387	LTRRT_14738	B73_chr3	54831283	54831603	meth_B73.ref_B73_3:54831283..54831603	0	.
B73_chr3	56145930	56152763	LTRRT_14770	B73_chr3	56151723	56151880	meth_B73.ref_B73_3:56151723..56151880	7.86517	.
B73_chr3	56145930	56152763	LTRRT_14770	B73_chr3	56152109	56152333	meth_B73.ref_B73_3:56152109..56152333	17.0213	.
B73_chr3	56145930	56152763	LTRRT_14770	B73_chr3	56147695	56148051	meth_B73.ref_B73_3:56147695..56148051	14.2857	.
B73_chr3	56334649	56354262	LTRRT_14774	B73_chr3	56339615	56340620	meth_B73.ref_B73_3:56339615..56340620	5.06993	.
B73_chr3	56334649	56354262	LTRRT_14774	B73_chr3	56347294	56347726	meth_B73.ref_B73_3:56347294..56347726	2.12766	.
B73_chr3	56773766	56784218	LTRRT_14786	B73_chr3	56774641	56775371	meth_B73.ref_B73_3:56774641..56775371	5.07614	.
B73_chr3	56773766	56784218	LTRRT_14786	B73_chr3	56782397	56783052	meth_B73.ref_B73_3:56782397..56783052	6.95652	.
B73_chr3	57490605	57506166	LTRRT_14805	B73_chr3	57493284	57493578	meth_B73.ref_B73_3:57493284..57493578	16.0338	.
B73_chr3	57490605	57506166	LTRRT_14805	B73_chr3	57503941	57504451	meth_B73.ref_B73_3:57503941..57504451	17.7419	.
B73_chr3	57554011	57558992	LTRRT_14806	B73_chr3	57558785	57559499	meth_B73.ref_B73_3:57558785..57559499	5.2356	.
B73_chr3	57869249	57884247	LTRRT_14812	B73_chr3	57882221	57882374	meth_B73.ref_B73_3:57882221..57882374	19.2857	.
B73_chr3	58234905	58249915	LTRRT_14823	B73_chr3	58247704	58247860	meth_B73.ref_B73_3:58247704..58247860	12.5	.
B73_chr3	58728781	58744355	LTRRT_14836	B73_chr3	58741533	58741707	meth_B73.ref_B73_3:58741533..58741707	15.9574	.
B73_chr3	58945771	58952483	LTRRT_14840	B73_chr3	58952461	58953828	meth_B73.ref_B73_3:58952461..58953828	1.25392	.
B73_chr3	59707075	59712473	LTRRT_14857	B73_chr3	59712451	59713106	meth_B73.ref_B73_3:59712451..59713106	0.700935	.
B73_chr3	59846236	59855704	LTRRT_14859	B73_chr3	59855665	59856572	meth_B73.ref_B73_3:59855665..59856572	1.38504	.
B73_chr3	61958145	61967887	LTRRT_14904	B73_chr3	61958647	61959404	meth_B73.ref_B73_3:61958647..61959404	3.97924	.
B73_chr3	61958145	61967887	LTRRT_14904	B73_chr3	61966051	61966804	meth_B73.ref_B73_3:61966051..61966804	2.7027	.
B73_chr3	62395093	62405067	LTRRT_14915	B73_chr3	62395386	62395895	meth_B73.ref_B73_3:62395386..62395895	3.54478	.
B73_chr3	62395093	62405067	LTRRT_14915	B73_chr3	62404182	62404556	meth_B73.ref_B73_3:62404182..62404556	0.974026	.
B73_chr3	63008602	63023508	LTRRT_14929	B73_chr3	63019038	63019233	meth_B73.ref_B73_3:63019038..63019233	0	.
B73_chr3	63734720	63749723	LTRRT_14944	B73_chr3	63748236	63748388	meth_B73.ref_B73_3:63748236..63748388	10.3448	.
B73_chr3	63866641	63881672	LTRRT_14945	B73_chr3	63868509	63868822	meth_B73.ref_B73_3:63868509..63868822	11.3475	.
B73_chr3	63866641	63881672	LTRRT_14945	B73_chr3	63879157	63879468	meth_B73.ref_B73_3:63879157..63879468	16.6667	.
B73_chr3	64197601	64209490	LTRRT_14950	B73_chr3	64201845	64202062	meth_B73.ref_B73_3:64201845..64202062	15	.
B73_chr3	64448272	64463668	LTRRT_14953	B73_chr3	64450923	64451095	meth_B73.ref_B73_3:64450923..64451095	0	.
B73_chr3	64448272	64463668	LTRRT_14953	B73_chr3	64461718	64461892	meth_B73.ref_B73_3:64461718..64461892	2.5	.
B73_chr3	65160001	65169143	LTRRT_14968	B73_chr3	65160687	65161448	meth_B73.ref_B73_3:65160687..65161448	2.65957	.
B73_chr3	65160001	65169143	LTRRT_14968	B73_chr3	65167149	65168102	meth_B73.ref_B73_3:65167149..65168102	3.82653	.
B73_chr3	65442695	65458115	LTRRT_14972	B73_chr3	65445344	65445518	meth_B73.ref_B73_3:65445344..65445518	12.4224	.
B73_chr3	65442695	65458115	LTRRT_14972	B73_chr3	65456152	65456326	meth_B73.ref_B73_3:65456152..65456326	11.1765	.
B73_chr3	65569868	65574781	LTRRT_14973	B73_chr3	65569063	65569958	meth_B73.ref_B73_3:65569063..65569958	1.51679	.
B73_chr3	65594626	65611484	LTRRT_14975	B73_chr3	65601220	65601727	meth_B73.ref_B73_3:65601220..65601727	4.6875	.
B73_chr3	66410379	66420563	LTRRT_14994	B73_chr3	66411763	66412709	meth_B73.ref_B73_3:66411763..66412709	7.33945	.
B73_chr3	66570766	66585052	LTRRT_14998	B73_chr3	66572088	66572379	meth_B73.ref_B73_3:66572088..66572379	6.52174	.
B73_chr3	66630346	66635600	LTRRT_14999	B73_chr3	66635347	66635774	meth_B73.ref_B73_3:66635347..66635774	3.19767	.
B73_chr3	66663200	66678117	LTRRT_15001	B73_chr3	66665061	66665212	meth_B73.ref_B73_3:66665061..66665212	7.69231	.
B73_chr3	66663200	66678117	LTRRT_15001	B73_chr3	66675624	66675798	meth_B73.ref_B73_3:66675624..66675798	13.8889	.
B73_chr3	66874315	66889319	LTRRT_15005	B73_chr3	66876179	66876353	meth_B73.ref_B73_3:66876179..66876353	16.6667	.
B73_chr3	67105973	67118748	LTRRT_15012	B73_chr3	67107008	67107250	meth_B73.ref_B73_3:67107008..67107250	0	.
B73_chr3	67105973	67118748	LTRRT_15012	B73_chr3	67107272	67108247	meth_B73.ref_B73_3:67107272..67108247	0.403226	.
B73_chr3	67105973	67118748	LTRRT_15012	B73_chr3	67108290	67108793	meth_B73.ref_B73_3:67108290..67108793	5.12821	.
B73_chr3	67105973	67118748	LTRRT_15012	B73_chr3	67109061	67109311	meth_B73.ref_B73_3:67109061..67109311	7.30769	.
B73_chr3	67105973	67118748	LTRRT_15012	B73_chr3	67114727	67115504	meth_B73.ref_B73_3:67114727..67115504	0	.
B73_chr3	67105973	67118748	LTRRT_15012	B73_chr3	67115594	67116678	meth_B73.ref_B73_3:67115594..67116678	8.85827	.
B73_chr3	67468569	67479981	LTRRT_15022	B73_chr3	67474983	67475139	meth_B73.ref_B73_3:67474983..67475139	13.6364	.
B73_chr3	68479974	68492881	LTRRT_15048	B73_chr3	68490224	68490495	meth_B73.ref_B73_3:68490224..68490495	6.81818	.
B73_chr3	68556274	68570802	LTRRT_15049	B73_chr3	68558384	68558664	meth_B73.ref_B73_3:68558384..68558664	17.9104	.
B73_chr3	68556274	68570802	LTRRT_15049	B73_chr3	68558767	68559451	meth_B73.ref_B73_3:68558767..68559451	5.66667	.
B73_chr3	68556274	68570802	LTRRT_15049	B73_chr3	68566474	68567618	meth_B73.ref_B73_3:68566474..68567618	7.47826	.
B73_chr3	68616930	68622122	LTRRT_15051	B73_chr3	68621638	68623823	meth_B73.ref_B73_3:68621638..68623823	1.9797	.
B73_chr3	68616930	68622122	LTRRT_15051	B73_chr3	68616086	68617223	meth_B73.ref_B73_3:68616086..68617223	6.04782	.
B73_chr3	68791614	68799437	LTRRT_15054	B73_chr3	68793820	68793971	meth_B73.ref_B73_3:68793820..68793971	0	.
B73_chr3	68874469	68890024	LTRRT_15058	B73_chr3	68890013	68891199	meth_B73.ref_B73_3:68890013..68891199	0.816327	.
B73_chr3	69220190	69227034	LTRRT_15069	B73_chr3	69221708	69222080	meth_B73.ref_B73_3:69221708..69222080	11.8598	.
B73_chr3	69220190	69227034	LTRRT_15069	B73_chr3	69225851	69226694	meth_B73.ref_B73_3:69225851..69226694	11.4849	.
B73_chr3	69220190	69227034	LTRRT_15069	B73_chr3	69222138	69222426	meth_B73.ref_B73_3:69222138..69222426	10	.
B73_chr3	69487603	69494371	LTRRT_15073	B73_chr3	69488095	69488649	meth_B73.ref_B73_3:69488095..69488649	6.49351	.
B73_chr3	69487603	69494371	LTRRT_15073	B73_chr3	69492205	69492871	meth_B73.ref_B73_3:69492205..69492871	6.52985	.
B73_chr3	70319535	70333818	LTRRT_15094	B73_chr3	70322876	70323815	meth_B73.ref_B73_3:70322876..70323815	4.67365	.
B73_chr3	70319535	70333818	LTRRT_15094	B73_chr3	70330880	70331800	meth_B73.ref_B73_3:70330880..70331800	3.67171	.
B73_chr3	71662355	71677909	LTRRT_15133	B73_chr3	71664074	71664288	meth_B73.ref_B73_3:71664074..71664288	14.9425	.
B73_chr3	71706580	71720274	LTRRT_15135	B73_chr3	71713941	71714264	meth_B73.ref_B73_3:71713941..71714264	7.31707	.
B73_chr3	72586214	72591817	LTRRT_15160	B73_chr3	72591532	72592160	meth_B73.ref_B73_3:72591532..72592160	12.8295	.
B73_chr3	72665795	72678193	LTRRT_15164	B73_chr3	72676397	72677709	meth_B73.ref_B73_3:72676397..72677709	1.57017	.
B73_chr3	72862355	72874413	LTRRT_15169	B73_chr3	72863004	72863600	meth_B73.ref_B73_3:72863004..72863600	1.35135	.
B73_chr3	72921619	72937171	LTRRT_15171	B73_chr3	72923485	72923846	meth_B73.ref_B73_3:72923485..72923846	10.1449	.
B73_chr3	73142201	73156597	LTRRT_15176	B73_chr3	73144661	73145375	meth_B73.ref_B73_3:73144661..73145375	7.2314	.
B73_chr3	73142201	73156597	LTRRT_15176	B73_chr3	73152360	73153301	meth_B73.ref_B73_3:73152360..73153301	12.1657	.
B73_chr3	73604465	73609588	LTRRT_15190	B73_chr3	73602591	73604651	meth_B73.ref_B73_3:73602591..73604651	4.45645	.
B73_chr3	73821092	73835365	LTRRT_15196	B73_chr3	73822959	73824077	meth_B73.ref_B73_3:73822959..73824077	11.2385	.
B73_chr3	73821092	73835365	LTRRT_15196	B73_chr3	73831145	73831326	meth_B73.ref_B73_3:73831145..73831326	11.8343	.
B73_chr3	73821092	73835365	LTRRT_15196	B73_chr3	73831359	73831876	meth_B73.ref_B73_3:73831359..73831876	15.3226	.
B73_chr3	74977770	74991227	LTRRT_15220	B73_chr3	74981254	74981423	meth_B73.ref_B73_3:74981254..74981423	2.85714	.
B73_chr3	74977770	74991227	LTRRT_15220	B73_chr3	74983680	74984852	meth_B73.ref_B73_3:74983680..74984852	10.6886	.
B73_chr3	75109768	75118947	LTRRT_15223	B73_chr3	75110326	75111068	meth_B73.ref_B73_3:75110326..75111068	5.80357	.
B73_chr3	75109768	75118947	LTRRT_15223	B73_chr3	75117202	75117942	meth_B73.ref_B73_3:75117202..75117942	9.4086	.
B73_chr3	75237806	75252853	LTRRT_15227	B73_chr3	75239658	75239997	meth_B73.ref_B73_3:75239658..75239997	10.0775	.
B73_chr3	76062058	76068421	LTRRT_15244	B73_chr3	76062458	76063142	meth_B73.ref_B73_3:76062458..76063142	0.699301	.
B73_chr3	76521978	76536143	LTRRT_15257	B73_chr3	76523084	76523697	meth_B73.ref_B73_3:76523084..76523697	3.22581	.
B73_chr3	76521978	76536143	LTRRT_15257	B73_chr3	76523764	76523928	meth_B73.ref_B73_3:76523764..76523928	9.67742	.
B73_chr3	76521978	76536143	LTRRT_15257	B73_chr3	76525263	76526199	meth_B73.ref_B73_3:76525263..76526199	7.26141	.
B73_chr3	76521978	76536143	LTRRT_15257	B73_chr3	76531534	76531695	meth_B73.ref_B73_3:76531534..76531695	18.3333	.
B73_chr3	76521978	76536143	LTRRT_15257	B73_chr3	76533192	76534159	meth_B73.ref_B73_3:76533192..76534159	4.25197	.
B73_chr3	77280876	77295815	LTRRT_15274	B73_chr3	77293497	77293959	meth_B73.ref_B73_3:77293497..77293959	15.3061	.
B73_chr3	78370517	78381926	LTRRT_15297	B73_chr3	78371037	78372330	meth_B73.ref_B73_3:78371037..78372330	0.187793	.
B73_chr3	78370517	78381926	LTRRT_15297	B73_chr3	78378262	78379556	meth_B73.ref_B73_3:78378262..78379556	0.628931	.
B73_chr3	78826961	78842520	LTRRT_15303	B73_chr3	78840573	78840806	meth_B73.ref_B73_3:78840573..78840806	12.0482	.
B73_chr3	78896974	78906118	LTRRT_15304	B73_chr3	78898007	78898965	meth_B73.ref_B73_3:78898007..78898965	5.05226	.
B73_chr3	78896974	78906118	LTRRT_15304	B73_chr3	78904726	78905610	meth_B73.ref_B73_3:78904726..78905610	1.5873	.
B73_chr3	79405157	79420156	LTRRT_15315	B73_chr3	79407345	79407504	meth_B73.ref_B73_3:79407345..79407504	5.06329	.
B73_chr3	79405157	79420156	LTRRT_15315	B73_chr3	79418075	79418289	meth_B73.ref_B73_3:79418075..79418289	10	.
B73_chr3	79868715	79883754	LTRRT_15326	B73_chr3	79870584	79870756	meth_B73.ref_B73_3:79870584..79870756	13.6986	.
B73_chr3	79868715	79883754	LTRRT_15326	B73_chr3	79871809	79872011	meth_B73.ref_B73_3:79871809..79872011	4.54545	.
B73_chr3	79983931	79993070	LTRRT_15328	B73_chr3	79984489	79985291	meth_B73.ref_B73_3:79984489..79985291	4.33996	.
B73_chr3	79983931	79993070	LTRRT_15328	B73_chr3	79991085	79992040	meth_B73.ref_B73_3:79991085..79992040	6.00858	.
B73_chr3	80163736	80176814	LTRRT_15332	B73_chr3	80165940	80166709	meth_B73.ref_B73_3:80165940..80166709	8.5554	.
B73_chr3	80163736	80176814	LTRRT_15332	B73_chr3	80167109	80167885	meth_B73.ref_B73_3:80167109..80167885	1.27389	.
B73_chr3	80163736	80176814	LTRRT_15332	B73_chr3	80174497	80174867	meth_B73.ref_B73_3:80174497..80174867	2.46914	.
B73_chr3	80163736	80176814	LTRRT_15332	B73_chr3	80174988	80175276	meth_B73.ref_B73_3:80174988..80175276	2.43902	.
B73_chr3	80921960	80937518	LTRRT_15347	B73_chr3	80922820	80922978	meth_B73.ref_B73_3:80922820..80922978	16	.
B73_chr3	80921960	80937518	LTRRT_15347	B73_chr3	80924607	80924922	meth_B73.ref_B73_3:80924607..80924922	19.469	.
B73_chr3	80921960	80937518	LTRRT_15347	B73_chr3	80935574	80935797	meth_B73.ref_B73_3:80935574..80935797	2.5641	.
B73_chr3	81116760	81130331	LTRRT_15351	B73_chr3	81118977	81119759	meth_B73.ref_B73_3:81118977..81119759	14.2857	.
B73_chr3	81116760	81130331	LTRRT_15351	B73_chr3	81126610	81127419	meth_B73.ref_B73_3:81126610..81127419	9.74212	.
B73_chr3	81793888	81810045	LTRRT_15368	B73_chr3	81796213	81796387	meth_B73.ref_B73_3:81796213..81796387	13.6842	.
B73_chr3	82224523	82232581	LTRRT_15376	B73_chr3	82224804	82225091	meth_B73.ref_B73_3:82224804..82225091	3.77358	.
B73_chr3	82224523	82232581	LTRRT_15376	B73_chr3	82225429	82225989	meth_B73.ref_B73_3:82225429..82225989	0.423729	.
B73_chr3	82363264	82378242	LTRRT_15378	B73_chr3	82375894	82376379	meth_B73.ref_B73_3:82375894..82376379	11.4035	.
B73_chr3	83024688	83038753	LTRRT_15389	B73_chr3	83026666	83027836	meth_B73.ref_B73_3:83026666..83027836	6.05061	.
B73_chr3	83024688	83038753	LTRRT_15389	B73_chr3	83034471	83035496	meth_B73.ref_B73_3:83034471..83035496	9.09091	.
B73_chr3	84028777	84035581	LTRRT_15408	B73_chr3	84035559	84036700	meth_B73.ref_B73_3:84035559..84036700	0.968188	.
B73_chr3	85087164	85098439	LTRRT_15430	B73_chr3	85089002	85089218	meth_B73.ref_B73_3:85089002..85089218	11.9718	.
B73_chr3	85275416	85289422	LTRRT_15434	B73_chr3	85286443	85287394	meth_B73.ref_B73_3:85286443..85287394	2.14592	.
B73_chr3	85275416	85289422	LTRRT_15434	B73_chr3	85278599	85279741	meth_B73.ref_B73_3:85278599..85279741	3.68217	.
B73_chr3	85738299	85745112	LTRRT_15441	B73_chr3	85745110	85745860	meth_B73.ref_B73_3:85745110..85745860	0.566038	.
B73_chr3	86360224	86367795	LTRRT_15461	B73_chr3	86361463	86361694	meth_B73.ref_B73_3:86361463..86361694	15.1515	.
B73_chr3	86532675	86540248	LTRRT_15468	B73_chr3	86539921	86540103	meth_B73.ref_B73_3:86539921..86540103	13.6364	.
B73_chr3	86594163	86598808	LTRRT_15472	B73_chr3	86594604	86595269	meth_B73.ref_B73_3:86594604..86595269	18.0233	.
B73_chr3	86594163	86598808	LTRRT_15472	B73_chr3	86595537	86595799	meth_B73.ref_B73_3:86595537..86595799	19.1919	.
B73_chr3	86594163	86598808	LTRRT_15472	B73_chr3	86597937	86598445	meth_B73.ref_B73_3:86597937..86598445	13.8075	.
B73_chr3	86752397	86760172	LTRRT_15478	B73_chr3	86752249	86752676	meth_B73.ref_B73_3:86752249..86752676	18.8312	.
B73_chr3	86752397	86760172	LTRRT_15478	B73_chr3	86757105	86757303	meth_B73.ref_B73_3:86757105..86757303	10.9453	.
B73_chr3	86752397	86760172	LTRRT_15478	B73_chr3	86757883	86758096	meth_B73.ref_B73_3:86757883..86758096	10	.
B73_chr3	86752397	86760172	LTRRT_15478	B73_chr3	86758453	86758806	meth_B73.ref_B73_3:86758453..86758806	17.1717	.
B73_chr3	86752397	86760172	LTRRT_15478	B73_chr3	86759510	86759901	meth_B73.ref_B73_3:86759510..86759901	9.09091	.
B73_chr3	86752397	86760172	LTRRT_15478	B73_chr3	86752771	86753318	meth_B73.ref_B73_3:86752771..86753318	4.13793	.
B73_chr3	86872968	86880541	LTRRT_15484	B73_chr3	86872848	86873055	meth_B73.ref_B73_3:86872848..86873055	14.6341	.
B73_chr3	86906627	86914194	LTRRT_15486	B73_chr3	86913791	86913969	meth_B73.ref_B73_3:86913791..86913969	8.33333	.
B73_chr3	86989598	86997166	LTRRT_15492	B73_chr3	86996753	86996909	meth_B73.ref_B73_3:86996753..86996909	10.9091	.
B73_chr3	87079847	87084282	LTRRT_15497	B73_chr3	87080341	87080711	meth_B73.ref_B73_3:87080341..87080711	15.4545	.
B73_chr3	87079847	87084282	LTRRT_15497	B73_chr3	87082717	87083265	meth_B73.ref_B73_3:87082717..87083265	11.8881	.
B73_chr3	87079847	87084282	LTRRT_15497	B73_chr3	87083528	87084046	meth_B73.ref_B73_3:87083528..87084046	8.19113	.
B73_chr3	87117376	87124941	LTRRT_15499	B73_chr3	87124693	87124857	meth_B73.ref_B73_3:87124693..87124857	13.4615	.
B73_chr3	87157826	87164674	LTRRT_15501	B73_chr3	87160049	87160210	meth_B73.ref_B73_3:87160049..87160210	15	.
B73_chr3	87483898	87493936	LTRRT_15517	B73_chr3	87483935	87484153	meth_B73.ref_B73_3:87483935..87484153	15.625	.
B73_chr3	87493938	87500167	LTRRT_15518	B73_chr3	87495545	87495763	meth_B73.ref_B73_3:87495545..87495763	16.6667	.
B73_chr3	87588884	87596458	LTRRT_15523	B73_chr3	87590086	87590340	meth_B73.ref_B73_3:87590086..87590340	16.3636	.
B73_chr3	87615776	87638211	LTRRT_15525	B73_chr3	87636035	87636348	meth_B73.ref_B73_3:87636035..87636348	11.3095	.
B73_chr3	87698886	87714034	LTRRT_15528	B73_chr3	87707685	87707975	meth_B73.ref_B73_3:87707685..87707975	0	.
B73_chr3	87845718	87853287	LTRRT_15534	B73_chr3	87851889	87852062	meth_B73.ref_B73_3:87851889..87852062	12.7273	.
B73_chr3	88021712	88034134	LTRRT_15540	B73_chr3	88025225	88025524	meth_B73.ref_B73_3:88025225..88025524	17.8947	.
B73_chr3	88021712	88034134	LTRRT_15540	B73_chr3	88027377	88027563	meth_B73.ref_B73_3:88027377..88027563	15.534	.
B73_chr3	88898820	88906989	LTRRT_15564	B73_chr3	88897277	88898832	meth_B73.ref_B73_3:88897277..88898832	2.0592	.
B73_chr3	88942421	88951196	LTRRT_15566	B73_chr3	88943469	88944212	meth_B73.ref_B73_3:88943469..88944212	3.69231	.
B73_chr3	88942421	88951196	LTRRT_15566	B73_chr3	88949880	88950622	meth_B73.ref_B73_3:88949880..88950622	5.13919	.
B73_chr3	89148653	89155502	LTRRT_15570	B73_chr3	89149055	89149706	meth_B73.ref_B73_3:89149055..89149706	6.53846	.
B73_chr3	89148653	89155502	LTRRT_15570	B73_chr3	89153340	89154123	meth_B73.ref_B73_3:89153340..89154123	6.41975	.
B73_chr3	89692956	89702103	LTRRT_15581	B73_chr3	89694050	89694868	meth_B73.ref_B73_3:89694050..89694868	3.0445	.
B73_chr3	89692956	89702103	LTRRT_15581	B73_chr3	89700754	89701613	meth_B73.ref_B73_3:89700754..89701613	5.22388	.
B73_chr3	90159936	90169642	LTRRT_15593	B73_chr3	90168528	90168994	meth_B73.ref_B73_3:90168528..90168994	5.85586	.
B73_chr3	90274719	90288603	LTRRT_15595	B73_chr3	90278175	90278912	meth_B73.ref_B73_3:90278175..90278912	8.46262	.
B73_chr3	90274719	90288603	LTRRT_15595	B73_chr3	90285702	90286588	meth_B73.ref_B73_3:90285702..90286588	4.35223	.
B73_chr3	90323889	90331535	LTRRT_15597	B73_chr3	90329847	90330185	meth_B73.ref_B73_3:90329847..90330185	18.4669	.
B73_chr3	90780124	90793395	LTRRT_15609	B73_chr3	90782339	90783083	meth_B73.ref_B73_3:90782339..90783083	5.98886	.
B73_chr3	90780124	90793395	LTRRT_15609	B73_chr3	90790289	90791147	meth_B73.ref_B73_3:90790289..90791147	6.2069	.
B73_chr3	90967171	90980920	LTRRT_15612	B73_chr3	90968900	90969622	meth_B73.ref_B73_3:90968900..90969622	2.10084	.
B73_chr3	90967171	90980920	LTRRT_15612	B73_chr3	90969856	90970773	meth_B73.ref_B73_3:90969856..90970773	8.24742	.
B73_chr3	90967171	90980920	LTRRT_15612	B73_chr3	90976859	90977339	meth_B73.ref_B73_3:90976859..90977339	1.63934	.
B73_chr3	90967171	90980920	LTRRT_15612	B73_chr3	90977573	90978490	meth_B73.ref_B73_3:90977573..90978490	6.31579	.
B73_chr3	91164148	91177688	LTRRT_15615	B73_chr3	91166320	91166685	meth_B73.ref_B73_3:91166320..91166685	1.53846	.
B73_chr3	91164148	91177688	LTRRT_15615	B73_chr3	91173373	91173546	meth_B73.ref_B73_3:91173373..91173546	9.7561	.
B73_chr3	91310375	91319087	LTRRT_15617	B73_chr3	91312010	91312307	meth_B73.ref_B73_3:91312010..91312307	3.0303	.
B73_chr3	91310375	91319087	LTRRT_15617	B73_chr3	91316376	91316570	meth_B73.ref_B73_3:91316376..91316570	0	.
B73_chr3	91310375	91319087	LTRRT_15617	B73_chr3	91316988	91317308	meth_B73.ref_B73_3:91316988..91317308	0	.
B73_chr3	91347025	91361670	LTRRT_15619	B73_chr3	91350079	91351604	meth_B73.ref_B73_3:91350079..91351604	5.95065	.
B73_chr3	91347025	91361670	LTRRT_15619	B73_chr3	91358493	91359462	meth_B73.ref_B73_3:91358493..91359462	4.9151	.
B73_chr3	91674401	91688279	LTRRT_15628	B73_chr3	91676124	91676899	meth_B73.ref_B73_3:91676124..91676899	2.15827	.
B73_chr3	91674401	91688279	LTRRT_15628	B73_chr3	91677332	91677742	meth_B73.ref_B73_3:91677332..91677742	6.875	.
B73_chr3	91674401	91688279	LTRRT_15628	B73_chr3	91677869	91678033	meth_B73.ref_B73_3:91677869..91678033	8.69565	.
B73_chr3	91674401	91688279	LTRRT_15628	B73_chr3	91685288	91685830	meth_B73.ref_B73_3:91685288..91685830	13.7097	.
B73_chr3	91674401	91688279	LTRRT_15628	B73_chr3	91684065	91684916	meth_B73.ref_B73_3:91684065..91684916	3.13589	.
B73_chr3	91964063	91982531	LTRRT_15633	B73_chr3	91965580	91965737	meth_B73.ref_B73_3:91965580..91965737	0	.
B73_chr3	92705858	92715694	LTRRT_15649	B73_chr3	92715242	92715421	meth_B73.ref_B73_3:92715242..92715421	10.7143	.
B73_chr3	93150838	93166240	LTRRT_15661	B73_chr3	93152619	93152793	meth_B73.ref_B73_3:93152619..93152793	4.7619	.
B73_chr3	93150838	93166240	LTRRT_15661	B73_chr3	93163416	93163590	meth_B73.ref_B73_3:93163416..93163590	7.63359	.
B73_chr3	93494880	93506412	LTRRT_15669	B73_chr3	93495178	93496306	meth_B73.ref_B73_3:93495178..93496306	0	.
B73_chr3	93494880	93506412	LTRRT_15669	B73_chr3	93502573	93503591	meth_B73.ref_B73_3:93502573..93503591	0.415369	.
B73_chr3	93972741	93986557	LTRRT_15681	B73_chr3	93975833	93976793	meth_B73.ref_B73_3:93975833..93976793	7.56048	.
B73_chr3	93972741	93986557	LTRRT_15681	B73_chr3	93983805	93984532	meth_B73.ref_B73_3:93983805..93984532	7.51773	.
B73_chr3	94306360	94314288	LTRRT_15685	B73_chr3	94310212	94310378	meth_B73.ref_B73_3:94310212..94310378	16.129	.
B73_chr3	94405681	94417897	LTRRT_15688	B73_chr3	94406987	94407226	meth_B73.ref_B73_3:94406987..94407226	0	.
B73_chr3	94957019	94972036	LTRRT_15701	B73_chr3	94958878	94959191	meth_B73.ref_B73_3:94958878..94959191	12.5	.
B73_chr3	94957019	94972036	LTRRT_15701	B73_chr3	94969547	94969735	meth_B73.ref_B73_3:94969547..94969735	18.8679	.
B73_chr3	95092491	95107450	LTRRT_15702	B73_chr3	95094527	95094682	meth_B73.ref_B73_3:95094527..95094682	13.7255	.
B73_chr3	96887277	96898825	LTRRT_15746	B73_chr3	96887715	96889109	meth_B73.ref_B73_3:96887715..96889109	1.72065	.
B73_chr3	96887277	96898825	LTRRT_15746	B73_chr3	96889628	96889842	meth_B73.ref_B73_3:96889628..96889842	0	.
B73_chr3	96887277	96898825	LTRRT_15746	B73_chr3	96895253	96896618	meth_B73.ref_B73_3:96895253..96896618	1.83908	.
B73_chr3	96887277	96898825	LTRRT_15746	B73_chr3	96894579	96895008	meth_B73.ref_B73_3:96894579..96895008	0	.
B73_chr3	97093267	97104486	LTRRT_15754	B73_chr3	97093811	97094760	meth_B73.ref_B73_3:97093811..97094760	0.502513	.
B73_chr3	97093267	97104486	LTRRT_15754	B73_chr3	97101187	97101340	meth_B73.ref_B73_3:97101187..97101340	0	.
B73_chr3	97093267	97104486	LTRRT_15754	B73_chr3	97101590	97101980	meth_B73.ref_B73_3:97101590..97101980	0.680272	.
B73_chr3	97106100	97118263	LTRRT_15755	B73_chr3	97106862	97107036	meth_B73.ref_B73_3:97106862..97107036	12.8205	.
B73_chr3	97380705	97386002	LTRRT_15763	B73_chr3	97381008	97382574	meth_B73.ref_B73_3:97381008..97382574	8.41813	.
B73_chr3	99296041	99311606	LTRRT_15805	B73_chr3	99297908	99298082	meth_B73.ref_B73_3:99297908..99298082	10.3774	.
B73_chr3	99296041	99311606	LTRRT_15805	B73_chr3	99308637	99308866	meth_B73.ref_B73_3:99308637..99308866	18.8679	.
B73_chr3	100475718	100489615	LTRRT_15838	B73_chr3	100478764	100479435	meth_B73.ref_B73_3:100478764..100479435	7.74648	.
B73_chr3	100475718	100489615	LTRRT_15838	B73_chr3	100486551	100487397	meth_B73.ref_B73_3:100486551..100487397	5.62249	.
B73_chr3	100519834	100525815	LTRRT_15839	B73_chr3	100519200	100519897	meth_B73.ref_B73_3:100519200..100519897	2.75862	.
B73_chr3	100519834	100525815	LTRRT_15839	B73_chr3	100519981	100520179	meth_B73.ref_B73_3:100519981..100520179	18.3761	.
B73_chr3	100652911	100666955	LTRRT_15844	B73_chr3	100655850	100657177	meth_B73.ref_B73_3:100655850..100657177	7.91993	.
B73_chr3	100652911	100666955	LTRRT_15844	B73_chr3	100663641	100665310	meth_B73.ref_B73_3:100663641..100665310	7.40402	.
B73_chr3	101149417	101162583	LTRRT_15855	B73_chr3	101161597	101161815	meth_B73.ref_B73_3:101161597..101161815	12.3288	.
B73_chr3	101844441	101859834	LTRRT_15873	B73_chr3	101856856	101857119	meth_B73.ref_B73_3:101856856..101857119	13.8889	.
B73_chr3	103166214	103180327	LTRRT_15909	B73_chr3	103177465	103178453	meth_B73.ref_B73_3:103177465..103178453	7.46269	.
B73_chr3	103166214	103180327	LTRRT_15909	B73_chr3	103169574	103170562	meth_B73.ref_B73_3:103169574..103170562	9.16179	.
B73_chr3	104514575	104528578	LTRRT_15940	B73_chr3	104517858	104518694	meth_B73.ref_B73_3:104517858..104518694	17.0388	.
B73_chr3	104514575	104528578	LTRRT_15940	B73_chr3	104525589	104526359	meth_B73.ref_B73_3:104525589..104526359	10.5991	.
B73_chr3	104514575	104528578	LTRRT_15940	B73_chr3	104526379	104526551	meth_B73.ref_B73_3:104526379..104526551	0	.
B73_chr3	104697885	104704787	LTRRT_15945	B73_chr3	104699302	104699739	meth_B73.ref_B73_3:104699302..104699739	14.3382	.
B73_chr3	104697885	104704787	LTRRT_15945	B73_chr3	104703583	104704191	meth_B73.ref_B73_3:104703583..104704191	11.3095	.
B73_chr3	105039164	105044294	LTRRT_15952	B73_chr3	105039447	105039761	meth_B73.ref_B73_3:105039447..105039761	16.2304	.
B73_chr3	105135010	105144209	LTRRT_15955	B73_chr3	105142724	105143794	meth_B73.ref_B73_3:105142724..105143794	5.19878	.
B73_chr3	105135010	105144209	LTRRT_15955	B73_chr3	105136047	105137000	meth_B73.ref_B73_3:105136047..105137000	5.09383	.
B73_chr3	105415148	105422344	LTRRT_15962	B73_chr3	105422278	105423366	meth_B73.ref_B73_3:105422278..105423366	1.35747	.
B73_chr3	105441784	105449490	LTRRT_15963	B73_chr3	105440728	105441815	meth_B73.ref_B73_3:105440728..105441815	2.31144	.
B73_chr3	106638307	106651803	LTRRT_15986	B73_chr3	106640730	106641327	meth_B73.ref_B73_3:106640730..106641327	14.9083	.
B73_chr3	106638307	106651803	LTRRT_15986	B73_chr3	106641760	106641912	meth_B73.ref_B73_3:106641760..106641912	15.625	.
B73_chr3	106638307	106651803	LTRRT_15986	B73_chr3	106648421	106648914	meth_B73.ref_B73_3:106648421..106648914	16.5957	.
B73_chr3	106638307	106651803	LTRRT_15986	B73_chr3	106649344	106649553	meth_B73.ref_B73_3:106649344..106649553	12.1951	.
B73_chr3	107433901	107441430	LTRRT_16005	B73_chr3	107437448	107438272	meth_B73.ref_B73_3:107437448..107438272	0.224215	.
B73_chr3	107841728	107855862	LTRRT_16010	B73_chr3	107845542	107845712	meth_B73.ref_B73_3:107845542..107845712	10	.
B73_chr3	107921782	107933542	LTRRT_16012	B73_chr3	107932672	107932834	meth_B73.ref_B73_3:107932672..107932834	3.7037	.
B73_chr3	109186708	109195830	LTRRT_16039	B73_chr3	109187217	109188192	meth_B73.ref_B73_3:109187217..109188192	6.01093	.
B73_chr3	109186708	109195830	LTRRT_16039	B73_chr3	109193853	109194824	meth_B73.ref_B73_3:109193853..109194824	7.01262	.
B73_chr3	109291294	109301083	LTRRT_16042	B73_chr3	109299831	109300828	meth_B73.ref_B73_3:109299831..109300828	0.990099	.
B73_chr3	109703087	109717388	LTRRT_16051	B73_chr3	109707498	109708246	meth_B73.ref_B73_3:109707498..109708246	15.2367	.
B73_chr3	109703087	109717388	LTRRT_16051	B73_chr3	109711806	109712411	meth_B73.ref_B73_3:109711806..109712411	7.89474	.
B73_chr3	109753362	109768920	LTRRT_16054	B73_chr3	109766100	109766274	meth_B73.ref_B73_3:109766100..109766274	5.50459	.
B73_chr3	109945923	109952830	LTRRT_16058	B73_chr3	109946397	109947090	meth_B73.ref_B73_3:109946397..109947090	9.95406	.
B73_chr3	109945923	109952830	LTRRT_16058	B73_chr3	109950582	109951284	meth_B73.ref_B73_3:109950582..109951284	7.29167	.
B73_chr3	110160525	110167372	LTRRT_16061	B73_chr3	110160960	110161263	meth_B73.ref_B73_3:110160960..110161263	15.9509	.
B73_chr3	110160525	110167372	LTRRT_16061	B73_chr3	110165697	110165855	meth_B73.ref_B73_3:110165697..110165855	10.8434	.
B73_chr3	110239758	110245926	LTRRT_16063	B73_chr3	110245892	110247785	meth_B73.ref_B73_3:110245892..110247785	1.41975	.
B73_chr3	110950312	110961157	LTRRT_16075	B73_chr3	110953112	110954118	meth_B73.ref_B73_3:110953112..110954118	2.77778	.
B73_chr3	111734210	111745841	LTRRT_16096	B73_chr3	111736752	111737210	meth_B73.ref_B73_3:111736752..111737210	3.62694	.
B73_chr3	111734210	111745841	LTRRT_16096	B73_chr3	111737304	111737898	meth_B73.ref_B73_3:111737304..111737898	0.914634	.
B73_chr3	111734210	111745841	LTRRT_16096	B73_chr3	111744252	111744607	meth_B73.ref_B73_3:111744252..111744607	2.13904	.
B73_chr3	111734210	111745841	LTRRT_16096	B73_chr3	111744732	111745355	meth_B73.ref_B73_3:111744732..111745355	1.23457	.
B73_chr3	112350170	112362748	LTRRT_16109	B73_chr3	112356108	112358602	meth_B73.ref_B73_3:112356108..112358602	1.81499	.
B73_chr3	114596841	114604897	LTRRT_16162	B73_chr3	114598628	114599396	meth_B73.ref_B73_3:114598628..114599396	0.348837	.
B73_chr3	115028403	115037773	LTRRT_16168	B73_chr3	115029378	115030172	meth_B73.ref_B73_3:115029378..115030172	5.8309	.
B73_chr3	115028403	115037773	LTRRT_16168	B73_chr3	115036470	115037339	meth_B73.ref_B73_3:115036470..115037339	3.96226	.
B73_chr3	115871213	115878064	LTRRT_16191	B73_chr3	115871517	115871826	meth_B73.ref_B73_3:115871517..115871826	9.54357	.
B73_chr3	115871213	115878064	LTRRT_16191	B73_chr3	115876612	115877000	meth_B73.ref_B73_3:115876612..115877000	11.1111	.
B73_chr3	116110714	116117540	LTRRT_16200	B73_chr3	116115913	116116069	meth_B73.ref_B73_3:116115913..116116069	6.75676	.
B73_chr3	116144853	116161587	LTRRT_16203	B73_chr3	116161164	116161334	meth_B73.ref_B73_3:116161164..116161334	8.69565	.
B73_chr3	117163296	117174728	LTRRT_16231	B73_chr3	117174690	117178093	meth_B73.ref_B73_3:117174690..117178093	0.390273	.
B73_chr3	117296061	117311587	LTRRT_16232	B73_chr3	117309510	117309716	meth_B73.ref_B73_3:117309510..117309716	7.79221	.
B73_chr3	119842161	119847999	LTRRT_16294	B73_chr3	119842639	119843154	meth_B73.ref_B73_3:119842639..119843154	1.46699	.
B73_chr3	120187918	120201727	LTRRT_16302	B73_chr3	120190217	120190683	meth_B73.ref_B73_3:120190217..120190683	9.30233	.
B73_chr3	120187918	120201727	LTRRT_16302	B73_chr3	120190749	120192131	meth_B73.ref_B73_3:120190749..120192131	5.88235	.
B73_chr3	120187918	120201727	LTRRT_16302	B73_chr3	120197955	120199891	meth_B73.ref_B73_3:120197955..120199891	6.55022	.
B73_chr3	121063150	121073040	LTRRT_16324	B73_chr3	121064221	121065100	meth_B73.ref_B73_3:121064221..121065100	3.60169	.
B73_chr3	121063150	121073040	LTRRT_16324	B73_chr3	121071760	121072573	meth_B73.ref_B73_3:121071760..121072573	5.19263	.
B73_chr3	121233409	121248381	LTRRT_16330	B73_chr3	121235246	121235486	meth_B73.ref_B73_3:121235246..121235486	6.91824	.
B73_chr3	121651967	121657201	LTRRT_16342	B73_chr3	121650281	121652152	meth_B73.ref_B73_3:121650281..121652152	2.74896	.
B73_chr3	121732841	121739662	LTRRT_16344	B73_chr3	121733626	121733889	meth_B73.ref_B73_3:121733626..121733889	5.26316	.
B73_chr3	121732841	121739662	LTRRT_16344	B73_chr3	121738074	121738334	meth_B73.ref_B73_3:121738074..121738334	14.2857	.
B73_chr3	122206420	122221818	LTRRT_16357	B73_chr3	122207328	122207594	meth_B73.ref_B73_3:122207328..122207594	6.38298	.
B73_chr3	122206420	122221818	LTRRT_16357	B73_chr3	122219863	122220037	meth_B73.ref_B73_3:122219863..122220037	13.1387	.
B73_chr3	122457108	122460303	LTRRT_16363	B73_chr3	122456521	122457128	meth_B73.ref_B73_3:122456521..122457128	0.875274	.
B73_chr3	122457108	122460303	LTRRT_16363	B73_chr3	122457441	122459460	meth_B73.ref_B73_3:122457441..122459460	3.18213	.
B73_chr3	122457108	122460303	LTRRT_16363	B73_chr3	122460268	122461401	meth_B73.ref_B73_3:122460268..122461401	0.499002	.
B73_chr3	122754697	122770226	LTRRT_16371	B73_chr3	122767423	122767585	meth_B73.ref_B73_3:122767423..122767585	5.76923	.
B73_chr3	122783457	122795158	LTRRT_16372	B73_chr3	122785707	122787376	meth_B73.ref_B73_3:122785707..122787376	1.2205	.
B73_chr3	122888593	122895533	LTRRT_16374	B73_chr3	122890359	122890695	meth_B73.ref_B73_3:122890359..122890695	9.50704	.
B73_chr3	122888593	122895533	LTRRT_16374	B73_chr3	122894503	122895038	meth_B73.ref_B73_3:122894503..122895038	3.26633	.
B73_chr3	124842071	124843952	LTRRT_16421	B73_chr3	124838405	124842135	meth_B73.ref_B73_3:124838405..124842135	2.25785	.
B73_chr3	124928027	124936768	LTRRT_16424	B73_chr3	124933606	124934748	meth_B73.ref_B73_3:124933606..124934748	11.0803	.
B73_chr3	125563624	125578324	LTRRT_16441	B73_chr3	125567158	125567702	meth_B73.ref_B73_3:125567158..125567702	17.3913	.
B73_chr3	125563624	125578324	LTRRT_16441	B73_chr3	125575378	125575925	meth_B73.ref_B73_3:125575378..125575925	12.0219	.
B73_chr3	125855856	125870852	LTRRT_16449	B73_chr3	125867301	125867452	meth_B73.ref_B73_3:125867301..125867452	2.94118	.
B73_chr3	125855856	125870852	LTRRT_16449	B73_chr3	125868519	125868694	meth_B73.ref_B73_3:125868519..125868694	13.8889	.
B73_chr3	125993825	126011578	LTRRT_16454	B73_chr3	125996476	125997884	meth_B73.ref_B73_3:125996476..125997884	0.328947	.
B73_chr3	125993825	126011578	LTRRT_16454	B73_chr3	126000563	126000726	meth_B73.ref_B73_3:126000563..126000726	9.09091	.
B73_chr3	125993825	126011578	LTRRT_16454	B73_chr3	126010004	126011412	meth_B73.ref_B73_3:126010004..126011412	0.314795	.
B73_chr3	126391414	126409598	LTRRT_16460	B73_chr3	126408399	126408730	meth_B73.ref_B73_3:126408399..126408730	12.766	.
B73_chr3	126391414	126409598	LTRRT_16460	B73_chr3	126408948	126409230	meth_B73.ref_B73_3:126408948..126409230	7.69231	.
B73_chr3	126414669	126430251	LTRRT_16462	B73_chr3	126428205	126428379	meth_B73.ref_B73_3:126428205..126428379	6.42857	.
B73_chr3	126652172	126658245	LTRRT_16466	B73_chr3	126657088	126657844	meth_B73.ref_B73_3:126657088..126657844	1.39535	.
B73_chr3	126683446	126696120	LTRRT_16467	B73_chr3	126693557	126693724	meth_B73.ref_B73_3:126693557..126693724	0	.
B73_chr3	127989923	127996829	LTRRT_16497	B73_chr3	127995651	127996566	meth_B73.ref_B73_3:127995651..127996566	7.66917	.
B73_chr3	127989923	127996829	LTRRT_16497	B73_chr3	127991300	127992123	meth_B73.ref_B73_3:127991300..127992123	5.54371	.
B73_chr3	128255762	128262780	LTRRT_16508	B73_chr3	128257184	128257663	meth_B73.ref_B73_3:128257184..128257663	8.13953	.
B73_chr3	128379586	128394997	LTRRT_16512	B73_chr3	128381368	128381542	meth_B73.ref_B73_3:128381368..128381542	10.8696	.
B73_chr3	129012768	129022018	LTRRT_16523	B73_chr3	129021942	129022612	meth_B73.ref_B73_3:129021942..129022612	3.76106	.
B73_chr3	129813573	129829777	LTRRT_16540	B73_chr3	129814581	129814937	meth_B73.ref_B73_3:129814581..129814937	6.47249	.
B73_chr3	129813573	129829777	LTRRT_16540	B73_chr3	129829164	129829415	meth_B73.ref_B73_3:129829164..129829415	12.9555	.
B73_chr3	129883603	129906510	LTRRT_16543	B73_chr3	129903687	129903860	meth_B73.ref_B73_3:129903687..129903860	14.7541	.
B73_chr3	130157361	130166690	LTRRT_16552	B73_chr3	130156597	130157383	meth_B73.ref_B73_3:130156597..130157383	0.744681	.
B73_chr3	130364578	130373855	LTRRT_16556	B73_chr3	130364032	130364621	meth_B73.ref_B73_3:130364032..130364621	2.04778	.
B73_chr3	130546350	130552462	LTRRT_16561	B73_chr3	130551453	130551960	meth_B73.ref_B73_3:130551453..130551960	1.96429	.
B73_chr3	130546350	130552462	LTRRT_16561	B73_chr3	130552424	130560558	meth_B73.ref_B73_3:130552424..130560558	0.441899	.
B73_chr3	130747840	130754686	LTRRT_16563	B73_chr3	130749610	130749918	meth_B73.ref_B73_3:130749610..130749918	2.38095	.
B73_chr3	130747840	130754686	LTRRT_16563	B73_chr3	130753630	130754292	meth_B73.ref_B73_3:130753630..130754292	3.01724	.
B73_chr3	130921193	130930436	LTRRT_16566	B73_chr3	130930151	130930369	meth_B73.ref_B73_3:130930151..130930369	10.7143	.
B73_chr3	130987648	130996666	LTRRT_16568	B73_chr3	130995780	130995959	meth_B73.ref_B73_3:130995780..130995959	13.7255	.
B73_chr3	131360459	131369552	LTRRT_16575	B73_chr3	131363164	131363395	meth_B73.ref_B73_3:131363164..131363395	19.7183	.
B73_chr3	131429388	131438947	LTRRT_16577	B73_chr3	131430496	131431340	meth_B73.ref_B73_3:131430496..131431340	5.04065	.
B73_chr3	131429388	131438947	LTRRT_16577	B73_chr3	131437538	131438346	meth_B73.ref_B73_3:131437538..131438346	6.74374	.
B73_chr3	131649693	131658877	LTRRT_16582	B73_chr3	131650200	131650961	meth_B73.ref_B73_3:131650200..131650961	6.81319	.
B73_chr3	131649693	131658877	LTRRT_16582	B73_chr3	131656962	131657667	meth_B73.ref_B73_3:131656962..131657667	8.70488	.
B73_chr3	132823742	132832879	LTRRT_16607	B73_chr3	132830809	132831844	meth_B73.ref_B73_3:132830809..132831844	3.11573	.
B73_chr3	132823742	132832879	LTRRT_16607	B73_chr3	132824290	132825262	meth_B73.ref_B73_3:132824290..132825262	2.31214	.
B73_chr3	133359260	133374800	LTRRT_16620	B73_chr3	133361718	133361908	meth_B73.ref_B73_3:133361718..133361908	13.7255	.
B73_chr3	133609460	133619275	LTRRT_16624	B73_chr3	133609970	133610756	meth_B73.ref_B73_3:133609970..133610756	2.97203	.
B73_chr3	133609460	133619275	LTRRT_16624	B73_chr3	133617412	133618098	meth_B73.ref_B73_3:133617412..133618098	4.66418	.
B73_chr3	134596101	134605311	LTRRT_16646	B73_chr3	134597100	134597844	meth_B73.ref_B73_3:134597100..134597844	6.78571	.
B73_chr3	134596101	134605311	LTRRT_16646	B73_chr3	134604100	134604879	meth_B73.ref_B73_3:134604100..134604879	9.03427	.
B73_chr3	134610090	134619216	LTRRT_16647	B73_chr3	134611194	134612171	meth_B73.ref_B73_3:134611194..134612171	4.12758	.
B73_chr3	134610090	134619216	LTRRT_16647	B73_chr3	134617868	134618679	meth_B73.ref_B73_3:134617868..134618679	5.68928	.
B73_chr3	134760930	134775943	LTRRT_16650	B73_chr3	134763248	134763445	meth_B73.ref_B73_3:134763248..134763445	9.375	.
B73_chr3	136156236	136171646	LTRRT_16689	B73_chr3	136157840	136158099	meth_B73.ref_B73_3:136157840..136158099	12.5	.
B73_chr3	136356497	136368024	LTRRT_16694	B73_chr3	136365368	136365627	meth_B73.ref_B73_3:136365368..136365627	15.5172	.
B73_chr3	136711614	136722759	LTRRT_16701	B73_chr3	136719084	136722638	meth_B73.ref_B73_3:136719084..136722638	1.58053	.
B73_chr3	136913464	136918861	LTRRT_16708	B73_chr3	136908753	136913541	meth_B73.ref_B73_3:136908753..136913541	0.939261	.
B73_chr3	137037407	137041946	LTRRT_16711	B73_chr3	137039599	137041279	meth_B73.ref_B73_3:137039599..137041279	2.48139	.
B73_chr3	137589735	137599508	LTRRT_16729	B73_chr3	137590247	137590910	meth_B73.ref_B73_3:137590247..137590910	0.361011	.
B73_chr3	137589735	137599508	LTRRT_16729	B73_chr3	137597657	137598045	meth_B73.ref_B73_3:137597657..137598045	0	.
B73_chr3	138424613	138433747	LTRRT_16750	B73_chr3	138425116	138426070	meth_B73.ref_B73_3:138425116..138426070	4.83425	.
B73_chr3	138424613	138433747	LTRRT_16750	B73_chr3	138431762	138432743	meth_B73.ref_B73_3:138431762..138432743	7.92952	.
B73_chr3	138447976	138458043	LTRRT_16751	B73_chr3	138450390	138450574	meth_B73.ref_B73_3:138450390..138450574	17.7778	.
B73_chr3	139478433	139497077	LTRRT_16781	B73_chr3	139479277	139480157	meth_B73.ref_B73_3:139479277..139480157	0.438596	.
B73_chr3	139478433	139497077	LTRRT_16781	B73_chr3	139484931	139486645	meth_B73.ref_B73_3:139484931..139486645	0.101833	.
B73_chr3	139478433	139497077	LTRRT_16781	B73_chr3	139489676	139491451	meth_B73.ref_B73_3:139489676..139491451	0	.
B73_chr3	139478433	139497077	LTRRT_16781	B73_chr3	139494149	139494901	meth_B73.ref_B73_3:139494149..139494901	0.170358	.
B73_chr3	139641522	139655591	LTRRT_16789	B73_chr3	139647721	139647872	meth_B73.ref_B73_3:139647721..139647872	20.5128	.
B73_chr3	139949428	139954659	LTRRT_16799	B73_chr3	139947262	139950657	meth_B73.ref_B73_3:139947262..139950657	1.64225	.
B73_chr3	139979045	139994026	LTRRT_16802	B73_chr3	139977846	139979056	meth_B73.ref_B73_3:139977846..139979056	1.74564	.
B73_chr3	140131644	140138552	LTRRT_16807	B73_chr3	140133198	140133608	meth_B73.ref_B73_3:140133198..140133608	8.10811	.
B73_chr3	140131644	140138552	LTRRT_16807	B73_chr3	140137518	140137879	meth_B73.ref_B73_3:140137518..140137879	7.66423	.
B73_chr3	140615759	140622629	LTRRT_16821	B73_chr3	140616205	140616772	meth_B73.ref_B73_3:140616205..140616772	3.37621	.
B73_chr3	140615759	140622629	LTRRT_16821	B73_chr3	140620518	140621075	meth_B73.ref_B73_3:140620518..140621075	3.33333	.
B73_chr3	140917506	140932260	LTRRT_16833	B73_chr3	140920654	140923435	meth_B73.ref_B73_3:140920654..140923435	0.907372	.
B73_chr3	141577974	141593373	LTRRT_16850	B73_chr3	141580627	141580801	meth_B73.ref_B73_3:141580627..141580801	6.16438	.
B73_chr3	141577974	141593373	LTRRT_16850	B73_chr3	141591234	141591583	meth_B73.ref_B73_3:141591234..141591583	6.89655	.
B73_chr3	141717633	141731887	LTRRT_16856	B73_chr3	141716746	141717655	meth_B73.ref_B73_3:141716746..141717655	0.228311	.
B73_chr3	141870196	141878422	LTRRT_16859	B73_chr3	141875446	141877068	meth_B73.ref_B73_3:141875446..141877068	1.60085	.
B73_chr3	142622606	142628259	LTRRT_16880	B73_chr3	142623681	142628055	meth_B73.ref_B73_3:142623681..142628055	2.66143	.
B73_chr3	142686794	142701765	LTRRT_16882	B73_chr3	142688648	142688961	meth_B73.ref_B73_3:142688648..142688961	15.2174	.
B73_chr3	142686794	142701765	LTRRT_16882	B73_chr3	142699290	142699575	meth_B73.ref_B73_3:142699290..142699575	5.26316	.
B73_chr3	143381025	143394361	LTRRT_16902	B73_chr3	143383132	143383982	meth_B73.ref_B73_3:143383132..143383982	15.4639	.
B73_chr3	143381025	143394361	LTRRT_16902	B73_chr3	143390545	143391586	meth_B73.ref_B73_3:143390545..143391586	14.4479	.
B73_chr3	143939244	143946318	LTRRT_16920	B73_chr3	143940741	143941183	meth_B73.ref_B73_3:143940741..143941183	7.29167	.
B73_chr3	143939244	143946318	LTRRT_16920	B73_chr3	143945198	143945451	meth_B73.ref_B73_3:143945198..143945451	1.44928	.
B73_chr3	145316411	145326039	LTRRT_16956	B73_chr3	145318104	145318986	meth_B73.ref_B73_3:145318104..145318986	3.35821	.
B73_chr3	145316411	145326039	LTRRT_16956	B73_chr3	145324640	145325445	meth_B73.ref_B73_3:145324640..145325445	4.33839	.
B73_chr3	145809983	145812979	LTRRT_16969	B73_chr3	145806062	145810363	meth_B73.ref_B73_3:145806062..145810363	0.687173	.
B73_chr3	145809983	145812979	LTRRT_16969	B73_chr3	145812683	145820344	meth_B73.ref_B73_3:145812683..145820344	1.12867	.
B73_chr3	146362593	146378165	LTRRT_16981	B73_chr3	146364311	146364567	meth_B73.ref_B73_3:146364311..146364567	8.91089	.
B73_chr3	146362593	146378165	LTRRT_16981	B73_chr3	146375197	146375520	meth_B73.ref_B73_3:146375197..146375520	3.81679	.
B73_chr3	146854567	146864471	LTRRT_16996	B73_chr3	146855885	146856558	meth_B73.ref_B73_3:146855885..146856558	3.14136	.
B73_chr3	146854567	146864471	LTRRT_16996	B73_chr3	146863210	146864158	meth_B73.ref_B73_3:146863210..146864158	1.38889	.
B73_chr3	147326687	147334506	LTRRT_17009	B73_chr3	147328438	147328663	meth_B73.ref_B73_3:147328438..147328663	0	.
B73_chr3	147964029	147969305	LTRRT_17027	B73_chr3	147969297	147972225	meth_B73.ref_B73_3:147969297..147972225	0.273011	.
B73_chr3	148048664	148064061	LTRRT_17029	B73_chr3	148050440	148050614	meth_B73.ref_B73_3:148050440..148050614	11.5646	.
B73_chr3	148048664	148064061	LTRRT_17029	B73_chr3	148061235	148061409	meth_B73.ref_B73_3:148061235..148061409	8.18182	.
B73_chr3	148930630	148940031	LTRRT_17054	B73_chr3	148939994	148940765	meth_B73.ref_B73_3:148939994..148940765	0.520833	.
B73_chr3	149894905	149906070	LTRRT_17078	B73_chr3	149903914	149904079	meth_B73.ref_B73_3:149903914..149904079	0	.
B73_chr3	149960107	149967942	LTRRT_17080	B73_chr3	149967176	149967401	meth_B73.ref_B73_3:149967176..149967401	18.9944	.
B73_chr3	151653929	151663298	LTRRT_17116	B73_chr3	151655037	151655693	meth_B73.ref_B73_3:151655037..151655693	2.75	.
B73_chr3	151653929	151663298	LTRRT_17116	B73_chr3	151661994	151662862	meth_B73.ref_B73_3:151661994..151662862	3.04054	.
B73_chr3	152204978	152214965	LTRRT_17129	B73_chr3	152206960	152207130	meth_B73.ref_B73_3:152206960..152207130	16.129	.
B73_chr3	152415015	152422029	LTRRT_17130	B73_chr3	152416442	152417140	meth_B73.ref_B73_3:152416442..152417140	16.079	.
B73_chr3	152415015	152422029	LTRRT_17130	B73_chr3	152420815	152421638	meth_B73.ref_B73_3:152420815..152421638	6.67939	.
B73_chr3	152740243	152747169	LTRRT_17135	B73_chr3	152741358	152741608	meth_B73.ref_B73_3:152741358..152741608	8.51064	.
B73_chr3	152740243	152747169	LTRRT_17135	B73_chr3	152746487	152746866	meth_B73.ref_B73_3:152746487..152746866	8.90411	.
B73_chr3	152839595	152849551	LTRRT_17138	B73_chr3	152846460	152846617	meth_B73.ref_B73_3:152846460..152846617	8.16327	.
B73_chr3	153048539	153062413	LTRRT_17144	B73_chr3	153050563	153051484	meth_B73.ref_B73_3:153050563..153051484	7.97688	.
B73_chr3	153048539	153062413	LTRRT_17144	B73_chr3	153051597	153051800	meth_B73.ref_B73_3:153051597..153051800	8.97436	.
B73_chr3	153048539	153062413	LTRRT_17144	B73_chr3	153060027	153060245	meth_B73.ref_B73_3:153060027..153060245	10	.
B73_chr3	153048539	153062413	LTRRT_17144	B73_chr3	153058355	153059592	meth_B73.ref_B73_3:153058355..153059592	6.5641	.
B73_chr3	153205734	153221124	LTRRT_17147	B73_chr3	153208437	153208707	meth_B73.ref_B73_3:153208437..153208707	6.66667	.
B73_chr3	153205734	153221124	LTRRT_17147	B73_chr3	153219264	153219504	meth_B73.ref_B73_3:153219264..153219504	11.1111	.
B73_chr3	153570483	153584466	LTRRT_17155	B73_chr3	153571928	153572097	meth_B73.ref_B73_3:153571928..153572097	10.9589	.
B73_chr3	153570483	153584466	LTRRT_17155	B73_chr3	153573630	153573808	meth_B73.ref_B73_3:153573630..153573808	13.0435	.
B73_chr3	153570483	153584466	LTRRT_17155	B73_chr3	153574050	153574276	meth_B73.ref_B73_3:153574050..153574276	15.1724	.
B73_chr3	153570483	153584466	LTRRT_17155	B73_chr3	153581489	153582287	meth_B73.ref_B73_3:153581489..153582287	16.1538	.
B73_chr3	153608208	153631719	LTRRT_17156	B73_chr3	153610138	153610376	meth_B73.ref_B73_3:153610138..153610376	19.7802	.
B73_chr3	153608208	153631719	LTRRT_17156	B73_chr3	153630669	153630832	meth_B73.ref_B73_3:153630669..153630832	16.9811	.
B73_chr3	153990103	154005129	LTRRT_17165	B73_chr3	153992137	153992619	meth_B73.ref_B73_3:153992137..153992619	3.44828	.
B73_chr3	154842815	154858397	LTRRT_17190	B73_chr3	154844536	154844859	meth_B73.ref_B73_3:154844536..154844859	11.5854	.
B73_chr3	154842815	154858397	LTRRT_17190	B73_chr3	154855576	154855750	meth_B73.ref_B73_3:154855576..154855750	5.33333	.
B73_chr3	154897387	154900921	LTRRT_17192	B73_chr3	154896557	154897572	meth_B73.ref_B73_3:154896557..154897572	3.43249	.
B73_chr3	154897387	154900921	LTRRT_17192	B73_chr3	154898756	154901286	meth_B73.ref_B73_3:154898756..154901286	2.32068	.
B73_chr3	155636123	155642321	LTRRT_17212	B73_chr3	155642287	155642819	meth_B73.ref_B73_3:155642287..155642819	1.6	.
B73_chr3	157393220	157399408	LTRRT_17248	B73_chr3	157398066	157398937	meth_B73.ref_B73_3:157398066..157398937	3.28068	.
B73_chr3	157687329	157697705	LTRRT_17252	B73_chr3	157685543	157687469	meth_B73.ref_B73_3:157685543..157687469	1.89542	.
B73_chr3	159337242	159348639	LTRRT_17296	B73_chr3	159336834	159337288	meth_B73.ref_B73_3:159336834..159337288	3.9801	.
B73_chr3	159390926	159400101	LTRRT_17297	B73_chr3	159391326	159392227	meth_B73.ref_B73_3:159391326..159392227	4.5	.
B73_chr3	159390926	159400101	LTRRT_17297	B73_chr3	159398155	159399157	meth_B73.ref_B73_3:159398155..159399157	3.25203	.
B73_chr3	159604863	159617477	LTRRT_17299	B73_chr3	159605571	159606063	meth_B73.ref_B73_3:159605571..159606063	0.8	.
B73_chr3	159604863	159617477	LTRRT_17299	B73_chr3	159613964	159614439	meth_B73.ref_B73_3:159613964..159614439	0	.
B73_chr3	161352336	161367303	LTRRT_17343	B73_chr3	161365033	161365281	meth_B73.ref_B73_3:161365033..161365281	9.83607	.
B73_chr3	161799895	161808649	LTRRT_17356	B73_chr3	161800312	161801925	meth_B73.ref_B73_3:161800312..161801925	1.10254	.
B73_chr3	162233128	162243394	LTRRT_17363	B73_chr3	162234039	162234194	meth_B73.ref_B73_3:162234039..162234194	0	.
B73_chr3	163021724	163031049	LTRRT_17382	B73_chr3	163031000	163031609	meth_B73.ref_B73_3:163031000..163031609	2.2339	.
B73_chr3	163515297	163530693	LTRRT_17395	B73_chr3	163517078	163517250	meth_B73.ref_B73_3:163517078..163517250	15.5556	.
B73_chr3	163515297	163530693	LTRRT_17395	B73_chr3	163527866	163528040	meth_B73.ref_B73_3:163527866..163528040	6.34921	.
B73_chr3	164282866	164290162	LTRRT_17410	B73_chr3	164290160	164291555	meth_B73.ref_B73_3:164290160..164291555	1.75824	.
B73_chr3	164282866	164290162	LTRRT_17410	B73_chr3	164278557	164282868	meth_B73.ref_B73_3:164278557..164282868	0.913915	.
B73_chr3	166671035	166686431	LTRRT_17447	B73_chr3	166684480	166684654	meth_B73.ref_B73_3:166684480..166684654	19.5122	.
B73_chr3	166702664	166716208	LTRRT_17449	B73_chr3	166705504	166705858	meth_B73.ref_B73_3:166705504..166705858	14.0127	.
B73_chr3	166702664	166716208	LTRRT_17449	B73_chr3	166706071	166706920	meth_B73.ref_B73_3:166706071..166706920	7.14286	.
B73_chr3	166702664	166716208	LTRRT_17449	B73_chr3	166712979	166713536	meth_B73.ref_B73_3:166712979..166713536	12	.
B73_chr3	166702664	166716208	LTRRT_17449	B73_chr3	166713900	166714538	meth_B73.ref_B73_3:166713900..166714538	0.436681	.
B73_chr3	166702664	166716208	LTRRT_17449	B73_chr3	166715190	166715441	meth_B73.ref_B73_3:166715190..166715441	12.6866	.
B73_chr3	167514424	167530012	LTRRT_17472	B73_chr3	167517071	167517396	meth_B73.ref_B73_3:167517071..167517396	10.3448	.
B73_chr3	167514424	167530012	LTRRT_17472	B73_chr3	167527970	167528144	meth_B73.ref_B73_3:167527970..167528144	14.2857	.
B73_chr3	167774281	167784105	LTRRT_17475	B73_chr3	167774787	167775576	meth_B73.ref_B73_3:167774787..167775576	4.94505	.
B73_chr3	167774281	167784105	LTRRT_17475	B73_chr3	167782224	167782972	meth_B73.ref_B73_3:167782224..167782972	8.40108	.
B73_chr3	168049126	168058555	LTRRT_17481	B73_chr3	168057229	168057394	meth_B73.ref_B73_3:168057229..168057394	15	.
B73_chr3	168840494	168855824	LTRRT_17503	B73_chr3	168843010	168843321	meth_B73.ref_B73_3:168843010..168843321	6.71642	.
B73_chr3	168840494	168855824	LTRRT_17503	B73_chr3	168853938	168854205	meth_B73.ref_B73_3:168853938..168854205	6.57895	.
B73_chr3	169930500	169937325	LTRRT_17534	B73_chr3	169931126	169931675	meth_B73.ref_B73_3:169931126..169931675	4.46927	.
B73_chr3	169930500	169937325	LTRRT_17534	B73_chr3	169935289	169935828	meth_B73.ref_B73_3:169935289..169935828	1.77515	.
B73_chr3	170580650	170587601	LTRRT_17553	B73_chr3	170581774	170581983	meth_B73.ref_B73_3:170581774..170581983	8.16327	.
B73_chr3	170580650	170587601	LTRRT_17553	B73_chr3	170586986	170587298	meth_B73.ref_B73_3:170586986..170587298	3.57143	.
B73_chr3	171107646	171115802	LTRRT_17566	B73_chr3	171115800	171122509	meth_B73.ref_B73_3:171115800..171122509	0.761314	.
B73_chr3	171145287	171150229	LTRRT_17569	B73_chr3	171146624	171146783	meth_B73.ref_B73_3:171146624..171146783	15.7895	.
B73_chr3	171801380	171810529	LTRRT_17579	B73_chr3	171808537	171809522	meth_B73.ref_B73_3:171808537..171809522	7.50988	.
B73_chr3	171801380	171810529	LTRRT_17579	B73_chr3	171801882	171802842	meth_B73.ref_B73_3:171801882..171802842	5.93325	.
B73_chr3	172149554	172159087	LTRRT_17586	B73_chr3	172150148	172150437	meth_B73.ref_B73_3:172150148..172150437	17.5676	.
B73_chr3	172218898	172228304	LTRRT_17588	B73_chr3	172223752	172223932	meth_B73.ref_B73_3:172223752..172223932	9.09091	.
B73_chr3	173757624	173773417	LTRRT_17629	B73_chr3	173766720	173767025	meth_B73.ref_B73_3:173766720..173767025	9.87654	.
B73_chr3	173757624	173773417	LTRRT_17629	B73_chr3	173767223	173767396	meth_B73.ref_B73_3:173767223..173767396	14.2857	.
B73_chr3	174036150	174047981	LTRRT_17638	B73_chr3	174045338	174045520	meth_B73.ref_B73_3:174045338..174045520	6.25	.
B73_chr3	174166473	174171233	LTRRT_17640	B73_chr3	174164853	174166559	meth_B73.ref_B73_3:174164853..174166559	1.74672	.
B73_chr3	174166473	174171233	LTRRT_17640	B73_chr3	174168887	174169727	meth_B73.ref_B73_3:174168887..174169727	3.79198	.
B73_chr3	174166473	174171233	LTRRT_17640	B73_chr3	174171196	174171417	meth_B73.ref_B73_3:174171196..174171417	10.2222	.
B73_chr3	175097827	175102896	LTRRT_17662	B73_chr3	175098460	175098655	meth_B73.ref_B73_3:175098460..175098655	18.1818	.
B73_chr3	175097827	175102896	LTRRT_17662	B73_chr3	175098751	175099578	meth_B73.ref_B73_3:175098751..175099578	4.01338	.
B73_chr3	175097827	175102896	LTRRT_17662	B73_chr3	175099637	175099844	meth_B73.ref_B73_3:175099637..175099844	4.49438	.
B73_chr3	175097827	175102896	LTRRT_17662	B73_chr3	175100396	175100916	meth_B73.ref_B73_3:175100396..175100916	8.92857	.
B73_chr3	175097827	175102896	LTRRT_17662	B73_chr3	175102607	175104747	meth_B73.ref_B73_3:175102607..175104747	0.807955	.
B73_chr3	175097827	175102896	LTRRT_17662	B73_chr3	175090951	175097986	meth_B73.ref_B73_3:175090951..175097986	0.868852	.
B73_chr3	175521311	175538157	LTRRT_17674	B73_chr3	175526187	175526396	meth_B73.ref_B73_3:175526187..175526396	13.8889	.
B73_chr3	177571697	177584174	LTRRT_17721	B73_chr3	177572698	177572928	meth_B73.ref_B73_3:177572698..177572928	5.71429	.
B73_chr3	177819151	177824327	LTRRT_17729	B73_chr3	177824300	177825095	meth_B73.ref_B73_3:177824300..177825095	3.90977	.
B73_chr3	178424785	178433780	LTRRT_17740	B73_chr3	178433304	178433480	meth_B73.ref_B73_3:178433304..178433480	10.5263	.
B73_chr3	179896522	179901484	LTRRT_17779	B73_chr3	179898749	179902167	meth_B73.ref_B73_3:179898749..179902167	0.964727	.
B73_chr3	180061528	180074172	LTRRT_17783	B73_chr3	180062141	180062328	meth_B73.ref_B73_3:180062141..180062328	18	.
B73_chr3	180638858	180650115	LTRRT_17799	B73_chr3	180643826	180644076	meth_B73.ref_B73_3:180643826..180644076	10.8696	.
B73_chr3	180952271	180966111	LTRRT_17807	B73_chr3	180955158	180955414	meth_B73.ref_B73_3:180955158..180955414	13.6	.
B73_chr3	180952271	180966111	LTRRT_17807	B73_chr3	180955592	180956532	meth_B73.ref_B73_3:180955592..180956532	3.82166	.
B73_chr3	180952271	180966111	LTRRT_17807	B73_chr3	180962866	180963023	meth_B73.ref_B73_3:180962866..180963023	4.7619	.
B73_chr3	180952271	180966111	LTRRT_17807	B73_chr3	180963650	180964128	meth_B73.ref_B73_3:180963650..180964128	4.6729	.
B73_chr3	181128223	181143823	LTRRT_17811	B73_chr3	181127221	181128271	meth_B73.ref_B73_3:181127221..181128271	4.43086	.
B73_chr3	181128223	181143823	LTRRT_17811	B73_chr3	181143209	181145288	meth_B73.ref_B73_3:181143209..181145288	1.71518	.
B73_chr3	182411233	182418060	LTRRT_17839	B73_chr3	182411758	182411971	meth_B73.ref_B73_3:182411758..182411971	17.6136	.
B73_chr3	182411233	182418060	LTRRT_17839	B73_chr3	182415941	182416688	meth_B73.ref_B73_3:182415941..182416688	15.5592	.
B73_chr3	182472654	182483708	LTRRT_17840	B73_chr3	182473605	182474110	meth_B73.ref_B73_3:182473605..182474110	4.13534	.
B73_chr3	182472654	182483708	LTRRT_17840	B73_chr3	182480656	182481159	meth_B73.ref_B73_3:182480656..182481159	1.21065	.
B73_chr3	183146486	183155785	LTRRT_17857	B73_chr3	183155186	183155424	meth_B73.ref_B73_3:183155186..183155424	3.92157	.
B73_chr3	183330227	183336446	LTRRT_17860	B73_chr3	183329613	183330266	meth_B73.ref_B73_3:183329613..183330266	1.87354	.
B73_chr3	184019125	184024234	LTRRT_17880	B73_chr3	184024202	184029957	meth_B73.ref_B73_3:184024202..184029957	0.422139	.
B73_chr3	184569770	184577105	LTRRT_17895	B73_chr3	184568731	184569793	meth_B73.ref_B73_3:184568731..184569793	0.227273	.
B73_chr3	185912133	185916858	LTRRT_17928	B73_chr3	185913936	185917810	meth_B73.ref_B73_3:185913936..185917810	1.47006	.
B73_chr3	185912133	185916858	LTRRT_17928	B73_chr3	185906058	185912602	meth_B73.ref_B73_3:185906058..185912602	1.56886	.
B73_chr3	186283949	186289231	LTRRT_17938	B73_chr3	186289229	186290392	meth_B73.ref_B73_3:186289229..186290392	1.37363	.
B73_chr3	187639027	187654499	LTRRT_17972	B73_chr3	187644936	187645320	meth_B73.ref_B73_3:187644936..187645320	9.26518	.
B73_chr3	187639027	187654499	LTRRT_17972	B73_chr3	187645671	187645964	meth_B73.ref_B73_3:187645671..187645964	14.433	.
B73_chr3	189329644	189338853	LTRRT_18011	B73_chr3	189338357	189338560	meth_B73.ref_B73_3:189338357..189338560	19.2308	.
B73_chr3	189740686	189745586	LTRRT_18020	B73_chr3	189745169	189749226	meth_B73.ref_B73_3:189745169..189749226	3.27519	.
B73_chr3	189911121	189917202	LTRRT_18021	B73_chr3	189910544	189911123	meth_B73.ref_B73_3:189910544..189911123	1.21317	.
B73_chr3	190624851	190634151	LTRRT_18043	B73_chr3	190624847	190625002	meth_B73.ref_B73_3:190624847..190625002	0	.
B73_chr3	190624851	190634151	LTRRT_18043	B73_chr3	190633531	190633773	meth_B73.ref_B73_3:190633531..190633773	0	.
B73_chr3	191262840	191268834	LTRRT_18066	B73_chr3	191260144	191262951	meth_B73.ref_B73_3:191260144..191262951	0.739645	.
B73_chr3	191262840	191268834	LTRRT_18066	B73_chr3	191268420	191272493	meth_B73.ref_B73_3:191268420..191272493	1.15337	.
B73_chr3	191768200	191774672	LTRRT_18077	B73_chr3	191773906	191774085	meth_B73.ref_B73_3:191773906..191774085	17.6829	.
B73_chr3	192189405	192195633	LTRRT_18086	B73_chr3	192195631	192197695	meth_B73.ref_B73_3:192195631..192197695	0.371058	.
B73_chr3	192498438	192512477	LTRRT_18097	B73_chr3	192512445	192513796	meth_B73.ref_B73_3:192512445..192513796	2.20662	.
B73_chr3	192539317	192544622	LTRRT_18098	B73_chr3	192544430	192545030	meth_B73.ref_B73_3:192544430..192545030	10.3774	.
B73_chr3	192718522	192729054	LTRRT_18105	B73_chr3	192723767	192725468	meth_B73.ref_B73_3:192723767..192725468	0.803213	.
B73_chr3	193609934	193616259	LTRRT_18123	B73_chr3	193615140	193615712	meth_B73.ref_B73_3:193615140..193615712	0.327332	.
B73_chr3	193609934	193616259	LTRRT_18123	B73_chr3	193609055	193609968	meth_B73.ref_B73_3:193609055..193609968	0.953516	.
B73_chr3	193841784	193851228	LTRRT_18128	B73_chr3	193851054	193852420	meth_B73.ref_B73_3:193851054..193852420	2.62812	.
B73_chr3	195129576	195143332	LTRRT_18162	B73_chr3	195126048	195129582	meth_B73.ref_B73_3:195126048..195129582	0.571792	.
B73_chr3	195631947	195637191	LTRRT_18175	B73_chr3	195629966	195632540	meth_B73.ref_B73_3:195629966..195632540	2.64045	.
B73_chr3	196379746	196389100	LTRRT_18194	B73_chr3	196389080	196389379	meth_B73.ref_B73_3:196389080..196389379	7.04225	.
B73_chr3	197319836	197324792	LTRRT_18224	B73_chr3	197323924	197324213	meth_B73.ref_B73_3:197323924..197324213	0	.
B73_chr3	197396639	197403656	LTRRT_18225	B73_chr3	197398227	197398804	meth_B73.ref_B73_3:197398227..197398804	5.88235	.
B73_chr3	197396639	197403656	LTRRT_18225	B73_chr3	197402440	197403261	meth_B73.ref_B73_3:197402440..197403261	10.3797	.
B73_chr3	197499751	197504809	LTRRT_18229	B73_chr3	197498461	197499805	meth_B73.ref_B73_3:197498461..197499805	1.36674	.
B73_chr3	197555606	197557697	LTRRT_18232	B73_chr3	197553687	197555685	meth_B73.ref_B73_3:197553687..197555685	1.27085	.
B73_chr3	198822566	198827324	LTRRT_18266	B73_chr3	198827305	198835903	meth_B73.ref_B73_3:198827305..198835903	0.517997	.
B73_chr3	198927262	198942274	LTRRT_18270	B73_chr3	198929316	198929630	meth_B73.ref_B73_3:198929316..198929630	10.6383	.
B73_chr3	199548313	199554325	LTRRT_18287	B73_chr3	199547531	199548315	meth_B73.ref_B73_3:199547531..199548315	1.35276	.
B73_chr3	199791806	199805748	LTRRT_18296	B73_chr3	199789922	199791812	meth_B73.ref_B73_3:199789922..199791812	1.08827	.
B73_chr3	200018034	200021460	LTRRT_18300	B73_chr3	200018603	200020990	meth_B73.ref_B73_3:200018603..200020990	2.06235	.
B73_chr3	200196487	200200730	LTRRT_18304	B73_chr3	200200502	200201498	meth_B73.ref_B73_3:200200502..200201498	7.15198	.
B73_chr3	200196487	200200730	LTRRT_18304	B73_chr3	200192903	200196997	meth_B73.ref_B73_3:200192903..200196997	0.733696	.
B73_chr3	200944793	200954052	LTRRT_18322	B73_chr3	200949572	200949798	meth_B73.ref_B73_3:200949572..200949798	14.8148	.
B73_chr3	200989307	200994702	LTRRT_18324	B73_chr3	200994327	200997701	meth_B73.ref_B73_3:200994327..200997701	1.91116	.
B73_chr3	201861395	201863355	LTRRT_18346	B73_chr3	201861250	201861477	meth_B73.ref_B73_3:201861250..201861477	3.80952	.
B73_chr3	201934743	201944403	LTRRT_18349	B73_chr3	201941291	201941521	meth_B73.ref_B73_3:201941291..201941521	14.2857	.
B73_chr3	202328503	202338666	LTRRT_18356	B73_chr3	202329014	202329897	meth_B73.ref_B73_3:202329014..202329897	1.7341	.
B73_chr3	202328503	202338666	LTRRT_18356	B73_chr3	202336620	202337599	meth_B73.ref_B73_3:202336620..202337599	2.24551	.
B73_chr3	202362548	202377585	LTRRT_18357	B73_chr3	202375073	202375224	meth_B73.ref_B73_3:202375073..202375224	14.0625	.
B73_chr3	202925215	202934577	LTRRT_18369	B73_chr3	202925794	202926385	meth_B73.ref_B73_3:202925794..202926385	3.6	.
B73_chr3	202925215	202934577	LTRRT_18369	B73_chr3	202932810	202933540	meth_B73.ref_B73_3:202932810..202933540	7.5	.
B73_chr3	203069522	203075128	LTRRT_18373	B73_chr3	203063956	203069540	meth_B73.ref_B73_3:203063956..203069540	1.0703	.
B73_chr3	205038322	205046718	LTRRT_18415	B73_chr3	205040700	205041495	meth_B73.ref_B73_3:205040700..205041495	0	.
B73_chr3	205254670	205268431	LTRRT_18420	B73_chr3	205266320	205266549	meth_B73.ref_B73_3:205266320..205266549	0	.
B73_chr3	205692146	205704873	LTRRT_18432	B73_chr3	205693050	205693216	meth_B73.ref_B73_3:205693050..205693216	0	.
B73_chr3	206375033	206384224	LTRRT_18448	B73_chr3	206376161	206376822	meth_B73.ref_B73_3:206376161..206376822	6.61765	.
B73_chr3	206375033	206384224	LTRRT_18448	B73_chr3	206383053	206383714	meth_B73.ref_B73_3:206383053..206383714	8.07175	.
B73_chr3	206646139	206652072	LTRRT_18454	B73_chr3	206651251	206651644	meth_B73.ref_B73_3:206651251..206651644	0.87146	.
B73_chr3	207650619	207654533	LTRRT_18488	B73_chr3	207650907	207654063	meth_B73.ref_B73_3:207650907..207654063	1.6075	.
B73_chr3	208667003	208682583	LTRRT_18505	B73_chr3	208669656	208669830	meth_B73.ref_B73_3:208669656..208669830	7.27273	.
B73_chr3	208667003	208682583	LTRRT_18505	B73_chr3	208677903	208678293	meth_B73.ref_B73_3:208677903..208678293	9.7561	.
B73_chr3	208667003	208682583	LTRRT_18505	B73_chr3	208680542	208680716	meth_B73.ref_B73_3:208680542..208680716	15.8192	.
B73_chr3	208826894	208832057	LTRRT_18511	B73_chr3	208815945	208827024	meth_B73.ref_B73_3:208815945..208827024	1.06603	.
B73_chr3	209395263	209400329	LTRRT_18524	B73_chr3	209392981	209398287	meth_B73.ref_B73_3:209392981..209398287	2.04678	.
B73_chr3	209395263	209400329	LTRRT_18524	B73_chr3	209400098	209405691	meth_B73.ref_B73_3:209400098..209405691	0.800427	.
B73_chr3	210439155	210451918	LTRRT_18546	B73_chr3	210449572	210451423	meth_B73.ref_B73_3:210449572..210451423	0.125786	.
B73_chr3	210849895	210857047	LTRRT_18556	B73_chr3	210846100	210851721	meth_B73.ref_B73_3:210846100..210851721	1.17625	.
B73_chr3	210849895	210857047	LTRRT_18556	B73_chr3	210856957	210860682	meth_B73.ref_B73_3:210856957..210860682	0.578369	.
B73_chr3	211431774	211447177	LTRRT_18567	B73_chr3	211445087	211445396	meth_B73.ref_B73_3:211445087..211445396	12	.
B73_chr3	211693314	211706789	LTRRT_18575	B73_chr3	211706779	211708635	meth_B73.ref_B73_3:211706779..211708635	1.93687	.
B73_chr3	211769546	211776417	LTRRT_18576	B73_chr3	211769847	211770098	meth_B73.ref_B73_3:211769847..211770098	6.50407	.
B73_chr3	211769546	211776417	LTRRT_18576	B73_chr3	211775077	211775328	meth_B73.ref_B73_3:211775077..211775328	4.27807	.
B73_chr3	212577099	212586416	LTRRT_18592	B73_chr3	212586194	212586616	meth_B73.ref_B73_3:212586194..212586616	5.05415	.
B73_chr3	213084031	213096903	LTRRT_18605	B73_chr3	213095782	213096115	meth_B73.ref_B73_3:213095782..213096115	11.5385	.
B73_chr3	213216766	213232155	LTRRT_18609	B73_chr3	213218545	213218719	meth_B73.ref_B73_3:213218545..213218719	10.687	.
B73_chr3	213216766	213232155	LTRRT_18609	B73_chr3	213229332	213229506	meth_B73.ref_B73_3:213229332..213229506	4.61538	.
B73_chr3	213318506	213324416	LTRRT_18610	B73_chr3	213324404	213325952	meth_B73.ref_B73_3:213324404..213325952	2.60648	.
B73_chr3	213366740	213382165	LTRRT_18613	B73_chr3	213381305	213381498	meth_B73.ref_B73_3:213381305..213381498	4.65116	.
B73_chr3	214074951	214083872	LTRRT_18628	B73_chr3	214075471	214075777	meth_B73.ref_B73_3:214075471..214075777	13.3333	.
B73_chr3	214074951	214083872	LTRRT_18628	B73_chr3	214082900	214083061	meth_B73.ref_B73_3:214082900..214083061	16.0714	.
B73_chr3	214267908	214277047	LTRRT_18631	B73_chr3	214275060	214275318	meth_B73.ref_B73_3:214275060..214275318	14.2857	.
B73_chr3	214702936	214710217	LTRRT_18639	B73_chr3	214702118	214702941	meth_B73.ref_B73_3:214702118..214702941	0.152439	.
B73_chr3	214702936	214710217	LTRRT_18639	B73_chr3	214710151	214711478	meth_B73.ref_B73_3:214710151..214711478	1.3931	.
B73_chr3	214767330	214781269	LTRRT_18641	B73_chr3	214769869	214770038	meth_B73.ref_B73_3:214769869..214770038	6.89655	.
B73_chr3	214861342	214870304	LTRRT_18644	B73_chr3	214863479	214863649	meth_B73.ref_B73_3:214863479..214863649	0	.
B73_chr3	215310333	215312789	LTRRT_18654	B73_chr3	215308856	215310597	meth_B73.ref_B73_3:215308856..215310597	3.33598	.
B73_chr3	215310333	215312789	LTRRT_18654	B73_chr3	215311686	215319384	meth_B73.ref_B73_3:215311686..215319384	0.732601	.
B73_chr3	217125384	217136393	LTRRT_18693	B73_chr3	217123553	217125405	meth_B73.ref_B73_3:217123553..217125405	0.203114	.
B73_chr3	217812324	217821606	LTRRT_18713	B73_chr3	217809796	217812344	meth_B73.ref_B73_3:217809796..217812344	1.12843	.
B73_chr3	217812324	217821606	LTRRT_18713	B73_chr3	217821558	217823725	meth_B73.ref_B73_3:217821558..217823725	1.17456	.
B73_chr3	218297953	218311857	LTRRT_18723	B73_chr3	218311851	218312628	meth_B73.ref_B73_3:218311851..218312628	0.910747	.
B73_chr3	218445268	218453141	LTRRT_18727	B73_chr3	218447047	218447419	meth_B73.ref_B73_3:218447047..218447419	0	.
B73_chr3	218445268	218453141	LTRRT_18727	B73_chr3	218451427	218451899	meth_B73.ref_B73_3:218451427..218451899	0	.
B73_chr3	218983014	218990228	LTRRT_18743	B73_chr3	218981685	218983180	meth_B73.ref_B73_3:218981685..218983180	0.824985	.
B73_chr3	219369283	219375412	LTRRT_18755	B73_chr3	219375410	219380680	meth_B73.ref_B73_3:219375410..219380680	0.147244	.
B73_chr3	219725633	219732527	LTRRT_18762	B73_chr3	219727007	219727455	meth_B73.ref_B73_3:219727007..219727455	17.8495	.
B73_chr3	219725633	219732527	LTRRT_18762	B73_chr3	219731457	219731617	meth_B73.ref_B73_3:219731457..219731617	12.8492	.
B73_chr3	220079121	220094099	LTRRT_18766	B73_chr3	220092014	220092228	meth_B73.ref_B73_3:220092014..220092228	6.57895	.
B73_chr3	220220595	220229504	LTRRT_18767	B73_chr3	220227133	220227294	meth_B73.ref_B73_3:220227133..220227294	14.6341	.
B73_chr3	221042621	221047029	LTRRT_18787	B73_chr3	221042308	221042653	meth_B73.ref_B73_3:221042308..221042653	4.54545	.
B73_chr3	221173716	221178755	LTRRT_18789	B73_chr3	221171696	221174489	meth_B73.ref_B73_3:221171696..221174489	3.36538	.
B73_chr3	221786211	221792358	LTRRT_18804	B73_chr3	221785891	221786245	meth_B73.ref_B73_3:221785891..221786245	2.12766	.
B73_chr3	222532200	222542343	LTRRT_18823	B73_chr3	222532664	222532903	meth_B73.ref_B73_3:222532664..222532903	6.84932	.
B73_chr3	223043333	223054946	LTRRT_18835	B73_chr3	223054012	223054176	meth_B73.ref_B73_3:223054012..223054176	0	.
B73_chr3	223687578	223698879	LTRRT_18849	B73_chr3	223697074	223698197	meth_B73.ref_B73_3:223697074..223698197	0.968188	.
B73_chr3	223687578	223698879	LTRRT_18849	B73_chr3	223689968	223691090	meth_B73.ref_B73_3:223689968..223691090	0.805524	.
B73_chr3	223795177	223805986	LTRRT_18852	B73_chr3	223800152	223800457	meth_B73.ref_B73_3:223800152..223800457	18.4211	.
B73_chr3	224195009	224208543	LTRRT_18858	B73_chr3	224196003	224196260	meth_B73.ref_B73_3:224196003..224196260	5.40541	.
B73_chr3	224195009	224208543	LTRRT_18858	B73_chr3	224206132	224206341	meth_B73.ref_B73_3:224206132..224206341	8	.
B73_chr3	224862473	224871178	LTRRT_18874	B73_chr3	224870319	224870778	meth_B73.ref_B73_3:224870319..224870778	14.2857	.
B73_chr3	225248172	225253597	LTRRT_18881	B73_chr3	225247130	225257635	meth_B73.ref_B73_3:225247130..225257635	0.755556	.
B73_chr3	225866768	225871836	LTRRT_18893	B73_chr3	225864523	225867733	meth_B73.ref_B73_3:225864523..225867733	1.26354	.
B73_chr3	225866768	225871836	LTRRT_18893	B73_chr3	225867773	225870677	meth_B73.ref_B73_3:225867773..225870677	2.51504	.
B73_chr3	225953852	225968765	LTRRT_18897	B73_chr3	225955701	225956014	meth_B73.ref_B73_3:225955701..225956014	15.2542	.
B73_chr3	226159886	226166717	LTRRT_18901	B73_chr3	226160584	226160935	meth_B73.ref_B73_3:226160584..226160935	12.381	.
B73_chr3	226159886	226166717	LTRRT_18901	B73_chr3	226164680	226165232	meth_B73.ref_B73_3:226164680..226165232	9.46372	.
B73_chr3	226344318	226353602	LTRRT_18904	B73_chr3	226343760	226344437	meth_B73.ref_B73_3:226343760..226344437	3.49462	.
B73_chr3	226902578	226908795	LTRRT_18914	B73_chr3	226907687	226908370	meth_B73.ref_B73_3:226907687..226908370	2.69906	.
B73_chr3	226909031	226912329	LTRRT_18915	B73_chr3	226912295	226913238	meth_B73.ref_B73_3:226912295..226913238	1.20746	.
B73_chr3	227245010	227250216	LTRRT_18923	B73_chr3	227250152	227256624	meth_B73.ref_B73_3:227250152..227256624	0.825194	.
B73_chr3	227274739	227283677	LTRRT_18925	B73_chr3	227276886	227277093	meth_B73.ref_B73_3:227276886..227277093	10	.
B73_chr3	227274739	227283677	LTRRT_18925	B73_chr3	227280966	227281121	meth_B73.ref_B73_3:227280966..227281121	18.1818	.
B73_chr3	227685831	227690735	LTRRT_18933	B73_chr3	227688554	227692306	meth_B73.ref_B73_3:227688554..227692306	3.71362	.
B73_chr3	227928167	227940092	LTRRT_18941	B73_chr3	227928571	227929423	meth_B73.ref_B73_3:227928571..227929423	0.242131	.
B73_chr3	227928167	227940092	LTRRT_18941	B73_chr3	227929542	227929812	meth_B73.ref_B73_3:227929542..227929812	0	.
B73_chr3	227928167	227940092	LTRRT_18941	B73_chr3	227936226	227937122	meth_B73.ref_B73_3:227936226..227937122	0	.
B73_chr3	227928167	227940092	LTRRT_18941	B73_chr3	227937265	227937423	meth_B73.ref_B73_3:227937265..227937423	0	.
B73_chr3	228000671	228015129	LTRRT_18943	B73_chr3	228015124	228024102	meth_B73.ref_B73_3:228015124..228024102	0.659844	.
B73_chr3	228462708	228474108	LTRRT_18952	B73_chr3	228463744	228464330	meth_B73.ref_B73_3:228463744..228464330	0.526316	.
B73_chr3	228462708	228474108	LTRRT_18952	B73_chr3	228464383	228465113	meth_B73.ref_B73_3:228464383..228465113	2.44648	.
B73_chr3	228462708	228474108	LTRRT_18952	B73_chr3	228470132	228470560	meth_B73.ref_B73_3:228470132..228470560	0	.
B73_chr3	228462708	228474108	LTRRT_18952	B73_chr3	228470741	228471115	meth_B73.ref_B73_3:228470741..228471115	6.73077	.
B73_chr3	228970995	228984504	LTRRT_18967	B73_chr3	228971466	228971911	meth_B73.ref_B73_3:228971466..228971911	2.7439	.
B73_chr3	232036470	232040210	LTRRT_19032	B73_chr3	232040127	232041597	meth_B73.ref_B73_3:232040127..232041597	3.54478	.
B73_chr3	232568410	232577710	LTRRT_19049	B73_chr3	232576728	232577095	meth_B73.ref_B73_3:232576728..232577095	0	.
B73_chr3	233753881	233767739	LTRRT_19071	B73_chr3	233757746	233757935	meth_B73.ref_B73_3:233757746..233757935	10	.
B73_chr3	233965350	233970068	LTRRT_19081	B73_chr3	233968298	233972555	meth_B73.ref_B73_3:233968298..233972555	4.70236	.
B73_chr3	234672312	234674994	LTRRT_19095	B73_chr3	234671071	234672397	meth_B73.ref_B73_3:234671071..234672397	1.54968	.
B73_chr3	235460676	235466842	LTRRT_19111	B73_chr3	235455502	235460678	meth_B73.ref_B73_3:235455502..235460678	1.04336	.
B73_chr3	236399806	236411465	LTRRT_19132	B73_chr3	236400759	236401061	meth_B73.ref_B73_3:236400759..236401061	16.3636	.
B73_chr3	236778517	236783330	LTRRT_19143	B73_chr3	236776836	236778716	meth_B73.ref_B73_3:236776836..236778716	2.40202	.
B73_chr3	236978138	236987616	LTRRT_19149	B73_chr3	236980528	236980699	meth_B73.ref_B73_3:236980528..236980699	13.6364	.
B73_chr3	237649898	237659156	LTRRT_19163	B73_chr3	237650388	237651147	meth_B73.ref_B73_3:237650388..237651147	8.02239	.
B73_chr3	237649898	237659156	LTRRT_19163	B73_chr3	237657358	237658046	meth_B73.ref_B73_3:237657358..237658046	6.53846	.
B73_chr4	830250	837149	LTRRT_19187	B73_chr4	830627	831500	meth_B73.ref_B73_4:830627..831500	7.26783	.
B73_chr4	830250	837149	LTRRT_19187	B73_chr4	835086	835805	meth_B73.ref_B73_4:835086..835805	9.65018	.
B73_chr4	1025424	1031904	LTRRT_19195	B73_chr4	1031320	1031497	meth_B73.ref_B73_4:1031320..1031497	11.0169	.
B73_chr4	1335909	1343290	LTRRT_19203	B73_chr4	1343224	1354531	meth_B73.ref_B73_4:1343224..1354531	0.627534	.
B73_chr4	1601805	1609742	LTRRT_19212	B73_chr4	1592236	1601954	meth_B73.ref_B73_4:1592236..1601954	0.461324	.
B73_chr4	2770738	2779996	LTRRT_19229	B73_chr4	2771840	2772897	meth_B73.ref_B73_4:2771840..2772897	1.2016	.
B73_chr4	2770738	2779996	LTRRT_19229	B73_chr4	2778547	2779488	meth_B73.ref_B73_4:2778547..2779488	0.877193	.
B73_chr4	3709375	3713331	LTRRT_19248	B73_chr4	3704978	3709485	meth_B73.ref_B73_4:3704978..3709485	0.576568	.
B73_chr4	4707541	4715677	LTRRT_19265	B73_chr4	4709878	4710078	meth_B73.ref_B73_4:4709878..4710078	16.6667	.
B73_chr4	5100805	5106083	LTRRT_19271	B73_chr4	5105970	5106584	meth_B73.ref_B73_4:5105970..5106584	4.08163	.
B73_chr4	5155376	5166487	LTRRT_19272	B73_chr4	5161590	5162314	meth_B73.ref_B73_4:5161590..5162314	1.40562	.
B73_chr4	5377423	5382916	LTRRT_19279	B73_chr4	5382810	5386978	meth_B73.ref_B73_4:5382810..5386978	0.87927	.
B73_chr4	5569427	5571330	LTRRT_19283	B73_chr4	5570234	5570564	meth_B73.ref_B73_4:5570234..5570564	0	.
B73_chr4	6646772	6653775	LTRRT_19301	B73_chr4	6647746	6647903	meth_B73.ref_B73_4:6647746..6647903	15.9236	.
B73_chr4	6732925	6740665	LTRRT_19303	B73_chr4	6735376	6735538	meth_B73.ref_B73_4:6735376..6735538	4.34783	.
B73_chr4	7397712	7403265	LTRRT_19320	B73_chr4	7403253	7405509	meth_B73.ref_B73_4:7403253..7405509	0.0675676	.
B73_chr4	7768138	7775129	LTRRT_19327	B73_chr4	7768710	7769264	meth_B73.ref_B73_4:7768710..7769264	9.51157	.
B73_chr4	7768138	7775129	LTRRT_19327	B73_chr4	7773056	7773626	meth_B73.ref_B73_4:7773056..7773626	8.14196	.
B73_chr4	8071745	8080817	LTRRT_19336	B73_chr4	8070549	8071747	meth_B73.ref_B73_4:8070549..8071747	7.44048	.
B73_chr4	8117258	8124393	LTRRT_19337	B73_chr4	8122432	8122589	meth_B73.ref_B73_4:8122432..8122589	12.9032	.
B73_chr4	8209532	8218741	LTRRT_19338	B73_chr4	8210533	8211322	meth_B73.ref_B73_4:8210533..8211322	3.9801	.
B73_chr4	8209532	8218741	LTRRT_19338	B73_chr4	8217472	8218355	meth_B73.ref_B73_4:8217472..8218355	1.11732	.
B73_chr4	8377273	8384109	LTRRT_19343	B73_chr4	8378770	8379041	meth_B73.ref_B73_4:8378770..8379041	6	.
B73_chr4	8377273	8384109	LTRRT_19343	B73_chr4	8379217	8379396	meth_B73.ref_B73_4:8379217..8379396	1.66667	.
B73_chr4	8377273	8384109	LTRRT_19343	B73_chr4	8383050	8383675	meth_B73.ref_B73_4:8383050..8383675	4.87805	.
B73_chr4	9114288	9121169	LTRRT_19361	B73_chr4	9115631	9116412	meth_B73.ref_B73_4:9115631..9116412	6.52591	.
B73_chr4	9114288	9121169	LTRRT_19361	B73_chr4	9120115	9120636	meth_B73.ref_B73_4:9120115..9120636	6.59341	.
B73_chr4	9225786	9235588	LTRRT_19365	B73_chr4	9226301	9227060	meth_B73.ref_B73_4:9226301..9227060	4.5302	.
B73_chr4	9225786	9235588	LTRRT_19365	B73_chr4	9233650	9234483	meth_B73.ref_B73_4:9233650..9234483	6.16302	.
B73_chr4	9346654	9356029	LTRRT_19367	B73_chr4	9347234	9347960	meth_B73.ref_B73_4:9347234..9347960	4.18502	.
B73_chr4	9346654	9356029	LTRRT_19367	B73_chr4	9354258	9354973	meth_B73.ref_B73_4:9354258..9354973	3.62595	.
B73_chr4	9432461	9442239	LTRRT_19370	B73_chr4	9433559	9434320	meth_B73.ref_B73_4:9433559..9434320	3.76984	.
B73_chr4	9432461	9442239	LTRRT_19370	B73_chr4	9441050	9441850	meth_B73.ref_B73_4:9441050..9441850	6.02911	.
B73_chr4	9748389	9755139	LTRRT_19378	B73_chr4	9749673	9750001	meth_B73.ref_B73_4:9749673..9750001	7.8125	.
B73_chr4	9748389	9755139	LTRRT_19378	B73_chr4	9750049	9750377	meth_B73.ref_B73_4:9750049..9750377	3.61446	.
B73_chr4	9748389	9755139	LTRRT_19378	B73_chr4	9753928	9754660	meth_B73.ref_B73_4:9753928..9754660	9.90566	.
B73_chr4	10017664	10031130	LTRRT_19386	B73_chr4	10018160	10019824	meth_B73.ref_B73_4:10018160..10019824	0	.
B73_chr4	10259004	10268138	LTRRT_19393	B73_chr4	10260011	10260212	meth_B73.ref_B73_4:10260011..10260212	11.5942	.
B73_chr4	10259004	10268138	LTRRT_19393	B73_chr4	10260726	10260929	meth_B73.ref_B73_4:10260726..10260929	0	.
B73_chr4	10259004	10268138	LTRRT_19393	B73_chr4	10266648	10267635	meth_B73.ref_B73_4:10266648..10267635	3.04878	.
B73_chr4	10374586	10383798	LTRRT_19395	B73_chr4	10375691	10376381	meth_B73.ref_B73_4:10375691..10376381	5.34591	.
B73_chr4	10374586	10383798	LTRRT_19395	B73_chr4	10382500	10383415	meth_B73.ref_B73_4:10382500..10383415	7.97101	.
B73_chr4	10400543	10409892	LTRRT_19396	B73_chr4	10399383	10400545	meth_B73.ref_B73_4:10399383..10400545	0.5997	.
B73_chr4	10415767	10424906	LTRRT_19397	B73_chr4	10416270	10416704	meth_B73.ref_B73_4:10416270..10416704	0.763359	.
B73_chr4	10415767	10424906	LTRRT_19397	B73_chr4	10422922	10423411	meth_B73.ref_B73_4:10422922..10423411	3.62319	.
B73_chr4	11433778	11444087	LTRRT_19414	B73_chr4	11442109	11442537	meth_B73.ref_B73_4:11442109..11442537	4.8951	.
B73_chr4	11433778	11444087	LTRRT_19414	B73_chr4	11443024	11443578	meth_B73.ref_B73_4:11443024..11443578	5.31915	.
B73_chr4	12054668	12063876	LTRRT_19431	B73_chr4	12055170	12055916	meth_B73.ref_B73_4:12055170..12055916	2.00893	.
B73_chr4	12054668	12063876	LTRRT_19431	B73_chr4	12062083	12062771	meth_B73.ref_B73_4:12062083..12062771	4.54545	.
B73_chr4	13664707	13670298	LTRRT_19463	B73_chr4	13669845	13675977	meth_B73.ref_B73_4:13669845..13675977	0.578035	.
B73_chr4	14396009	14407215	LTRRT_19479	B73_chr4	14404831	14405003	meth_B73.ref_B73_4:14404831..14405003	11.4286	.
B73_chr4	14509576	14519803	LTRRT_19483	B73_chr4	14514603	14515392	meth_B73.ref_B73_4:14514603..14515392	3.38645	.
B73_chr4	16168119	16180215	LTRRT_19522	B73_chr4	16167017	16168187	meth_B73.ref_B73_4:16167017..16168187	1.34288	.
B73_chr4	16168119	16180215	LTRRT_19522	B73_chr4	16170603	16170758	meth_B73.ref_B73_4:16170603..16170758	19.697	.
B73_chr4	16300555	16309832	LTRRT_19528	B73_chr4	16309792	16310966	meth_B73.ref_B73_4:16309792..16310966	0.813008	.
B73_chr4	17345808	17357171	LTRRT_19551	B73_chr4	17348627	17348818	meth_B73.ref_B73_4:17348627..17348818	12.5	.
B73_chr4	17345808	17357171	LTRRT_19551	B73_chr4	17350233	17350413	meth_B73.ref_B73_4:17350233..17350413	10.5263	.
B73_chr4	17369442	17377308	LTRRT_19552	B73_chr4	17367840	17369450	meth_B73.ref_B73_4:17367840..17369450	1.66229	.
B73_chr4	17369442	17377308	LTRRT_19552	B73_chr4	17370024	17370309	meth_B73.ref_B73_4:17370024..17370309	10.1093	.
B73_chr4	17369442	17377308	LTRRT_19552	B73_chr4	17375514	17375817	meth_B73.ref_B73_4:17375514..17375817	17.3844	.
B73_chr4	17369442	17377308	LTRRT_19552	B73_chr4	17377040	17379518	meth_B73.ref_B73_4:17377040..17379518	1.6525	.
B73_chr4	18004482	18007734	LTRRT_19575	B73_chr4	18003921	18004595	meth_B73.ref_B73_4:18003921..18004595	1.76322	.
B73_chr4	18542154	18556456	LTRRT_19594	B73_chr4	18540069	18542179	meth_B73.ref_B73_4:18540069..18542179	1.57539	.
B73_chr4	18696727	18703562	LTRRT_19597	B73_chr4	18698226	18698852	meth_B73.ref_B73_4:18698226..18698852	8.18505	.
B73_chr4	18696727	18703562	LTRRT_19597	B73_chr4	18702521	18702683	meth_B73.ref_B73_4:18702521..18702683	3.30579	.
B73_chr4	18696727	18703562	LTRRT_19597	B73_chr4	18702827	18703131	meth_B73.ref_B73_4:18702827..18703131	7.01299	.
B73_chr4	18830335	18835931	LTRRT_19602	B73_chr4	18827847	18830499	meth_B73.ref_B73_4:18827847..18830499	1.95652	.
B73_chr4	19387874	19394471	LTRRT_19611	B73_chr4	19388307	19388523	meth_B73.ref_B73_4:19388307..19388523	14.6667	.
B73_chr4	19387874	19394471	LTRRT_19611	B73_chr4	19393668	19393884	meth_B73.ref_B73_4:19393668..19393884	12.1951	.
B73_chr4	20053755	20060596	LTRRT_19627	B73_chr4	20055102	20055570	meth_B73.ref_B73_4:20055102..20055570	10.119	.
B73_chr4	20053755	20060596	LTRRT_19627	B73_chr4	20059539	20059856	meth_B73.ref_B73_4:20059539..20059856	7.84314	.
B73_chr4	20084434	20093812	LTRRT_19629	B73_chr4	20086616	20086793	meth_B73.ref_B73_4:20086616..20086793	10.3448	.
B73_chr4	20454699	20464505	LTRRT_19637	B73_chr4	20455819	20456560	meth_B73.ref_B73_4:20455819..20456560	1.25589	.
B73_chr4	20454699	20464505	LTRRT_19637	B73_chr4	20463212	20464001	meth_B73.ref_B73_4:20463212..20464001	2.8866	.
B73_chr4	20608984	20623357	LTRRT_19641	B73_chr4	20623303	20624306	meth_B73.ref_B73_4:20623303..20624306	2.0141	.
B73_chr4	22493546	22503668	LTRRT_19688	B73_chr4	22501431	22501595	meth_B73.ref_B73_4:22501431..22501595	4.87805	.
B73_chr4	23032581	23036750	LTRRT_19700	B73_chr4	23030885	23032677	meth_B73.ref_B73_4:23030885..23032677	1.00077	.
B73_chr4	23512841	23522201	LTRRT_19711	B73_chr4	23522180	23524746	meth_B73.ref_B73_4:23522180..23524746	2.00129	.
B73_chr4	23579386	23587144	LTRRT_19714	B73_chr4	23579710	23579889	meth_B73.ref_B73_4:23579710..23579889	18.3333	.
B73_chr4	23630717	23646116	LTRRT_19715	B73_chr4	23633372	23633704	meth_B73.ref_B73_4:23633372..23633704	15.0685	.
B73_chr4	23843403	23852688	LTRRT_19718	B73_chr4	23852625	23855692	meth_B73.ref_B73_4:23852625..23855692	0.688005	.
B73_chr4	24193329	24208890	LTRRT_19727	B73_chr4	24206703	24207022	meth_B73.ref_B73_4:24206703..24207022	16.3934	.
B73_chr4	24331250	24336608	LTRRT_19733	B73_chr4	24336509	24338960	meth_B73.ref_B73_4:24336509..24338960	1.40955	.
B73_chr4	25527325	25533403	LTRRT_19758	B73_chr4	25533148	25533308	meth_B73.ref_B73_4:25533148..25533308	14.6853	.
B73_chr4	25570704	25580881	LTRRT_19760	B73_chr4	25570887	25571054	meth_B73.ref_B73_4:25570887..25571054	3.84615	.
B73_chr4	25570704	25580881	LTRRT_19760	B73_chr4	25571448	25571891	meth_B73.ref_B73_4:25571448..25571891	1.5625	.
B73_chr4	25570704	25580881	LTRRT_19760	B73_chr4	25578837	25579494	meth_B73.ref_B73_4:25578837..25579494	0	.
B73_chr4	25756576	25761403	LTRRT_19764	B73_chr4	25761081	25763042	meth_B73.ref_B73_4:25761081..25763042	5.18962	.
B73_chr4	26078465	26087466	LTRRT_19772	B73_chr4	26080060	26081954	meth_B73.ref_B73_4:26080060..26081954	0.852757	.
B73_chr4	26695143	26704437	LTRRT_19787	B73_chr4	26699956	26700136	meth_B73.ref_B73_4:26699956..26700136	13.0435	.
B73_chr4	27028390	27033970	LTRRT_19796	B73_chr4	27027813	27028490	meth_B73.ref_B73_4:27027813..27028490	1.98413	.
B73_chr4	28683856	28695416	LTRRT_19838	B73_chr4	28694575	28694753	meth_B73.ref_B73_4:28694575..28694753	11.7647	.
B73_chr4	28890921	28905228	LTRRT_19842	B73_chr4	28895011	28895727	meth_B73.ref_B73_4:28895011..28895727	11.442	.
B73_chr4	28890921	28905228	LTRRT_19842	B73_chr4	28899302	28900049	meth_B73.ref_B73_4:28899302..28900049	8.15603	.
B73_chr4	29373733	29384638	LTRRT_19850	B73_chr4	29382932	29384529	meth_B73.ref_B73_4:29382932..29384529	0.0898473	.
B73_chr4	29926950	29932069	LTRRT_19868	B73_chr4	29926047	29926963	meth_B73.ref_B73_4:29926047..29926963	1.98171	.
B73_chr4	29926950	29932069	LTRRT_19868	B73_chr4	29929544	29930937	meth_B73.ref_B73_4:29929544..29930937	11.8024	.
B73_chr4	29926950	29932069	LTRRT_19868	B73_chr4	29931965	29933255	meth_B73.ref_B73_4:29931965..29933255	2.87846	.
B73_chr4	30103990	30119523	LTRRT_19874	B73_chr4	30117480	30117804	meth_B73.ref_B73_4:30117480..30117804	11.6541	.
B73_chr4	31113835	31125649	LTRRT_19898	B73_chr4	31123496	31123679	meth_B73.ref_B73_4:31123496..31123679	0	.
B73_chr4	31535346	31542187	LTRRT_19909	B73_chr4	31536558	31537411	meth_B73.ref_B73_4:31536558..31537411	9.71867	.
B73_chr4	31535346	31542187	LTRRT_19909	B73_chr4	31540829	31541924	meth_B73.ref_B73_4:31540829..31541924	15	.
B73_chr4	31616088	31629040	LTRRT_19913	B73_chr4	31622427	31622714	meth_B73.ref_B73_4:31622427..31622714	12.766	.
B73_chr4	33035595	33049076	LTRRT_19956	B73_chr4	33038062	33038624	meth_B73.ref_B73_4:33038062..33038624	7.20588	.
B73_chr4	33035595	33049076	LTRRT_19956	B73_chr4	33046476	33047004	meth_B73.ref_B73_4:33046476..33047004	10.7843	.
B73_chr4	33552154	33558109	LTRRT_19968	B73_chr4	33552547	33553062	meth_B73.ref_B73_4:33552547..33553062	1.71569	.
B73_chr4	34553492	34566701	LTRRT_19995	B73_chr4	34555557	34558512	meth_B73.ref_B73_4:34555557..34558512	1.1242	.
B73_chr4	34553492	34566701	LTRRT_19995	B73_chr4	34563267	34566061	meth_B73.ref_B73_4:34563267..34566061	0.280426	.
B73_chr4	34610758	34618702	LTRRT_19997	B73_chr4	34618014	34618499	meth_B73.ref_B73_4:34618014..34618499	0	.
B73_chr4	34964798	34975116	LTRRT_20005	B73_chr4	34966728	34967352	meth_B73.ref_B73_4:34966728..34967352	1.2987	.
B73_chr4	34964798	34975116	LTRRT_20005	B73_chr4	34967719	34967901	meth_B73.ref_B73_4:34967719..34967901	0	.
B73_chr4	34964798	34975116	LTRRT_20005	B73_chr4	34974221	34974860	meth_B73.ref_B73_4:34974221..34974860	0	.
B73_chr4	35200892	35212259	LTRRT_20008	B73_chr4	35201784	35201942	meth_B73.ref_B73_4:35201784..35201942	0	.
B73_chr4	35200892	35212259	LTRRT_20008	B73_chr4	35202250	35202672	meth_B73.ref_B73_4:35202250..35202672	0	.
B73_chr4	35200892	35212259	LTRRT_20008	B73_chr4	35209248	35209909	meth_B73.ref_B73_4:35209248..35209909	2.43902	.
B73_chr4	35241844	35251276	LTRRT_20010	B73_chr4	35249872	35250045	meth_B73.ref_B73_4:35249872..35250045	11.7647	.
B73_chr4	35265818	35281621	LTRRT_20011	B73_chr4	35273909	35274735	meth_B73.ref_B73_4:35273909..35274735	7.1875	.
B73_chr4	35265818	35281621	LTRRT_20011	B73_chr4	35278215	35278533	meth_B73.ref_B73_4:35278215..35278533	16.4179	.
B73_chr4	35265818	35281621	LTRRT_20011	B73_chr4	35278559	35278944	meth_B73.ref_B73_4:35278559..35278944	3.94737	.
B73_chr4	35973237	35980373	LTRRT_20035	B73_chr4	35980370	35980710	meth_B73.ref_B73_4:35980370..35980710	0	.
B73_chr4	36219928	36230758	LTRRT_20046	B73_chr4	36225457	36225869	meth_B73.ref_B73_4:36225457..36225869	4.30328	.
B73_chr4	36287598	36300211	LTRRT_20049	B73_chr4	36297560	36297807	meth_B73.ref_B73_4:36297560..36297807	2.04082	.
B73_chr4	36643111	36657288	LTRRT_20059	B73_chr4	36646358	36647337	meth_B73.ref_B73_4:36646358..36647337	5.47046	.
B73_chr4	36643111	36657288	LTRRT_20059	B73_chr4	36654289	36655089	meth_B73.ref_B73_4:36654289..36655089	7.08749	.
B73_chr4	36859447	36866211	LTRRT_20065	B73_chr4	36859939	36860501	meth_B73.ref_B73_4:36859939..36860501	2.58621	.
B73_chr4	36859447	36866211	LTRRT_20065	B73_chr4	36864089	36865037	meth_B73.ref_B73_4:36864089..36865037	3.81679	.
B73_chr4	37104057	37114486	LTRRT_20072	B73_chr4	37114426	37114963	meth_B73.ref_B73_4:37114426..37114963	4.66472	.
B73_chr4	37756644	37765808	LTRRT_20085	B73_chr4	37757155	37757911	meth_B73.ref_B73_4:37757155..37757911	2.14876	.
B73_chr4	37756644	37765808	LTRRT_20085	B73_chr4	37763704	37764627	meth_B73.ref_B73_4:37763704..37764627	1.03448	.
B73_chr4	38862456	38874573	LTRRT_20109	B73_chr4	38866312	38868078	meth_B73.ref_B73_4:38866312..38868078	0.325733	.
B73_chr4	38897906	38907879	LTRRT_20110	B73_chr4	38897453	38897922	meth_B73.ref_B73_4:38897453..38897922	1.89873	.
B73_chr4	38897906	38907879	LTRRT_20110	B73_chr4	38907426	38909547	meth_B73.ref_B73_4:38907426..38909547	0.527357	.
B73_chr4	39296172	39301653	LTRRT_20121	B73_chr4	39301627	39303901	meth_B73.ref_B73_4:39301627..39303901	0.541339	.
B73_chr4	39964328	39978384	LTRRT_20144	B73_chr4	39966804	39966968	meth_B73.ref_B73_4:39966804..39966968	0	.
B73_chr4	39964328	39978384	LTRRT_20144	B73_chr4	39976146	39976380	meth_B73.ref_B73_4:39976146..39976380	18.3099	.
B73_chr4	40392051	40408565	LTRRT_20153	B73_chr4	40400694	40401351	meth_B73.ref_B73_4:40400694..40401351	3.66599	.
B73_chr4	40392051	40408565	LTRRT_20153	B73_chr4	40405323	40405846	meth_B73.ref_B73_4:40405323..40405846	5.17241	.
B73_chr4	40796287	40801837	LTRRT_20162	B73_chr4	40801709	40803271	meth_B73.ref_B73_4:40801709..40803271	5.88235	.
B73_chr4	40796287	40801837	LTRRT_20162	B73_chr4	40795459	40796356	meth_B73.ref_B73_4:40795459..40796356	4.01606	.
B73_chr4	41457670	41470811	LTRRT_20178	B73_chr4	41468813	41468964	meth_B73.ref_B73_4:41468813..41468964	0	.
B73_chr4	41945240	41960819	LTRRT_20189	B73_chr4	41947108	41947469	meth_B73.ref_B73_4:41947108..41947469	7.87879	.
B73_chr4	41945240	41960819	LTRRT_20189	B73_chr4	41957988	41958202	meth_B73.ref_B73_4:41957988..41958202	19.0217	.
B73_chr4	42595588	42607911	LTRRT_20208	B73_chr4	42596209	42596466	meth_B73.ref_B73_4:42596209..42596466	3.51759	.
B73_chr4	43221441	43234903	LTRRT_20223	B73_chr4	43228230	43229282	meth_B73.ref_B73_4:43228230..43229282	0.548446	.
B73_chr4	43246685	43254873	LTRRT_20224	B73_chr4	43246465	43246898	meth_B73.ref_B73_4:43246465..43246898	4.5977	.
B73_chr4	44074046	44085712	LTRRT_20245	B73_chr4	44084837	44084993	meth_B73.ref_B73_4:44084837..44084993	0	.
B73_chr4	44944702	44955200	LTRRT_20265	B73_chr4	44955188	44964194	meth_B73.ref_B73_4:44955188..44964194	0.740475	.
B73_chr4	45480326	45492425	LTRRT_20277	B73_chr4	45481010	45481563	meth_B73.ref_B73_4:45481010..45481563	1.72414	.
B73_chr4	45480326	45492425	LTRRT_20277	B73_chr4	45488735	45489912	meth_B73.ref_B73_4:45488735..45489912	0	.
B73_chr4	45480326	45492425	LTRRT_20277	B73_chr4	45481706	45482077	meth_B73.ref_B73_4:45481706..45482077	0	.
B73_chr4	45607274	45618583	LTRRT_20281	B73_chr4	45608646	45609045	meth_B73.ref_B73_4:45608646..45609045	3.73832	.
B73_chr4	45607274	45618583	LTRRT_20281	B73_chr4	45615879	45616184	meth_B73.ref_B73_4:45615879..45616184	0	.
B73_chr4	45772726	45778190	LTRRT_20286	B73_chr4	45772962	45777875	meth_B73.ref_B73_4:45772962..45777875	0.871681	.
B73_chr4	45968122	45980882	LTRRT_20293	B73_chr4	45968240	45968479	meth_B73.ref_B73_4:45968240..45968479	13.3333	.
B73_chr4	46092226	46103886	LTRRT_20296	B73_chr4	46103874	46107263	meth_B73.ref_B73_4:46103874..46107263	0.919775	.
B73_chr4	46222268	46229225	LTRRT_20299	B73_chr4	46223275	46223647	meth_B73.ref_B73_4:46223275..46223647	4.5045	.
B73_chr4	46222268	46229225	LTRRT_20299	B73_chr4	46228760	46228918	meth_B73.ref_B73_4:46228760..46228918	5.82524	.
B73_chr4	46917384	46922534	LTRRT_20314	B73_chr4	46921588	46921757	meth_B73.ref_B73_4:46921588..46921757	9.24855	.
B73_chr4	46917384	46922534	LTRRT_20314	B73_chr4	46922228	46922461	meth_B73.ref_B73_4:46922228..46922461	18.8679	.
B73_chr4	46917384	46922534	LTRRT_20314	B73_chr4	46922505	46925813	meth_B73.ref_B73_4:46922505..46925813	1.53341	.
B73_chr4	46964183	46971459	LTRRT_20315	B73_chr4	46971337	46972051	meth_B73.ref_B73_4:46971337..46972051	0.598086	.
B73_chr4	47291673	47296876	LTRRT_20325	B73_chr4	47292468	47301127	meth_B73.ref_B73_4:47292468..47301127	2.79815	.
B73_chr4	47546113	47560927	LTRRT_20330	B73_chr4	47549020	47549736	meth_B73.ref_B73_4:47549020..47549736	3.75783	.
B73_chr4	47546113	47560927	LTRRT_20330	B73_chr4	47556078	47556740	meth_B73.ref_B73_4:47556078..47556740	4.78723	.
B73_chr4	47646990	47656239	LTRRT_20334	B73_chr4	47647988	47648778	meth_B73.ref_B73_4:47647988..47648778	4.84262	.
B73_chr4	47646990	47656239	LTRRT_20334	B73_chr4	47654949	47655864	meth_B73.ref_B73_4:47654949..47655864	7.22892	.
B73_chr4	48172354	48181654	LTRRT_20345	B73_chr4	48173402	48173553	meth_B73.ref_B73_4:48173402..48173553	6.66667	.
B73_chr4	48172354	48181654	LTRRT_20345	B73_chr4	48173582	48173905	meth_B73.ref_B73_4:48173582..48173905	14.5833	.
B73_chr4	48521918	48531066	LTRRT_20355	B73_chr4	48523093	48524029	meth_B73.ref_B73_4:48523093..48524029	4.85437	.
B73_chr4	48521918	48531066	LTRRT_20355	B73_chr4	48529588	48529764	meth_B73.ref_B73_4:48529588..48529764	9.52381	.
B73_chr4	48521918	48531066	LTRRT_20355	B73_chr4	48529897	48530381	meth_B73.ref_B73_4:48529897..48530381	12.5	.
B73_chr4	49132050	49141480	LTRRT_20367	B73_chr4	49138710	49138912	meth_B73.ref_B73_4:49138710..49138912	13.1579	.
B73_chr4	49758399	49773377	LTRRT_20385	B73_chr4	49760683	49761017	meth_B73.ref_B73_4:49760683..49761017	15.2941	.
B73_chr4	50047509	50062913	LTRRT_20389	B73_chr4	50050160	50050332	meth_B73.ref_B73_4:50050160..50050332	1.85185	.
B73_chr4	50129740	50134724	LTRRT_20392	B73_chr4	50131122	50134804	meth_B73.ref_B73_4:50131122..50134804	3.14633	.
B73_chr4	50939330	50954356	LTRRT_20410	B73_chr4	50941344	50941507	meth_B73.ref_B73_4:50941344..50941507	12.3288	.
B73_chr4	51232283	51246113	LTRRT_20419	B73_chr4	51232443	51232597	meth_B73.ref_B73_4:51232443..51232597	11.7647	.
B73_chr4	51656305	51665513	LTRRT_20427	B73_chr4	51656689	51657475	meth_B73.ref_B73_4:51656689..51657475	3.15789	.
B73_chr4	51656305	51665513	LTRRT_20427	B73_chr4	51663598	51664512	meth_B73.ref_B73_4:51663598..51664512	3.31126	.
B73_chr4	51831139	51840571	LTRRT_20433	B73_chr4	51840410	51840792	meth_B73.ref_B73_4:51840410..51840792	14.8936	.
B73_chr4	51911896	51917165	LTRRT_20436	B73_chr4	51911224	51911952	meth_B73.ref_B73_4:51911224..51911952	3.09811	.
B73_chr4	51911896	51917165	LTRRT_20436	B73_chr4	51917034	51920491	meth_B73.ref_B73_4:51917034..51920491	0.3367	.
B73_chr4	52067375	52077177	LTRRT_20437	B73_chr4	52068497	52069245	meth_B73.ref_B73_4:52068497..52069245	3.95349	.
B73_chr4	52067375	52077177	LTRRT_20437	B73_chr4	52076053	52076677	meth_B73.ref_B73_4:52076053..52076677	5.01089	.
B73_chr4	52674028	52683170	LTRRT_20452	B73_chr4	52675032	52676178	meth_B73.ref_B73_4:52675032..52676178	3.42717	.
B73_chr4	52674028	52683170	LTRRT_20452	B73_chr4	52681706	52682745	meth_B73.ref_B73_4:52681706..52682745	6.30517	.
B73_chr4	53426267	53437699	LTRRT_20471	B73_chr4	53432605	53432827	meth_B73.ref_B73_4:53432605..53432827	12.2449	.
B73_chr4	53779520	53782572	LTRRT_20481	B73_chr4	53777066	53779522	meth_B73.ref_B73_4:53777066..53779522	1.53574	.
B73_chr4	54917411	54929676	LTRRT_20509	B73_chr4	54925646	54925805	meth_B73.ref_B73_4:54925646..54925805	17.0213	.
B73_chr4	54945726	54960568	LTRRT_20510	B73_chr4	54958085	54958245	meth_B73.ref_B73_4:54958085..54958245	12.8713	.
B73_chr4	55556186	55570142	LTRRT_20527	B73_chr4	55570126	55573343	meth_B73.ref_B73_4:55570126..55573343	0.246392	.
B73_chr4	55794393	55799515	LTRRT_20537	B73_chr4	55793965	55794585	meth_B73.ref_B73_4:55793965..55794585	1.44628	.
B73_chr4	55898648	55905116	LTRRT_20539	B73_chr4	55904530	55904709	meth_B73.ref_B73_4:55904530..55904709	18.4932	.
B73_chr4	56209879	56222083	LTRRT_20550	B73_chr4	56218400	56218606	meth_B73.ref_B73_4:56218400..56218606	0	.
B73_chr4	56340773	56347530	LTRRT_20554	B73_chr4	56347508	56348067	meth_B73.ref_B73_4:56347508..56348067	0.851789	.
B73_chr4	57928952	57938396	LTRRT_20581	B73_chr4	57929464	57930152	meth_B73.ref_B73_4:57929464..57930152	3.00429	.
B73_chr4	57928952	57938396	LTRRT_20581	B73_chr4	57936538	57937119	meth_B73.ref_B73_4:57936538..57937119	4.86258	.
B73_chr4	58041986	58056960	LTRRT_20588	B73_chr4	58044173	58044486	meth_B73.ref_B73_4:58044173..58044486	10.0962	.
B73_chr4	58873002	58885335	LTRRT_20612	B73_chr4	58874571	58874768	meth_B73.ref_B73_4:58874571..58874768	10.8696	.
B73_chr4	59060487	59067321	LTRRT_20614	B73_chr4	59061008	59061276	meth_B73.ref_B73_4:59061008..59061276	11.9134	.
B73_chr4	59060487	59067321	LTRRT_20614	B73_chr4	59065286	59065556	meth_B73.ref_B73_4:59065286..59065556	6.31229	.
B73_chr4	60529149	60540596	LTRRT_20648	B73_chr4	60534083	60534250	meth_B73.ref_B73_4:60534083..60534250	8.57143	.
B73_chr4	61882300	61887590	LTRRT_20682	B73_chr4	61887398	61890983	meth_B73.ref_B73_4:61887398..61890983	1.36507	.
B73_chr4	62106405	62113249	LTRRT_20688	B73_chr4	62107844	62108175	meth_B73.ref_B73_4:62107844..62108175	9.84848	.
B73_chr4	62106405	62113249	LTRRT_20688	B73_chr4	62112128	62112621	meth_B73.ref_B73_4:62112128..62112621	1.72414	.
B73_chr4	62384920	62392861	LTRRT_20698	B73_chr4	62385327	62385552	meth_B73.ref_B73_4:62385327..62385552	9.43396	.
B73_chr4	62384920	62392861	LTRRT_20698	B73_chr4	62392095	62392320	meth_B73.ref_B73_4:62392095..62392320	12.4138	.
B73_chr4	62973099	62981034	LTRRT_20709	B73_chr4	62980268	62980447	meth_B73.ref_B73_4:62980268..62980447	18.8406	.
B73_chr4	63345538	63359640	LTRRT_20717	B73_chr4	63348786	63349897	meth_B73.ref_B73_4:63348786..63349897	6.58537	.
B73_chr4	63345538	63359640	LTRRT_20717	B73_chr4	63356062	63356456	meth_B73.ref_B73_4:63356062..63356456	8.57143	.
B73_chr4	63345538	63359640	LTRRT_20717	B73_chr4	63356689	63357627	meth_B73.ref_B73_4:63356689..63357627	6.77291	.
B73_chr4	63378430	63387016	LTRRT_20718	B73_chr4	63379543	63380385	meth_B73.ref_B73_4:63379543..63380385	7.86885	.
B73_chr4	63378430	63387016	LTRRT_20718	B73_chr4	63385758	63386597	meth_B73.ref_B73_4:63385758..63386597	2.20751	.
B73_chr4	64148559	64155454	LTRRT_20734	B73_chr4	64150198	64150622	meth_B73.ref_B73_4:64150198..64150622	0	.
B73_chr4	64148559	64155454	LTRRT_20734	B73_chr4	64154540	64155079	meth_B73.ref_B73_4:64154540..64155079	0	.
B73_chr4	65190388	65197271	LTRRT_20756	B73_chr4	65192209	65192406	meth_B73.ref_B73_4:65192209..65192406	0	.
B73_chr4	65190388	65197271	LTRRT_20756	B73_chr4	65196055	65196836	meth_B73.ref_B73_4:65196055..65196836	3.64964	.
B73_chr4	65190388	65197271	LTRRT_20756	B73_chr4	65191822	65192051	meth_B73.ref_B73_4:65191822..65192051	13.1579	.
B73_chr4	65787499	65793375	LTRRT_20774	B73_chr4	65784666	65787547	meth_B73.ref_B73_4:65784666..65787547	0.605013	.
B73_chr4	65787499	65793375	LTRRT_20774	B73_chr4	65787659	65788695	meth_B73.ref_B73_4:65787659..65788695	0.970874	.
B73_chr4	67778410	67793479	LTRRT_20825	B73_chr4	67791374	67791613	meth_B73.ref_B73_4:67791374..67791613	7.38916	.
B73_chr4	68089888	68113205	LTRRT_20835	B73_chr4	68092211	68093060	meth_B73.ref_B73_4:68092211..68093060	10.3125	.
B73_chr4	68089888	68113205	LTRRT_20835	B73_chr4	68109119	68110026	meth_B73.ref_B73_4:68109119..68110026	9.02256	.
B73_chr4	69225983	69240211	LTRRT_20866	B73_chr4	69232918	69233078	meth_B73.ref_B73_4:69232918..69233078	15.7895	.
B73_chr4	69668834	69674290	LTRRT_20876	B73_chr4	69666379	69672334	meth_B73.ref_B73_4:69666379..69672334	2.08333	.
B73_chr4	70098054	70106807	LTRRT_20884	B73_chr4	70099089	70099847	meth_B73.ref_B73_4:70099089..70099847	6.13861	.
B73_chr4	70098054	70106807	LTRRT_20884	B73_chr4	70101213	70101585	meth_B73.ref_B73_4:70101213..70101585	12.0944	.
B73_chr4	70098054	70106807	LTRRT_20884	B73_chr4	70105513	70106302	meth_B73.ref_B73_4:70105513..70106302	6.65138	.
B73_chr4	70098054	70106807	LTRRT_20884	B73_chr4	70106424	70106625	meth_B73.ref_B73_4:70106424..70106625	8.33333	.
B73_chr4	70580727	70596304	LTRRT_20897	B73_chr4	70593495	70593655	meth_B73.ref_B73_4:70593495..70593655	10.9589	.
B73_chr4	71111761	71134598	LTRRT_20912	B73_chr4	71113542	71113716	meth_B73.ref_B73_4:71113542..71113716	1.75439	.
B73_chr4	71111761	71134598	LTRRT_20912	B73_chr4	71131776	71131948	meth_B73.ref_B73_4:71131776..71131948	3.44828	.
B73_chr4	71448092	71455440	LTRRT_20920	B73_chr4	71446006	71448097	meth_B73.ref_B73_4:71446006..71448097	2.4971	.
B73_chr4	71640559	71647794	LTRRT_20923	B73_chr4	71647728	71648771	meth_B73.ref_B73_4:71647728..71648771	1.53846	.
B73_chr4	71837928	71850472	LTRRT_20931	B73_chr4	71840519	71840822	meth_B73.ref_B73_4:71840519..71840822	3.22581	.
B73_chr4	71837928	71850472	LTRRT_20931	B73_chr4	71848205	71848564	meth_B73.ref_B73_4:71848205..71848564	5.30303	.
B73_chr4	72387744	72400659	LTRRT_20946	B73_chr4	72389892	72390882	meth_B73.ref_B73_4:72389892..72390882	4.34783	.
B73_chr4	72387744	72400659	LTRRT_20946	B73_chr4	72391287	72391935	meth_B73.ref_B73_4:72391287..72391935	1.4218	.
B73_chr4	72387744	72400659	LTRRT_20946	B73_chr4	72397053	72399059	meth_B73.ref_B73_4:72397053..72399059	3.20513	.
B73_chr4	73190671	73205662	LTRRT_20966	B73_chr4	73203507	73203815	meth_B73.ref_B73_4:73203507..73203815	10.2564	.
B73_chr4	74780503	74787398	LTRRT_20999	B73_chr4	74781918	74782750	meth_B73.ref_B73_4:74781918..74782750	6.69935	.
B73_chr4	74780503	74787398	LTRRT_20999	B73_chr4	74786227	74786910	meth_B73.ref_B73_4:74786227..74786910	13.6786	.
B73_chr4	75146071	75151520	LTRRT_21008	B73_chr4	75144946	75151896	meth_B73.ref_B73_4:75144946..75151896	0.534114	.
B73_chr4	76166070	76175155	LTRRT_21032	B73_chr4	76167103	76168058	meth_B73.ref_B73_4:76167103..76168058	6.39535	.
B73_chr4	76166070	76175155	LTRRT_21032	B73_chr4	76173688	76174646	meth_B73.ref_B73_4:76173688..76174646	1.95382	.
B73_chr4	76434557	76446054	LTRRT_21036	B73_chr4	76437764	76438406	meth_B73.ref_B73_4:76437764..76438406	0	.
B73_chr4	76497963	76508220	LTRRT_21039	B73_chr4	76499128	76499808	meth_B73.ref_B73_4:76499128..76499808	5.76923	.
B73_chr4	76497963	76508220	LTRRT_21039	B73_chr4	76507132	76507741	meth_B73.ref_B73_4:76507132..76507741	4.78873	.
B73_chr4	76755535	76774637	LTRRT_21046	B73_chr4	76772151	76772353	meth_B73.ref_B73_4:76772151..76772353	8.62944	.
B73_chr4	78088846	78100506	LTRRT_21079	B73_chr4	78091482	78092355	meth_B73.ref_B73_4:78091482..78092355	0.239234	.
B73_chr4	78088846	78100506	LTRRT_21079	B73_chr4	78098823	78099349	meth_B73.ref_B73_4:78098823..78099349	0.653595	.
B73_chr4	78088846	78100506	LTRRT_21079	B73_chr4	78099521	78099737	meth_B73.ref_B73_4:78099521..78099737	5.12821	.
B73_chr4	78668598	78676410	LTRRT_21097	B73_chr4	78675561	78675723	meth_B73.ref_B73_4:78675561..78675723	10.5263	.
B73_chr4	79286396	79301800	LTRRT_21107	B73_chr4	79288177	79288351	meth_B73.ref_B73_4:79288177..79288351	11.6071	.
B73_chr4	79286396	79301800	LTRRT_21107	B73_chr4	79298708	79299083	meth_B73.ref_B73_4:79298708..79299083	11.7647	.
B73_chr4	79648956	79658421	LTRRT_21114	B73_chr4	79658270	79658465	meth_B73.ref_B73_4:79658270..79658465	15	.
B73_chr4	80227597	80242545	LTRRT_21128	B73_chr4	80229762	80230101	meth_B73.ref_B73_4:80229762..80230101	9.57447	.
B73_chr4	80252624	80271913	LTRRT_21129	B73_chr4	80253001	80253669	meth_B73.ref_B73_4:80253001..80253669	13.354	.
B73_chr4	80252624	80271913	LTRRT_21129	B73_chr4	80270069	80270421	meth_B73.ref_B73_4:80270069..80270421	14.0411	.
B73_chr4	81011961	81023722	LTRRT_21145	B73_chr4	81010581	81011973	meth_B73.ref_B73_4:81010581..81011973	1.04803	.
B73_chr4	82655298	82664416	LTRRT_21184	B73_chr4	82655616	82656776	meth_B73.ref_B73_4:82655616..82656776	3.9897	.
B73_chr4	82655298	82664416	LTRRT_21184	B73_chr4	82660704	82661036	meth_B73.ref_B73_4:82660704..82661036	12.4183	.
B73_chr4	82655298	82664416	LTRRT_21184	B73_chr4	82662438	82663368	meth_B73.ref_B73_4:82662438..82663368	5.65749	.
B73_chr4	83054695	83067128	LTRRT_21196	B73_chr4	83058258	83058432	meth_B73.ref_B73_4:83058258..83058432	5.17241	.
B73_chr4	83252060	83265332	LTRRT_21204	B73_chr4	83254259	83254491	meth_B73.ref_B73_4:83254259..83254491	15.625	.
B73_chr4	83475125	83490081	LTRRT_21211	B73_chr4	83477410	83477647	meth_B73.ref_B73_4:83477410..83477647	7.29167	.
B73_chr4	83643391	83652704	LTRRT_21216	B73_chr4	83644079	83644338	meth_B73.ref_B73_4:83644079..83644338	0	.
B73_chr4	84936357	84946495	LTRRT_21241	B73_chr4	84937584	84938392	meth_B73.ref_B73_4:84937584..84938392	3.76106	.
B73_chr4	84936357	84946495	LTRRT_21241	B73_chr4	84945005	84945981	meth_B73.ref_B73_4:84945005..84945981	4.64345	.
B73_chr4	85178498	85197705	LTRRT_21247	B73_chr4	85179979	85182003	meth_B73.ref_B73_4:85179979..85182003	0.23175	.
B73_chr4	85178498	85197705	LTRRT_21247	B73_chr4	85195266	85197282	meth_B73.ref_B73_4:85195266..85197282	0.326371	.
B73_chr4	86042206	86054873	LTRRT_21265	B73_chr4	86053260	86053424	meth_B73.ref_B73_4:86053260..86053424	4.65116	.
B73_chr4	86178236	86191693	LTRRT_21268	B73_chr4	86180809	86181345	meth_B73.ref_B73_4:86180809..86181345	3.8674	.
B73_chr4	86178236	86191693	LTRRT_21268	B73_chr4	86188607	86189159	meth_B73.ref_B73_4:86188607..86189159	2.91971	.
B73_chr4	87234396	87243573	LTRRT_21294	B73_chr4	87234764	87235650	meth_B73.ref_B73_4:87234764..87235650	9.38967	.
B73_chr4	87234396	87243573	LTRRT_21294	B73_chr4	87241605	87242485	meth_B73.ref_B73_4:87241605..87242485	4.5045	.
B73_chr4	87439472	87455036	LTRRT_21297	B73_chr4	87452071	87452324	meth_B73.ref_B73_4:87452071..87452324	2.5	.
B73_chr4	87439472	87455036	LTRRT_21297	B73_chr4	87441188	87441513	meth_B73.ref_B73_4:87441188..87441513	9.13242	.
B73_chr4	87695086	87706751	LTRRT_21305	B73_chr4	87702398	87702567	meth_B73.ref_B73_4:87702398..87702567	14.2857	.
B73_chr4	87758348	87763512	LTRRT_21308	B73_chr4	87757253	87758370	meth_B73.ref_B73_4:87757253..87758370	0.883002	.
B73_chr4	87933875	87949438	LTRRT_21311	B73_chr4	87935741	87935915	meth_B73.ref_B73_4:87935741..87935915	16.6667	.
B73_chr4	87933875	87949438	LTRRT_21311	B73_chr4	87946466	87946722	meth_B73.ref_B73_4:87946466..87946722	14.6341	.
B73_chr4	89217122	89222022	LTRRT_21343	B73_chr4	89219919	89220883	meth_B73.ref_B73_4:89219919..89220883	1.03896	.
B73_chr4	89231821	89245668	LTRRT_21344	B73_chr4	89233552	89234329	meth_B73.ref_B73_4:89233552..89234329	0.699301	.
B73_chr4	89231821	89245668	LTRRT_21344	B73_chr4	89234750	89235432	meth_B73.ref_B73_4:89234750..89235432	8.69565	.
B73_chr4	89231821	89245668	LTRRT_21344	B73_chr4	89241285	89242318	meth_B73.ref_B73_4:89241285..89242318	5	.
B73_chr4	89231821	89245668	LTRRT_21344	B73_chr4	89242518	89243193	meth_B73.ref_B73_4:89242518..89243193	8.43672	.
B73_chr4	89396870	89403767	LTRRT_21348	B73_chr4	89398244	89399159	meth_B73.ref_B73_4:89398244..89399159	4.6371	.
B73_chr4	89396870	89403767	LTRRT_21348	B73_chr4	89402682	89403463	meth_B73.ref_B73_4:89402682..89403463	7.94118	.
B73_chr4	89731259	89740609	LTRRT_21355	B73_chr4	89740387	89742558	meth_B73.ref_B73_4:89740387..89742558	0.1999	.
B73_chr4	90574656	90588159	LTRRT_21370	B73_chr4	90576604	90577386	meth_B73.ref_B73_4:90576604..90577386	6.97674	.
B73_chr4	90574656	90588159	LTRRT_21370	B73_chr4	90577566	90578323	meth_B73.ref_B73_4:90577566..90578323	9.52381	.
B73_chr4	90574656	90588159	LTRRT_21370	B73_chr4	90584099	90584973	meth_B73.ref_B73_4:90584099..90584973	3.58974	.
B73_chr4	90574656	90588159	LTRRT_21370	B73_chr4	90585143	90585565	meth_B73.ref_B73_4:90585143..90585565	14.7465	.
B73_chr4	90967489	90983025	LTRRT_21375	B73_chr4	90970126	90970300	meth_B73.ref_B73_4:90970126..90970300	5.55556	.
B73_chr4	91072675	91081831	LTRRT_21379	B73_chr4	91073806	91074831	meth_B73.ref_B73_4:91073806..91074831	5	.
B73_chr4	91072675	91081831	LTRRT_21379	B73_chr4	91080802	91081275	meth_B73.ref_B73_4:91080802..91081275	14.6617	.
B73_chr4	91433077	91447511	LTRRT_21388	B73_chr4	91436518	91437427	meth_B73.ref_B73_4:91436518..91437427	12.2699	.
B73_chr4	91433077	91447511	LTRRT_21388	B73_chr4	91444282	91445313	meth_B73.ref_B73_4:91444282..91445313	14.532	.
B73_chr4	91533052	91548454	LTRRT_21391	B73_chr4	91535767	91536148	meth_B73.ref_B73_4:91535767..91536148	6.38298	.
B73_chr4	91608671	91618861	LTRRT_21392	B73_chr4	91609698	91610713	meth_B73.ref_B73_4:91609698..91610713	4.01107	.
B73_chr4	91608671	91618861	LTRRT_21392	B73_chr4	91617334	91618349	meth_B73.ref_B73_4:91617334..91618349	2.06186	.
B73_chr4	91968210	91978019	LTRRT_21399	B73_chr4	91968598	91969476	meth_B73.ref_B73_4:91968598..91969476	2.08333	.
B73_chr4	91968210	91978019	LTRRT_21399	B73_chr4	91976073	91976897	meth_B73.ref_B73_4:91976073..91976897	3.64742	.
B73_chr4	92806267	92814920	LTRRT_21419	B73_chr4	92807067	92807843	meth_B73.ref_B73_4:92807067..92807843	1.54321	.
B73_chr4	92806267	92814920	LTRRT_21419	B73_chr4	92812221	92812784	meth_B73.ref_B73_4:92812221..92812784	1.36986	.
B73_chr4	93675379	93690363	LTRRT_21436	B73_chr4	93688323	93688521	meth_B73.ref_B73_4:93688323..93688521	12.2302	.
B73_chr4	93962166	93969077	LTRRT_21442	B73_chr4	93963722	93964267	meth_B73.ref_B73_4:93963722..93964267	9.88201	.
B73_chr4	93962166	93969077	LTRRT_21442	B73_chr4	93968020	93968723	meth_B73.ref_B73_4:93968020..93968723	5.50847	.
B73_chr4	94085635	94101109	LTRRT_21447	B73_chr4	94099092	94099264	meth_B73.ref_B73_4:94099092..94099264	18.9349	.
B73_chr4	94810819	94823633	LTRRT_21473	B73_chr4	94811426	94811866	meth_B73.ref_B73_4:94811426..94811866	10.2273	.
B73_chr4	95081508	95096507	LTRRT_21480	B73_chr4	95083377	95083528	meth_B73.ref_B73_4:95083377..95083528	3.44828	.
B73_chr4	95425737	95441129	LTRRT_21486	B73_chr4	95427149	95427595	meth_B73.ref_B73_4:95427149..95427595	16.6667	.
B73_chr4	96955359	96960944	LTRRT_21520	B73_chr4	96960826	96962146	meth_B73.ref_B73_4:96960826..96962146	0.782998	.
B73_chr4	97646505	97653521	LTRRT_21536	B73_chr4	97647939	97648614	meth_B73.ref_B73_4:97647939..97648614	15.8301	.
B73_chr4	97646505	97653521	LTRRT_21536	B73_chr4	97652468	97652919	meth_B73.ref_B73_4:97652468..97652919	5.29412	.
B73_chr4	98491142	98498213	LTRRT_21558	B73_chr4	98492658	98493303	meth_B73.ref_B73_4:98492658..98493303	3.18907	.
B73_chr4	98491142	98498213	LTRRT_21558	B73_chr4	98497048	98497701	meth_B73.ref_B73_4:98497048..98497701	3.99306	.
B73_chr4	98911803	98921342	LTRRT_21568	B73_chr4	98911875	98912060	meth_B73.ref_B73_4:98911875..98912060	4.7619	.
B73_chr4	99386533	99398765	LTRRT_21577	B73_chr4	99396618	99396814	meth_B73.ref_B73_4:99396618..99396814	9.09091	.
B73_chr4	99481768	99491334	LTRRT_21580	B73_chr4	99482269	99483225	meth_B73.ref_B73_4:99482269..99483225	3.84615	.
B73_chr4	99481768	99491334	LTRRT_21580	B73_chr4	99489344	99490205	meth_B73.ref_B73_4:99489344..99490205	2.88248	.
B73_chr4	99775632	99784789	LTRRT_21585	B73_chr4	99776639	99777628	meth_B73.ref_B73_4:99776639..99777628	3.68852	.
B73_chr4	99775632	99784789	LTRRT_21585	B73_chr4	99783308	99784409	meth_B73.ref_B73_4:99783308..99784409	5.26316	.
B73_chr4	102022434	102027654	LTRRT_21635	B73_chr4	102018448	102022622	meth_B73.ref_B73_4:102018448..102022622	3.27103	.
B73_chr4	102462775	102477718	LTRRT_21647	B73_chr4	102464625	102464776	meth_B73.ref_B73_4:102464625..102464776	2.98507	.
B73_chr4	102462775	102477718	LTRRT_21647	B73_chr4	102475235	102475386	meth_B73.ref_B73_4:102475235..102475386	14.7059	.
B73_chr4	102974710	102996423	LTRRT_21659	B73_chr4	102993899	102994075	meth_B73.ref_B73_4:102993899..102994075	7.69231	.
B73_chr4	103723382	103734596	LTRRT_21671	B73_chr4	103725921	103726574	meth_B73.ref_B73_4:103725921..103726574	1.87166	.
B73_chr4	103723382	103734596	LTRRT_21671	B73_chr4	103733240	103733880	meth_B73.ref_B73_4:103733240..103733880	3.7123	.
B73_chr4	104286584	104288590	LTRRT_21684	B73_chr4	104288507	104290275	meth_B73.ref_B73_4:104288507..104290275	5.47085	.
B73_chr4	104328236	104333642	LTRRT_21685	B73_chr4	104332782	104333216	meth_B73.ref_B73_4:104332782..104333216	5.77778	.
B73_chr4	104328236	104333642	LTRRT_21685	B73_chr4	104333398	104336004	meth_B73.ref_B73_4:104333398..104336004	0.624164	.
B73_chr4	105819190	105835243	LTRRT_21719	B73_chr4	105823491	105824195	meth_B73.ref_B73_4:105823491..105824195	5.13219	.
B73_chr4	105819190	105835243	LTRRT_21719	B73_chr4	105827649	105828511	meth_B73.ref_B73_4:105827649..105828511	5.94966	.
B73_chr4	105896148	105911683	LTRRT_21723	B73_chr4	105908872	105909032	meth_B73.ref_B73_4:105908872..105909032	7.84314	.
B73_chr4	106268304	106281856	LTRRT_21734	B73_chr4	106270198	106271236	meth_B73.ref_B73_4:106270198..106271236	6.4194	.
B73_chr4	106268304	106281856	LTRRT_21734	B73_chr4	106277777	106278738	meth_B73.ref_B73_4:106277777..106278738	7.06019	.
B73_chr4	106805374	106828254	LTRRT_21750	B73_chr4	106826221	106826395	meth_B73.ref_B73_4:106826221..106826395	16.6667	.
B73_chr4	107307694	107322234	LTRRT_21761	B73_chr4	107310965	107312008	meth_B73.ref_B73_4:107310965..107312008	5.3528	.
B73_chr4	107307694	107322234	LTRRT_21761	B73_chr4	107319611	107320128	meth_B73.ref_B73_4:107319611..107320128	12.6233	.
B73_chr4	108963562	108969303	LTRRT_21796	B73_chr4	108964162	108964316	meth_B73.ref_B73_4:108964162..108964316	16.6667	.
B73_chr4	109113287	109117926	LTRRT_21801	B73_chr4	109113843	109114158	meth_B73.ref_B73_4:109113843..109114158	13.8211	.
B73_chr4	109113287	109117926	LTRRT_21801	B73_chr4	109116979	109117320	meth_B73.ref_B73_4:109116979..109117320	12.5	.
B73_chr4	109183196	109190731	LTRRT_21806	B73_chr4	109190314	109190506	meth_B73.ref_B73_4:109190314..109190506	7.14286	.
B73_chr4	109255149	109262722	LTRRT_21809	B73_chr4	109261337	109261498	meth_B73.ref_B73_4:109261337..109261498	13.3333	.
B73_chr4	109300545	109314823	LTRRT_21811	B73_chr4	109301729	109301998	meth_B73.ref_B73_4:109301729..109301998	17.1429	.
B73_chr4	109400055	109403116	LTRRT_21818	B73_chr4	109401175	109401508	meth_B73.ref_B73_4:109401175..109401508	11.5789	.
B73_chr4	109400055	109403116	LTRRT_21818	B73_chr4	109402359	109402698	meth_B73.ref_B73_4:109402359..109402698	10.7143	.
B73_chr4	109448494	109462725	LTRRT_21820	B73_chr4	109453613	109453975	meth_B73.ref_B73_4:109453613..109453975	15.5172	.
B73_chr4	109524758	109532332	LTRRT_21824	B73_chr4	109525960	109526141	meth_B73.ref_B73_4:109525960..109526141	13.3333	.
B73_chr4	109542354	109557504	LTRRT_21825	B73_chr4	109542613	109542769	meth_B73.ref_B73_4:109542613..109542769	10.6383	.
B73_chr4	109571766	109579337	LTRRT_21828	B73_chr4	109571992	109572148	meth_B73.ref_B73_4:109571992..109572148	11.1111	.
B73_chr4	109707785	109715358	LTRRT_21835	B73_chr4	109707994	109708198	meth_B73.ref_B73_4:109707994..109708198	10.9375	.
B73_chr4	109942678	109949515	LTRRT_21851	B73_chr4	109945242	109945458	meth_B73.ref_B73_4:109945242..109945458	19.8198	.
B73_chr4	109951795	109957508	LTRRT_21852	B73_chr4	109952095	109952714	meth_B73.ref_B73_4:109952095..109952714	12.5	.
B73_chr4	109951795	109957508	LTRRT_21852	B73_chr4	109953160	109953510	meth_B73.ref_B73_4:109953160..109953510	9.73451	.
B73_chr4	109951795	109957508	LTRRT_21852	B73_chr4	109955362	109955782	meth_B73.ref_B73_4:109955362..109955782	9.40171	.
B73_chr4	109951795	109957508	LTRRT_21852	B73_chr4	109955950	109956248	meth_B73.ref_B73_4:109955950..109956248	17.6829	.
B73_chr4	109951795	109957508	LTRRT_21852	B73_chr4	109956643	109957063	meth_B73.ref_B73_4:109956643..109957063	2.58621	.
B73_chr4	109951795	109957508	LTRRT_21852	B73_chr4	109952911	109953085	meth_B73.ref_B73_4:109952911..109953085	11.8421	.
B73_chr4	110020572	110028141	LTRRT_21855	B73_chr4	110022606	110022894	meth_B73.ref_B73_4:110022606..110022894	8.57143	.
B73_chr4	110020572	110028141	LTRRT_21855	B73_chr4	110024958	110025161	meth_B73.ref_B73_4:110024958..110025161	3.33333	.
B73_chr4	110067849	110083423	LTRRT_21858	B73_chr4	110081384	110081558	meth_B73.ref_B73_4:110081384..110081558	4.4586	.
B73_chr4	110122683	110133050	LTRRT_21861	B73_chr4	110132140	110132323	meth_B73.ref_B73_4:110132140..110132323	6.52174	.
B73_chr4	110181477	110189053	LTRRT_21866	B73_chr4	110181992	110182233	meth_B73.ref_B73_4:110181992..110182233	13.3333	.
B73_chr4	110318849	110326424	LTRRT_21875	B73_chr4	110319106	110319262	meth_B73.ref_B73_4:110319106..110319262	16.2791	.
B73_chr4	110414018	110421427	LTRRT_21881	B73_chr4	110414249	110414728	meth_B73.ref_B73_4:110414249..110414728	12.6506	.
B73_chr4	110414018	110421427	LTRRT_21881	B73_chr4	110418130	110418325	meth_B73.ref_B73_4:110418130..110418325	8	.
B73_chr4	110414018	110421427	LTRRT_21881	B73_chr4	110419897	110420175	meth_B73.ref_B73_4:110419897..110420175	9.72222	.
B73_chr4	110414018	110421427	LTRRT_21881	B73_chr4	110420948	110421157	meth_B73.ref_B73_4:110420948..110421157	9.67742	.
B73_chr4	110761714	110776862	LTRRT_21898	B73_chr4	110762229	110762380	meth_B73.ref_B73_4:110762229..110762380	15.3846	.
B73_chr4	110761714	110776862	LTRRT_21898	B73_chr4	110765421	110765604	meth_B73.ref_B73_4:110765421..110765604	10.3448	.
B73_chr4	110937688	110947059	LTRRT_21907	B73_chr4	110938282	110938995	meth_B73.ref_B73_4:110938282..110938995	7.00219	.
B73_chr4	110937688	110947059	LTRRT_21907	B73_chr4	110945291	110946018	meth_B73.ref_B73_4:110945291..110946018	5.18135	.
B73_chr4	114489960	114503943	LTRRT_21994	B73_chr4	114495407	114495561	meth_B73.ref_B73_4:114495407..114495561	9.09091	.
B73_chr4	116071667	116087887	LTRRT_22026	B73_chr4	116073844	116074004	meth_B73.ref_B73_4:116073844..116074004	16.129	.
B73_chr4	116155529	116164750	LTRRT_22029	B73_chr4	116156576	116157325	meth_B73.ref_B73_4:116156576..116157325	9.00243	.
B73_chr4	116155529	116164750	LTRRT_22029	B73_chr4	116163459	116163922	meth_B73.ref_B73_4:116163459..116163922	8.23045	.
B73_chr4	116155529	116164750	LTRRT_22029	B73_chr4	116163993	116164200	meth_B73.ref_B73_4:116163993..116164200	9.7561	.
B73_chr4	116396655	116411031	LTRRT_22034	B73_chr4	116400074	116401464	meth_B73.ref_B73_4:116400074..116401464	3.53866	.
B73_chr4	116396655	116411031	LTRRT_22034	B73_chr4	116408097	116409135	meth_B73.ref_B73_4:116408097..116409135	2.64447	.
B73_chr4	116847079	116856292	LTRRT_22048	B73_chr4	116847586	116848249	meth_B73.ref_B73_4:116847586..116848249	7.44986	.
B73_chr4	116847079	116856292	LTRRT_22048	B73_chr4	116854498	116855287	meth_B73.ref_B73_4:116854498..116855287	4.82456	.
B73_chr4	116907160	116921355	LTRRT_22050	B73_chr4	116909189	116909853	meth_B73.ref_B73_4:116909189..116909853	6.72646	.
B73_chr4	118128552	118133656	LTRRT_22076	B73_chr4	118133463	118134275	meth_B73.ref_B73_4:118133463..118134275	1.86667	.
B73_chr4	118448387	118463398	LTRRT_22086	B73_chr4	118450253	118450404	meth_B73.ref_B73_4:118450253..118450404	6.34921	.
B73_chr4	118556214	118569913	LTRRT_22090	B73_chr4	118557328	118557500	meth_B73.ref_B73_4:118557328..118557500	6.25	.
B73_chr4	118589991	118594918	LTRRT_22091	B73_chr4	118589116	118590087	meth_B73.ref_B73_4:118589116..118590087	2.98786	.
B73_chr4	119249183	119256002	LTRRT_22104	B73_chr4	119250562	119251496	meth_B73.ref_B73_4:119250562..119251496	7.19101	.
B73_chr4	119249183	119256002	LTRRT_22104	B73_chr4	119254959	119255567	meth_B73.ref_B73_4:119254959..119255567	5.93607	.
B73_chr4	119604072	119610907	LTRRT_22114	B73_chr4	119604471	119605250	meth_B73.ref_B73_4:119604471..119605250	4.74732	.
B73_chr4	119604072	119610907	LTRRT_22114	B73_chr4	119608760	119609576	meth_B73.ref_B73_4:119608760..119609576	4.85075	.
B73_chr4	119612067	119619485	LTRRT_22115	B73_chr4	119613550	119614258	meth_B73.ref_B73_4:119613550..119614258	5.2349	.
B73_chr4	119612067	119619485	LTRRT_22115	B73_chr4	119618404	119618963	meth_B73.ref_B73_4:119618404..119618963	7.54505	.
B73_chr4	120057555	120072957	LTRRT_22122	B73_chr4	120058223	120058443	meth_B73.ref_B73_4:120058223..120058443	12.5	.
B73_chr4	120057555	120072957	LTRRT_22122	B73_chr4	120060206	120060380	meth_B73.ref_B73_4:120060206..120060380	5.7377	.
B73_chr4	120057555	120072957	LTRRT_22122	B73_chr4	120071002	120071176	meth_B73.ref_B73_4:120071002..120071176	4.28571	.
B73_chr4	120320310	120335275	LTRRT_22128	B73_chr4	120322490	120322650	meth_B73.ref_B73_4:120322490..120322650	0	.
B73_chr4	120932965	120942297	LTRRT_22137	B73_chr4	120931340	120933135	meth_B73.ref_B73_4:120931340..120933135	0.806452	.
B73_chr4	121182370	121188486	LTRRT_22143	B73_chr4	121179649	121182508	meth_B73.ref_B73_4:121179649..121182508	1.42222	.
B73_chr4	121899690	121913775	LTRRT_22155	B73_chr4	121900545	121901382	meth_B73.ref_B73_4:121900545..121901382	6.38298	.
B73_chr4	122669949	122684038	LTRRT_22170	B73_chr4	122671972	122673160	meth_B73.ref_B73_4:122671972..122673160	7.59202	.
B73_chr4	122669949	122684038	LTRRT_22170	B73_chr4	122680018	122680655	meth_B73.ref_B73_4:122680018..122680655	6.91358	.
B73_chr4	122669949	122684038	LTRRT_22170	B73_chr4	122680766	122681037	meth_B73.ref_B73_4:122680766..122681037	12.7273	.
B73_chr4	123982612	123989478	LTRRT_22200	B73_chr4	123982841	123983242	meth_B73.ref_B73_4:123982841..123983242	4.9505	.
B73_chr4	123982612	123989478	LTRRT_22200	B73_chr4	123988101	123988353	meth_B73.ref_B73_4:123988101..123988353	6.14035	.
B73_chr4	124584986	124599959	LTRRT_22210	B73_chr4	124586879	124587161	meth_B73.ref_B73_4:124586879..124587161	7.14286	.
B73_chr4	124885945	124900376	LTRRT_22216	B73_chr4	124889563	124889800	meth_B73.ref_B73_4:124889563..124889800	0	.
B73_chr4	124885945	124900376	LTRRT_22216	B73_chr4	124889970	124890312	meth_B73.ref_B73_4:124889970..124890312	0	.
B73_chr4	124885945	124900376	LTRRT_22216	B73_chr4	124897567	124898243	meth_B73.ref_B73_4:124897567..124898243	0.947867	.
B73_chr4	125105097	125116893	LTRRT_22220	B73_chr4	125113261	125113420	meth_B73.ref_B73_4:125113261..125113420	12.9032	.
B73_chr4	125572843	125587832	LTRRT_22232	B73_chr4	125575164	125575338	meth_B73.ref_B73_4:125575164..125575338	13.9535	.
B73_chr4	125685376	125701133	LTRRT_22235	B73_chr4	125690305	125690478	meth_B73.ref_B73_4:125690305..125690478	13.9535	.
B73_chr4	125797873	125812871	LTRRT_22240	B73_chr4	125800052	125800390	meth_B73.ref_B73_4:125800052..125800390	10.5882	.
B73_chr4	127170747	127177589	LTRRT_22271	B73_chr4	127171144	127171969	meth_B73.ref_B73_4:127171144..127171969	10	.
B73_chr4	127170747	127177589	LTRRT_22271	B73_chr4	127175561	127176250	meth_B73.ref_B73_4:127175561..127176250	7.21393	.
B73_chr4	127346436	127361353	LTRRT_22276	B73_chr4	127358860	127359100	meth_B73.ref_B73_4:127358860..127359100	14.2857	.
B73_chr4	127519080	127534648	LTRRT_22280	B73_chr4	127533662	127533817	meth_B73.ref_B73_4:127533662..127533817	14.2857	.
B73_chr4	127716280	127724051	LTRRT_22286	B73_chr4	127723566	127723727	meth_B73.ref_B73_4:127723566..127723727	20.339	.
B73_chr4	128400335	128407242	LTRRT_22300	B73_chr4	128400848	128401377	meth_B73.ref_B73_4:128400848..128401377	12.2449	.
B73_chr4	128400335	128407242	LTRRT_22300	B73_chr4	128405529	128405688	meth_B73.ref_B73_4:128405529..128405688	11.3636	.
B73_chr4	129108695	129121934	LTRRT_22317	B73_chr4	129119146	129119592	meth_B73.ref_B73_4:129119146..129119592	10.4651	.
B73_chr4	129476218	129485381	LTRRT_22324	B73_chr4	129476727	129477714	meth_B73.ref_B73_4:129476727..129477714	5.15192	.
B73_chr4	129476218	129485381	LTRRT_22324	B73_chr4	129483387	129484245	meth_B73.ref_B73_4:129483387..129484245	6.52174	.
B73_chr4	130156966	130171932	LTRRT_22340	B73_chr4	130169416	130169568	meth_B73.ref_B73_4:130169416..130169568	8.77193	.
B73_chr4	130258200	130269753	LTRRT_22345	B73_chr4	130260778	130261697	meth_B73.ref_B73_4:130260778..130261697	0	.
B73_chr4	130258200	130269753	LTRRT_22345	B73_chr4	130268161	130269101	meth_B73.ref_B73_4:130268161..130269101	0.813008	.
B73_chr4	132001971	132017524	LTRRT_22385	B73_chr4	132004433	132004620	meth_B73.ref_B73_4:132004433..132004620	11.4286	.
B73_chr4	133674317	133688881	LTRRT_22425	B73_chr4	133686652	133687014	meth_B73.ref_B73_4:133686652..133687014	4.34783	.
B73_chr4	133674317	133688881	LTRRT_22425	B73_chr4	133676967	133677290	meth_B73.ref_B73_4:133676967..133677290	5.03597	.
B73_chr4	135468672	135479044	LTRRT_22465	B73_chr4	135471421	135471805	meth_B73.ref_B73_4:135471421..135471805	12.4138	.
B73_chr4	135468672	135479044	LTRRT_22465	B73_chr4	135478452	135478654	meth_B73.ref_B73_4:135478452..135478654	8.82353	.
B73_chr4	135735597	135744734	LTRRT_22472	B73_chr4	135736601	135737583	meth_B73.ref_B73_4:135736601..135737583	3.15259	.
B73_chr4	135735597	135744734	LTRRT_22472	B73_chr4	135743289	135744229	meth_B73.ref_B73_4:135743289..135744229	5.10708	.
B73_chr4	136953082	136962278	LTRRT_22502	B73_chr4	136960289	136961190	meth_B73.ref_B73_4:136960289..136961190	2.88288	.
B73_chr4	136953082	136962278	LTRRT_22502	B73_chr4	136953495	136954461	meth_B73.ref_B73_4:136953495..136954461	0.722892	.
B73_chr4	137106576	137115941	LTRRT_22506	B73_chr4	137107550	137108568	meth_B73.ref_B73_4:137107550..137108568	7.87781	.
B73_chr4	137106576	137115941	LTRRT_22506	B73_chr4	137114602	137115508	meth_B73.ref_B73_4:137114602..137115508	7.12644	.
B73_chr4	137660962	137670303	LTRRT_22519	B73_chr4	137665719	137665934	meth_B73.ref_B73_4:137665719..137665934	13.3333	.
B73_chr4	137727972	137734921	LTRRT_22520	B73_chr4	137728340	137728781	meth_B73.ref_B73_4:137728340..137728781	15.6352	.
B73_chr4	137727972	137734921	LTRRT_22520	B73_chr4	137733207	137733374	meth_B73.ref_B73_4:137733207..137733374	12.1212	.
B73_chr4	138129701	138135889	LTRRT_22530	B73_chr4	138129121	138129735	meth_B73.ref_B73_4:138129121..138129735	2.24949	.
B73_chr4	138284362	138298322	LTRRT_22533	B73_chr4	138298320	138298828	meth_B73.ref_B73_4:138298320..138298828	2.32558	.
B73_chr4	138480219	138489880	LTRRT_22537	B73_chr4	138489120	138489276	meth_B73.ref_B73_4:138489120..138489276	15	.
B73_chr4	138534751	138545436	LTRRT_22538	B73_chr4	138540266	138540552	meth_B73.ref_B73_4:138540266..138540552	6.56566	.
B73_chr4	138534751	138545436	LTRRT_22538	B73_chr4	138544133	138544410	meth_B73.ref_B73_4:138544133..138544410	6.90909	.
B73_chr4	139348931	139355787	LTRRT_22558	B73_chr4	139350857	139351141	meth_B73.ref_B73_4:139350857..139351141	5.40541	.
B73_chr4	139348931	139355787	LTRRT_22558	B73_chr4	139354862	139355298	meth_B73.ref_B73_4:139354862..139355298	4.44444	.
B73_chr4	139455594	139469845	LTRRT_22562	B73_chr4	139456498	139457218	meth_B73.ref_B73_4:139456498..139457218	2.1164	.
B73_chr4	139717422	139730085	LTRRT_22565	B73_chr4	139718095	139719522	meth_B73.ref_B73_4:139718095..139719522	1.35922	.
B73_chr4	139717422	139730085	LTRRT_22565	B73_chr4	139726083	139727416	meth_B73.ref_B73_4:139726083..139727416	0.67243	.
B73_chr4	140308493	140323484	LTRRT_22578	B73_chr4	140310324	140310519	meth_B73.ref_B73_4:140310324..140310519	14.8936	.
B73_chr4	140308493	140323484	LTRRT_22578	B73_chr4	140320967	140321139	meth_B73.ref_B73_4:140320967..140321139	14.8936	.
B73_chr4	140835189	140848019	LTRRT_22592	B73_chr4	140837268	140838089	meth_B73.ref_B73_4:140837268..140838089	4.8433	.
B73_chr4	140835189	140848019	LTRRT_22592	B73_chr4	140838212	140838639	meth_B73.ref_B73_4:140838212..140838639	1.35135	.
B73_chr4	140835189	140848019	LTRRT_22592	B73_chr4	140843133	140845537	meth_B73.ref_B73_4:140843133..140845537	0.600343	.
B73_chr4	140835189	140848019	LTRRT_22592	B73_chr4	140835837	140837069	meth_B73.ref_B73_4:140835837..140837069	0.825083	.
B73_chr4	142330301	142335454	LTRRT_22627	B73_chr4	142331799	142331981	meth_B73.ref_B73_4:142331799..142331981	19.8198	.
B73_chr4	142330301	142335454	LTRRT_22627	B73_chr4	142334868	142335136	meth_B73.ref_B73_4:142334868..142335136	18.0952	.
B73_chr4	143230887	143246287	LTRRT_22646	B73_chr4	143233539	143233713	meth_B73.ref_B73_4:143233539..143233713	5.6962	.
B73_chr4	143230887	143246287	LTRRT_22646	B73_chr4	143244199	143244510	meth_B73.ref_B73_4:143244199..143244510	2.98507	.
B73_chr4	143501841	143516148	LTRRT_22653	B73_chr4	143500192	143502184	meth_B73.ref_B73_4:143500192..143502184	3.69668	.
B73_chr4	143589763	143596593	LTRRT_22655	B73_chr4	143591263	143591708	meth_B73.ref_B73_4:143591263..143591708	5.55556	.
B73_chr4	143589763	143596593	LTRRT_22655	B73_chr4	143595540	143596093	meth_B73.ref_B73_4:143595540..143596093	2.0202	.
B73_chr4	144127665	144132899	LTRRT_22667	B73_chr4	144127195	144127759	meth_B73.ref_B73_4:144127195..144127759	4.71204	.
B73_chr4	144127665	144132899	LTRRT_22667	B73_chr4	144132743	144133330	meth_B73.ref_B73_4:144132743..144133330	17.2638	.
B73_chr4	144803489	144817564	LTRRT_22679	B73_chr4	144805647	144805820	meth_B73.ref_B73_4:144805647..144805820	17.8404	.
B73_chr4	144803489	144817564	LTRRT_22679	B73_chr4	144805930	144806449	meth_B73.ref_B73_4:144805930..144806449	12.0954	.
B73_chr4	144803489	144817564	LTRRT_22679	B73_chr4	144813389	144814328	meth_B73.ref_B73_4:144813389..144814328	9.3981	.
B73_chr4	144953717	144969291	LTRRT_22684	B73_chr4	144955584	144955943	meth_B73.ref_B73_4:144955584..144955943	4.09836	.
B73_chr4	144953717	144969291	LTRRT_22684	B73_chr4	144966467	144966641	meth_B73.ref_B73_4:144966467..144966641	2.71739	.
B73_chr4	146718592	146721839	LTRRT_22738	B73_chr4	146721789	146722709	meth_B73.ref_B73_4:146721789..146722709	1.45985	.
B73_chr4	147016534	147031936	LTRRT_22746	B73_chr4	147030073	147030424	meth_B73.ref_B73_4:147030073..147030424	10.9091	.
B73_chr4	147266513	147281934	LTRRT_22751	B73_chr4	147269164	147269338	meth_B73.ref_B73_4:147269164..147269338	2.7027	.
B73_chr4	147977037	147983659	LTRRT_22768	B73_chr4	147976561	147977075	meth_B73.ref_B73_4:147976561..147977075	2.98507	.
B73_chr4	147977037	147983659	LTRRT_22768	B73_chr4	147977460	147978036	meth_B73.ref_B73_4:147977460..147978036	4.19287	.
B73_chr4	148830148	148836350	LTRRT_22788	B73_chr4	148830543	148831449	meth_B73.ref_B73_4:148830543..148831449	3.05677	.
B73_chr4	149076016	149085842	LTRRT_22797	B73_chr4	149076526	149077284	meth_B73.ref_B73_4:149076526..149077284	2.43363	.
B73_chr4	149076016	149085842	LTRRT_22797	B73_chr4	149083879	149084710	meth_B73.ref_B73_4:149083879..149084710	8.20312	.
B73_chr4	150147857	150154764	LTRRT_22819	B73_chr4	150149589	150149870	meth_B73.ref_B73_4:150149589..150149870	2.22222	.
B73_chr4	150147857	150154764	LTRRT_22819	B73_chr4	150153717	150154290	meth_B73.ref_B73_4:150153717..150154290	11.4407	.
B73_chr4	150247642	150258930	LTRRT_22821	B73_chr4	150248287	150249328	meth_B73.ref_B73_4:150248287..150249328	1.15108	.
B73_chr4	150247642	150258930	LTRRT_22821	B73_chr4	150255516	150256575	meth_B73.ref_B73_4:150255516..150256575	0.939597	.
B73_chr4	150932029	150942180	LTRRT_22833	B73_chr4	150934320	150934532	meth_B73.ref_B73_4:150934320..150934532	0	.
B73_chr4	151346185	151359835	LTRRT_22841	B73_chr4	151358727	151358898	meth_B73.ref_B73_4:151358727..151358898	13.7931	.
B73_chr4	151551704	151558523	LTRRT_22845	B73_chr4	151558521	151559934	meth_B73.ref_B73_4:151558521..151559934	0.845666	.
B73_chr4	151699744	151706096	LTRRT_22849	B73_chr4	151700143	151700933	meth_B73.ref_B73_4:151700143..151700933	0.58309	.
B73_chr4	151699744	151706096	LTRRT_22849	B73_chr4	151698427	151699782	meth_B73.ref_B73_4:151698427..151699782	1.16473	.
B73_chr4	151768991	151781046	LTRRT_22851	B73_chr4	151772008	151772321	meth_B73.ref_B73_4:151772008..151772321	11.4943	.
B73_chr4	152065604	152075426	LTRRT_22859	B73_chr4	152066717	152067591	meth_B73.ref_B73_4:152066717..152067591	0.78534	.
B73_chr4	152065604	152075426	LTRRT_22859	B73_chr4	152074167	152075000	meth_B73.ref_B73_4:152074167..152075000	4.24028	.
B73_chr4	153101745	153111554	LTRRT_22883	B73_chr4	153102171	153102876	meth_B73.ref_B73_4:153102171..153102876	2.01005	.
B73_chr4	153101745	153111554	LTRRT_22883	B73_chr4	153109688	153110348	meth_B73.ref_B73_4:153109688..153110348	4.98615	.
B73_chr4	153715474	153727277	LTRRT_22895	B73_chr4	153722195	153722403	meth_B73.ref_B73_4:153722195..153722403	12	.
B73_chr4	153715474	153727277	LTRRT_22895	B73_chr4	153722575	153722800	meth_B73.ref_B73_4:153722575..153722800	7.5188	.
B73_chr4	153910672	153920017	LTRRT_22902	B73_chr4	153911946	153912108	meth_B73.ref_B73_4:153911946..153912108	12.5	.
B73_chr4	154117856	154131656	LTRRT_22906	B73_chr4	154130627	154130791	meth_B73.ref_B73_4:154130627..154130791	8.57143	.
B73_chr4	154894301	154907889	LTRRT_22924	B73_chr4	154906682	154906847	meth_B73.ref_B73_4:154906682..154906847	7.31707	.
B73_chr4	155854327	155863279	LTRRT_22944	B73_chr4	155853685	155854426	meth_B73.ref_B73_4:155853685..155854426	2.56959	.
B73_chr4	156141665	156152035	LTRRT_22949	B73_chr4	156147259	156147438	meth_B73.ref_B73_4:156147259..156147438	11.6438	.
B73_chr4	156390127	156396384	LTRRT_22959	B73_chr4	156396366	156398769	meth_B73.ref_B73_4:156396366..156398769	0.809307	.
B73_chr4	156410896	156417739	LTRRT_22960	B73_chr4	156411404	156411595	meth_B73.ref_B73_4:156411404..156411595	0	.
B73_chr4	156410896	156417739	LTRRT_22960	B73_chr4	156411721	156411945	meth_B73.ref_B73_4:156411721..156411945	0	.
B73_chr4	156410896	156417739	LTRRT_22960	B73_chr4	156415785	156416008	meth_B73.ref_B73_4:156415785..156416008	0	.
B73_chr4	156410896	156417739	LTRRT_22960	B73_chr4	156416025	156416399	meth_B73.ref_B73_4:156416025..156416399	8.73016	.
B73_chr4	156829293	156836657	LTRRT_22968	B73_chr4	156828396	156829295	meth_B73.ref_B73_4:156828396..156829295	1.42248	.
B73_chr4	157016586	157031510	LTRRT_22975	B73_chr4	157031469	157032191	meth_B73.ref_B73_4:157031469..157032191	0.507099	.
B73_chr4	157183596	157193064	LTRRT_22981	B73_chr4	157191715	157191905	meth_B73.ref_B73_4:157191715..157191905	18	.
B73_chr4	157817610	157828429	LTRRT_22995	B73_chr4	157818424	157818746	meth_B73.ref_B73_4:157818424..157818746	0	.
B73_chr4	157817610	157828429	LTRRT_22995	B73_chr4	157823273	157823970	meth_B73.ref_B73_4:157823273..157823970	0	.
B73_chr4	157817610	157828429	LTRRT_22995	B73_chr4	157826991	157827276	meth_B73.ref_B73_4:157826991..157827276	13.3333	.
B73_chr4	158070720	158084866	LTRRT_23004	B73_chr4	158070011	158070733	meth_B73.ref_B73_4:158070011..158070733	0.69735	.
B73_chr4	159284516	159294565	LTRRT_23033	B73_chr4	159284179	159284528	meth_B73.ref_B73_4:159284179..159284528	1.62162	.
B73_chr4	159342560	159354995	LTRRT_23036	B73_chr4	159349559	159350801	meth_B73.ref_B73_4:159349559..159350801	1.3269	.
B73_chr4	160143316	160155539	LTRRT_23057	B73_chr4	160155533	160156016	meth_B73.ref_B73_4:160155533..160156016	0.937082	.
B73_chr4	160319230	160324744	LTRRT_23062	B73_chr4	160318379	160319238	meth_B73.ref_B73_4:160318379..160319238	2.16383	.
B73_chr4	160319230	160324744	LTRRT_23062	B73_chr4	160324422	160324949	meth_B73.ref_B73_4:160324422..160324949	5.43735	.
B73_chr4	161640257	161649018	LTRRT_23089	B73_chr4	161640412	161640972	meth_B73.ref_B73_4:161640412..161640972	4.69136	.
B73_chr4	162545753	162552641	LTRRT_23112	B73_chr4	162547085	162547962	meth_B73.ref_B73_4:162547085..162547962	6.56635	.
B73_chr4	162545753	162552641	LTRRT_23112	B73_chr4	162551385	162552088	meth_B73.ref_B73_4:162551385..162552088	13.3791	.
B73_chr4	162873995	162879485	LTRRT_23119	B73_chr4	162872757	162874065	meth_B73.ref_B73_4:162872757..162874065	2.22068	.
B73_chr4	163196465	163208667	LTRRT_23127	B73_chr4	163208610	163209836	meth_B73.ref_B73_4:163208610..163209836	1.78253	.
B73_chr4	163236466	163251436	LTRRT_23129	B73_chr4	163238333	163238646	meth_B73.ref_B73_4:163238333..163238646	11.4865	.
B73_chr4	163236466	163251436	LTRRT_23129	B73_chr4	163248937	163249247	meth_B73.ref_B73_4:163248937..163249247	4.91803	.
B73_chr4	163393432	163402872	LTRRT_23134	B73_chr4	163401115	163401299	meth_B73.ref_B73_4:163401115..163401299	11.1111	.
B73_chr4	164020258	164030443	LTRRT_23150	B73_chr4	164021347	164022255	meth_B73.ref_B73_4:164021347..164022255	2.31092	.
B73_chr4	164020258	164030443	LTRRT_23150	B73_chr4	164028949	164029927	meth_B73.ref_B73_4:164028949..164029927	1.56863	.
B73_chr4	164348200	164361891	LTRRT_23158	B73_chr4	164350449	164350600	meth_B73.ref_B73_4:164350449..164350600	5.26316	.
B73_chr4	164611068	164623691	LTRRT_23167	B73_chr4	164619592	164621382	meth_B73.ref_B73_4:164619592..164621382	0.212766	.
B73_chr4	166351884	166357036	LTRRT_23211	B73_chr4	166350578	166352899	meth_B73.ref_B73_4:166350578..166352899	1.72594	.
B73_chr4	166351884	166357036	LTRRT_23211	B73_chr4	166352932	166353955	meth_B73.ref_B73_4:166352932..166353955	5.37791	.
B73_chr4	166351884	166357036	LTRRT_23211	B73_chr4	166354085	166354600	meth_B73.ref_B73_4:166354085..166354600	14.4172	.
B73_chr4	167705599	167711814	LTRRT_23253	B73_chr4	167701044	167705633	meth_B73.ref_B73_4:167701044..167705633	0.283768	.
B73_chr4	167928749	167944150	LTRRT_23258	B73_chr4	167930373	167930639	meth_B73.ref_B73_4:167930373..167930639	12.766	.
B73_chr4	167928749	167944150	LTRRT_23258	B73_chr4	167941327	167941687	meth_B73.ref_B73_4:167941327..167941687	12.1212	.
B73_chr4	169184383	169191942	LTRRT_23292	B73_chr4	169184614	169186046	meth_B73.ref_B73_4:169184614..169186046	0.538721	.
B73_chr4	169184383	169191942	LTRRT_23292	B73_chr4	169191929	169193423	meth_B73.ref_B73_4:169191929..169193423	0.987383	.
B73_chr4	169345641	169351489	LTRRT_23296	B73_chr4	169347567	169348194	meth_B73.ref_B73_4:169347567..169348194	3.54331	.
B73_chr4	169429390	169444135	LTRRT_23297	B73_chr4	169432824	169433900	meth_B73.ref_B73_4:169432824..169433900	4.41014	.
B73_chr4	169429390	169444135	LTRRT_23297	B73_chr4	169439654	169439834	meth_B73.ref_B73_4:169439654..169439834	8.10811	.
B73_chr4	169429390	169444135	LTRRT_23297	B73_chr4	169441179	169441978	meth_B73.ref_B73_4:169441179..169441978	5.21173	.
B73_chr4	169673901	169687373	LTRRT_23305	B73_chr4	169676411	169676591	meth_B73.ref_B73_4:169676411..169676591	0	.
B73_chr4	169700470	169715432	LTRRT_23306	B73_chr4	169712949	169713100	meth_B73.ref_B73_4:169712949..169713100	0	.
B73_chr4	170169542	170182516	LTRRT_23321	B73_chr4	170172657	170173932	meth_B73.ref_B73_4:170172657..170173932	4.36242	.
B73_chr4	170169542	170182516	LTRRT_23321	B73_chr4	170180873	170182027	meth_B73.ref_B73_4:170180873..170182027	1.80305	.
B73_chr4	170401042	170407888	LTRRT_23330	B73_chr4	170401438	170401959	meth_B73.ref_B73_4:170401438..170401959	1.10497	.
B73_chr4	170401042	170407888	LTRRT_23330	B73_chr4	170405728	170406174	meth_B73.ref_B73_4:170405728..170406174	3.7037	.
B73_chr4	170709066	170714521	LTRRT_23338	B73_chr4	170706618	170709120	meth_B73.ref_B73_4:170706618..170709120	1.12693	.
B73_chr4	170709066	170714521	LTRRT_23338	B73_chr4	170714499	170723790	meth_B73.ref_B73_4:170714499..170723790	1.62305	.
B73_chr4	170902728	170910871	LTRRT_23343	B73_chr4	170902188	170902740	meth_B73.ref_B73_4:170902188..170902740	11.9565	.
B73_chr4	170902728	170910871	LTRRT_23343	B73_chr4	170904402	170905815	meth_B73.ref_B73_4:170904402..170905815	0.522193	.
B73_chr4	170902728	170910871	LTRRT_23343	B73_chr4	170909119	170910531	meth_B73.ref_B73_4:170909119..170910531	0.11534	.
B73_chr4	170902728	170910871	LTRRT_23343	B73_chr4	170910860	170913665	meth_B73.ref_B73_4:170910860..170913665	0.190259	.
B73_chr4	171108623	171119469	LTRRT_23345	B73_chr4	171110003	171110655	meth_B73.ref_B73_4:171110003..171110655	0	.
B73_chr4	171108623	171119469	LTRRT_23345	B73_chr4	171117406	171117950	meth_B73.ref_B73_4:171117406..171117950	0	.
B73_chr4	171485644	171489926	LTRRT_23355	B73_chr4	171485273	171485735	meth_B73.ref_B73_4:171485273..171485735	4.62963	.
B73_chr4	172004505	172009709	LTRRT_23369	B73_chr4	172009512	172017444	meth_B73.ref_B73_4:172009512..172017444	1.2894	.
B73_chr4	173169261	173178417	LTRRT_23396	B73_chr4	173170725	173171865	meth_B73.ref_B73_4:173170725..173171865	0.321543	.
B73_chr4	173368970	173383940	LTRRT_23400	B73_chr4	173371158	173371319	meth_B73.ref_B73_4:173371158..173371319	7.44681	.
B73_chr4	173489850	173497301	LTRRT_23402	B73_chr4	173494650	173495934	meth_B73.ref_B73_4:173494650..173495934	0.879121	.
B73_chr4	175551948	175568788	LTRRT_23454	B73_chr4	175552266	175552534	meth_B73.ref_B73_4:175552266..175552534	14.8148	.
B73_chr4	175551948	175568788	LTRRT_23454	B73_chr4	175568021	175568200	meth_B73.ref_B73_4:175568021..175568200	17.4194	.
B73_chr4	175945646	175948571	LTRRT_23465	B73_chr4	175948425	175956535	meth_B73.ref_B73_4:175948425..175956535	0.260578	.
B73_chr4	175945646	175948571	LTRRT_23465	B73_chr4	175946845	175948312	meth_B73.ref_B73_4:175946845..175948312	5.48087	.
B73_chr4	176793553	176804999	LTRRT_23486	B73_chr4	176804997	176806099	meth_B73.ref_B73_4:176804997..176806099	0.580271	.
B73_chr4	178430285	178443748	LTRRT_23529	B73_chr4	178441030	178441233	meth_B73.ref_B73_4:178441030..178441233	6.89655	.
B73_chr4	178494198	178500367	LTRRT_23530	B73_chr4	178500333	178501218	meth_B73.ref_B73_4:178500333..178501218	1.26582	.
B73_chr4	179699608	179710328	LTRRT_23567	B73_chr4	179708409	179708905	meth_B73.ref_B73_4:179708409..179708905	0	.
B73_chr4	180084957	180097185	LTRRT_23581	B73_chr4	180095407	180095559	meth_B73.ref_B73_4:180095407..180095559	0	.
B73_chr4	181825414	181834783	LTRRT_23625	B73_chr4	181833233	181833458	meth_B73.ref_B73_4:181833233..181833458	12.5	.
B73_chr4	181891689	181905162	LTRRT_23627	B73_chr4	181892308	181892479	meth_B73.ref_B73_4:181892308..181892479	11.6279	.
B73_chr4	183054737	183060471	LTRRT_23657	B73_chr4	183047677	183054768	meth_B73.ref_B73_4:183047677..183054768	0.488923	.
B73_chr4	183064141	183069549	LTRRT_23658	B73_chr4	183061832	183064360	meth_B73.ref_B73_4:183061832..183064360	1.05217	.
B73_chr4	184305527	184313500	LTRRT_23685	B73_chr4	184307861	184308773	meth_B73.ref_B73_4:184307861..184308773	0	.
B73_chr4	184305527	184313500	LTRRT_23685	B73_chr4	184312003	184312197	meth_B73.ref_B73_4:184312003..184312197	0	.
B73_chr4	184305527	184313500	LTRRT_23685	B73_chr4	184312427	184313354	meth_B73.ref_B73_4:184312427..184313354	8.867	.
B73_chr4	184868648	184879591	LTRRT_23699	B73_chr4	184869187	184869807	meth_B73.ref_B73_4:184869187..184869807	1.9774	.
B73_chr4	184868648	184879591	LTRRT_23699	B73_chr4	184876067	184876752	meth_B73.ref_B73_4:184876067..184876752	1.13122	.
B73_chr4	186280494	186285585	LTRRT_23736	B73_chr4	186278836	186280560	meth_B73.ref_B73_4:186278836..186280560	0.429876	.
B73_chr4	186722413	186723627	LTRRT_23749	B73_chr4	186717349	186722571	meth_B73.ref_B73_4:186717349..186722571	2.49021	.
B73_chr4	188066759	188071518	LTRRT_23783	B73_chr4	188068661	188069964	meth_B73.ref_B73_4:188068661..188069964	1.67336	.
B73_chr4	188227864	188230880	LTRRT_23786	B73_chr4	188226952	188231905	meth_B73.ref_B73_4:188226952..188231905	3.80756	.
B73_chr4	188325980	188333556	LTRRT_23790	B73_chr4	188326300	188326591	meth_B73.ref_B73_4:188326300..188326591	19.084	.
B73_chr4	188374297	188382788	LTRRT_23792	B73_chr4	188381936	188382385	meth_B73.ref_B73_4:188381936..188382385	11.5385	.
B73_chr4	188374297	188382788	LTRRT_23792	B73_chr4	188382633	188385151	meth_B73.ref_B73_4:188382633..188385151	1.68662	.
B73_chr4	188395565	188400845	LTRRT_23793	B73_chr4	188390667	188396199	meth_B73.ref_B73_4:188390667..188396199	1.04076	.
B73_chr4	188395565	188400845	LTRRT_23793	B73_chr4	188399022	188402773	meth_B73.ref_B73_4:188399022..188402773	2.9959	.
B73_chr4	189075492	189095223	LTRRT_23813	B73_chr4	189077165	189077652	meth_B73.ref_B73_4:189077165..189077652	0	.
B73_chr4	189075492	189095223	LTRRT_23813	B73_chr4	189093599	189093919	meth_B73.ref_B73_4:189093599..189093919	0	.
B73_chr4	189075492	189095223	LTRRT_23813	B73_chr4	189095059	189095459	meth_B73.ref_B73_4:189095059..189095459	5.35714	.
B73_chr4	189561384	189566725	LTRRT_23825	B73_chr4	189559510	189561804	meth_B73.ref_B73_4:189559510..189561804	2.88387	.
B73_chr4	189561384	189566725	LTRRT_23825	B73_chr4	189566499	189569406	meth_B73.ref_B73_4:189566499..189569406	3.89824	.
B73_chr4	189668583	189673716	LTRRT_23829	B73_chr4	189667679	189668833	meth_B73.ref_B73_4:189667679..189668833	4.33145	.
B73_chr4	189668583	189673716	LTRRT_23829	B73_chr4	189669956	189670129	meth_B73.ref_B73_4:189669956..189670129	13.7255	.
B73_chr4	189711059	189721219	LTRRT_23830	B73_chr4	189718094	189719859	meth_B73.ref_B73_4:189718094..189719859	0.443951	.
B73_chr4	189905689	189914707	LTRRT_23837	B73_chr4	189914120	189914372	meth_B73.ref_B73_4:189914120..189914372	16.6667	.
B73_chr4	190057933	190067294	LTRRT_23840	B73_chr4	190056671	190058121	meth_B73.ref_B73_4:190056671..190058121	1.97905	.
B73_chr4	190140807	190156356	LTRRT_23844	B73_chr4	190143441	190143615	meth_B73.ref_B73_4:190143441..190143615	14.1667	.
B73_chr4	190426195	190431382	LTRRT_23853	B73_chr4	190431369	190433108	meth_B73.ref_B73_4:190431369..190433108	0.554871	.
B73_chr4	190723978	190730926	LTRRT_23858	B73_chr4	190730192	190730623	meth_B73.ref_B73_4:190730192..190730623	7.27273	.
B73_chr4	190766786	190770357	LTRRT_23860	B73_chr4	190767189	190769961	meth_B73.ref_B73_4:190767189..190769961	0.455501	.
B73_chr4	190798470	190807404	LTRRT_23861	B73_chr4	190798861	190799043	meth_B73.ref_B73_4:190798861..190799043	9.375	.
B73_chr4	190982775	190992137	LTRRT_23863	B73_chr4	190975724	190982870	meth_B73.ref_B73_4:190975724..190982870	1.364	.
B73_chr4	191401246	191402812	LTRRT_23875	B73_chr4	191400811	191401508	meth_B73.ref_B73_4:191400811..191401508	11.3537	.
B73_chr4	191401246	191402812	LTRRT_23875	B73_chr4	191402479	191404431	meth_B73.ref_B73_4:191402479..191404431	1.36099	.
B73_chr4	192108900	192114721	LTRRT_23897	B73_chr4	192106939	192108945	meth_B73.ref_B73_4:192106939..192108945	3.14557	.
B73_chr4	192365203	192374181	LTRRT_23905	B73_chr4	192364885	192365226	meth_B73.ref_B73_4:192364885..192365226	8.74525	.
B73_chr4	192875757	192880959	LTRRT_23921	B73_chr4	192880310	192880546	meth_B73.ref_B73_4:192880310..192880546	9.80392	.
B73_chr4	192875757	192880959	LTRRT_23921	B73_chr4	192880793	192881453	meth_B73.ref_B73_4:192880793..192881453	2.5522	.
B73_chr4	193433400	193442768	LTRRT_23938	B73_chr4	193442395	193443834	meth_B73.ref_B73_4:193442395..193443834	1.48438	.
B73_chr4	193639363	193651387	LTRRT_23945	B73_chr4	193650371	193650673	meth_B73.ref_B73_4:193650371..193650673	0	.
B73_chr4	193744361	193749123	LTRRT_23948	B73_chr4	193743376	193744387	meth_B73.ref_B73_4:193743376..193744387	2.02465	.
B73_chr4	193744361	193749123	LTRRT_23948	B73_chr4	193746634	193747617	meth_B73.ref_B73_4:193746634..193747617	0.91623	.
B73_chr4	193945019	193960598	LTRRT_23954	B73_chr4	193947670	193947844	meth_B73.ref_B73_4:193947670..193947844	8.75	.
B73_chr4	193945019	193960598	LTRRT_23954	B73_chr4	193958560	193958883	meth_B73.ref_B73_4:193958560..193958883	16.8831	.
B73_chr4	195147438	195156295	LTRRT_23985	B73_chr4	195155685	195155875	meth_B73.ref_B73_4:195155685..195155875	16.9231	.
B73_chr4	196071213	196078640	LTRRT_24014	B73_chr4	196071638	196071808	meth_B73.ref_B73_4:196071638..196071808	15.3061	.
B73_chr4	196210733	196225261	LTRRT_24020	B73_chr4	196214917	196215632	meth_B73.ref_B73_4:196214917..196215632	0	.
B73_chr4	196210733	196225261	LTRRT_24020	B73_chr4	196222053	196222649	meth_B73.ref_B73_4:196222053..196222649	3.67647	.
B73_chr4	196210733	196225261	LTRRT_24020	B73_chr4	196223913	196224628	meth_B73.ref_B73_4:196223913..196224628	0.729927	.
B73_chr4	197219867	197231487	LTRRT_24045	B73_chr4	197230361	197230518	meth_B73.ref_B73_4:197230361..197230518	6.25	.
B73_chr4	197857184	197868799	LTRRT_24054	B73_chr4	197860371	197860579	meth_B73.ref_B73_4:197860371..197860579	12.1951	.
B73_chr4	197913701	197919102	LTRRT_24055	B73_chr4	197910713	197913791	meth_B73.ref_B73_4:197910713..197913791	1.09775	.
B73_chr4	198375912	198381097	LTRRT_24067	B73_chr4	198374489	198376079	meth_B73.ref_B73_4:198374489..198376079	1.91489	.
B73_chr4	198926113	198935219	LTRRT_24077	B73_chr4	198933921	198934147	meth_B73.ref_B73_4:198933921..198934147	19.0476	.
B73_chr4	199032653	199045457	LTRRT_24080	B73_chr4	199033618	199034431	meth_B73.ref_B73_4:199033618..199034431	2.68199	.
B73_chr4	199032653	199045457	LTRRT_24080	B73_chr4	199034860	199035773	meth_B73.ref_B73_4:199034860..199035773	9.08059	.
B73_chr4	199032653	199045457	LTRRT_24080	B73_chr4	199041380	199042018	meth_B73.ref_B73_4:199041380..199042018	3.10345	.
B73_chr4	199032653	199045457	LTRRT_24080	B73_chr4	199042235	199043357	meth_B73.ref_B73_4:199042235..199043357	7.93854	.
B73_chr4	199451772	199465812	LTRRT_24088	B73_chr4	199452620	199452820	meth_B73.ref_B73_4:199452620..199452820	8.16327	.
B73_chr4	199475536	199485009	LTRRT_24089	B73_chr4	199476565	199476799	meth_B73.ref_B73_4:199476565..199476799	12.963	.
B73_chr4	200484444	200498347	LTRRT_24116	B73_chr4	200487309	200487618	meth_B73.ref_B73_4:200487309..200487618	18.9189	.
B73_chr4	200484444	200498347	LTRRT_24116	B73_chr4	200487811	200488261	meth_B73.ref_B73_4:200487811..200488261	1.07527	.
B73_chr4	200484444	200498347	LTRRT_24116	B73_chr4	200488595	200489260	meth_B73.ref_B73_4:200488595..200489260	1.15385	.
B73_chr4	200484444	200498347	LTRRT_24116	B73_chr4	200489324	200489655	meth_B73.ref_B73_4:200489324..200489655	14.7929	.
B73_chr4	200484444	200498347	LTRRT_24116	B73_chr4	200495839	200496319	meth_B73.ref_B73_4:200495839..200496319	3.9604	.
B73_chr4	200484444	200498347	LTRRT_24116	B73_chr4	200496523	200497490	meth_B73.ref_B73_4:200496523..200497490	11.2205	.
B73_chr4	201316746	201324344	LTRRT_24134	B73_chr4	201314463	201316896	meth_B73.ref_B73_4:201314463..201316896	1.28707	.
B73_chr4	201462204	201471506	LTRRT_24138	B73_chr4	201456691	201462426	meth_B73.ref_B73_4:201456691..201462426	1.62431	.
B73_chr4	202828860	202838066	LTRRT_24164	B73_chr4	202829415	202830154	meth_B73.ref_B73_4:202829415..202830154	7.3913	.
B73_chr4	202828860	202838066	LTRRT_24164	B73_chr4	202836273	202836961	meth_B73.ref_B73_4:202836273..202836961	7.63723	.
B73_chr4	202895058	202898218	LTRRT_24166	B73_chr4	202894580	202895502	meth_B73.ref_B73_4:202894580..202895502	4.30108	.
B73_chr4	202955621	202961004	LTRRT_24169	B73_chr4	202960910	202962942	meth_B73.ref_B73_4:202960910..202962942	2.66809	.
B73_chr4	203424824	203435330	LTRRT_24182	B73_chr4	203433254	203433649	meth_B73.ref_B73_4:203433254..203433649	2.08333	.
B73_chr4	203569102	203579723	LTRRT_24185	B73_chr4	203577592	203577746	meth_B73.ref_B73_4:203577592..203577746	16.129	.
B73_chr4	203612602	203621950	LTRRT_24189	B73_chr4	203611708	203612768	meth_B73.ref_B73_4:203611708..203612768	0.588928	.
B73_chr4	204958216	204973488	LTRRT_24223	B73_chr4	204960059	204960274	meth_B73.ref_B73_4:204960059..204960274	15.3846	.
B73_chr4	205433146	205439986	LTRRT_24235	B73_chr4	205433652	205434156	meth_B73.ref_B73_4:205433652..205434156	7.0018	.
B73_chr4	205433146	205439986	LTRRT_24235	B73_chr4	205437786	205438619	meth_B73.ref_B73_4:205437786..205438619	8.66242	.
B73_chr4	205561556	205575923	LTRRT_24239	B73_chr4	205559712	205561597	meth_B73.ref_B73_4:205559712..205561597	1.10294	.
B73_chr4	205561556	205575923	LTRRT_24239	B73_chr4	205575865	205576948	meth_B73.ref_B73_4:205575865..205576948	1.21556	.
B73_chr4	206136668	206145630	LTRRT_24254	B73_chr4	206142694	206142913	meth_B73.ref_B73_4:206142694..206142913	16	.
B73_chr4	207430708	207449386	LTRRT_24283	B73_chr4	207431607	207431774	meth_B73.ref_B73_4:207431607..207431774	13.4615	.
B73_chr4	207770450	207775691	LTRRT_24292	B73_chr4	207775651	207776329	meth_B73.ref_B73_4:207775651..207776329	1.49254	.
B73_chr4	208139852	208155373	LTRRT_24301	B73_chr4	208155263	208155768	meth_B73.ref_B73_4:208155263..208155768	4.10959	.
B73_chr4	208611533	208615159	LTRRT_24312	B73_chr4	208611055	208611574	meth_B73.ref_B73_4:208611055..208611574	3.07018	.
B73_chr4	208812732	208822039	LTRRT_24316	B73_chr4	208809184	208812772	meth_B73.ref_B73_4:208809184..208812772	0.792896	.
B73_chr4	209615216	209619339	LTRRT_24337	B73_chr4	209618436	209618909	meth_B73.ref_B73_4:209618436..209618909	1.53061	.
B73_chr4	209615216	209619339	LTRRT_24337	B73_chr4	209619297	209619992	meth_B73.ref_B73_4:209619297..209619992	2.75	.
B73_chr4	210488671	210497957	LTRRT_24356	B73_chr4	210487770	210488699	meth_B73.ref_B73_4:210487770..210488699	1.93299	.
B73_chr4	211588359	211597659	LTRRT_24381	B73_chr4	211596560	211596765	meth_B73.ref_B73_4:211596560..211596765	0	.
B73_chr4	212343804	212355503	LTRRT_24395	B73_chr4	212344433	212345912	meth_B73.ref_B73_4:212344433..212345912	0.518135	.
B73_chr4	212343804	212355503	LTRRT_24395	B73_chr4	212351794	212353263	meth_B73.ref_B73_4:212351794..212353263	3.29114	.
B73_chr4	212445887	212464203	LTRRT_24398	B73_chr4	212446921	212447878	meth_B73.ref_B73_4:212446921..212447878	8.61345	.
B73_chr4	212445887	212464203	LTRRT_24398	B73_chr4	212462741	212463695	meth_B73.ref_B73_4:212462741..212463695	5.29634	.
B73_chr4	213309821	213316509	LTRRT_24418	B73_chr4	213308901	213309823	meth_B73.ref_B73_4:213308901..213309823	1.42012	.
B73_chr4	213357188	213372127	LTRRT_24420	B73_chr4	213359213	213359370	meth_B73.ref_B73_4:213359213..213359370	4	.
B73_chr4	213357188	213372127	LTRRT_24420	B73_chr4	213369949	213370112	meth_B73.ref_B73_4:213369949..213370112	14.0845	.
B73_chr4	213644489	213651394	LTRRT_24428	B73_chr4	213645875	213646820	meth_B73.ref_B73_4:213645875..213646820	9.83146	.
B73_chr4	213644489	213651394	LTRRT_24428	B73_chr4	213650181	213651003	meth_B73.ref_B73_4:213650181..213651003	4.16667	.
B73_chr4	214704087	214713382	LTRRT_24450	B73_chr4	214705361	214705563	meth_B73.ref_B73_4:214705361..214705563	13.5135	.
B73_chr4	214909914	214916759	LTRRT_24456	B73_chr4	214910433	214911125	meth_B73.ref_B73_4:214910433..214911125	7.28155	.
B73_chr4	214909914	214916759	LTRRT_24456	B73_chr4	214914694	214915258	meth_B73.ref_B73_4:214914694..214915258	1.04167	.
B73_chr4	215526239	215541397	LTRRT_24464	B73_chr4	215528105	215528418	meth_B73.ref_B73_4:215528105..215528418	11.2108	.
B73_chr4	215526239	215541397	LTRRT_24464	B73_chr4	215538879	215539192	meth_B73.ref_B73_4:215538879..215539192	14.7059	.
B73_chr4	216809698	216821899	LTRRT_24493	B73_chr4	216810220	216810379	meth_B73.ref_B73_4:216810220..216810379	5.55556	.
B73_chr4	217652074	217661610	LTRRT_24508	B73_chr4	217653112	217654248	meth_B73.ref_B73_4:217653112..217654248	3.36538	.
B73_chr4	217652074	217661610	LTRRT_24508	B73_chr4	217659937	217661044	meth_B73.ref_B73_4:217659937..217661044	3.03468	.
B73_chr4	219611949	219621476	LTRRT_24553	B73_chr4	219612920	219614248	meth_B73.ref_B73_4:219612920..219614248	5.33333	.
B73_chr4	219611949	219621476	LTRRT_24553	B73_chr4	219619840	219620975	meth_B73.ref_B73_4:219619840..219620975	2.58824	.
B73_chr4	219698910	219708981	LTRRT_24557	B73_chr4	219700770	219701110	meth_B73.ref_B73_4:219700770..219701110	0.555556	.
B73_chr4	220327035	220332851	LTRRT_24569	B73_chr4	220332839	220335777	meth_B73.ref_B73_4:220332839..220335777	1.14408	.
B73_chr4	220864819	220881123	LTRRT_24581	B73_chr4	220874565	220875160	meth_B73.ref_B73_4:220874565..220875160	11.9863	.
B73_chr4	220864819	220881123	LTRRT_24581	B73_chr4	220875542	220876359	meth_B73.ref_B73_4:220875542..220876359	4.52489	.
B73_chr4	220864819	220881123	LTRRT_24581	B73_chr4	220876821	220877097	meth_B73.ref_B73_4:220876821..220877097	14.5946	.
B73_chr4	220910712	220920549	LTRRT_24584	B73_chr4	220911223	220912013	meth_B73.ref_B73_4:220911223..220912013	3.14685	.
B73_chr4	220910712	220920549	LTRRT_24584	B73_chr4	220918495	220919415	meth_B73.ref_B73_4:220918495..220919415	0.927644	.
B73_chr4	221938933	221948815	LTRRT_24604	B73_chr4	221939213	221939646	meth_B73.ref_B73_4:221939213..221939646	0	.
B73_chr4	221938933	221948815	LTRRT_24604	B73_chr4	221939777	221940306	meth_B73.ref_B73_4:221939777..221940306	2.48756	.
B73_chr4	221938933	221948815	LTRRT_24604	B73_chr4	221945759	221946178	meth_B73.ref_B73_4:221945759..221946178	1.02564	.
B73_chr4	222621618	222633954	LTRRT_24614	B73_chr4	222622278	222622431	meth_B73.ref_B73_4:222622278..222622431	7.89474	.
B73_chr4	225786216	225793787	LTRRT_24686	B73_chr4	225793189	225793343	meth_B73.ref_B73_4:225793189..225793343	12.3457	.
B73_chr4	228641139	228648090	LTRRT_24750	B73_chr4	228646958	228647114	meth_B73.ref_B73_4:228646958..228647114	3.8961	.
B73_chr4	229058473	229064563	LTRRT_24758	B73_chr4	229058708	229058897	meth_B73.ref_B73_4:229058708..229058897	14.5161	.
B73_chr4	231616060	231634755	LTRRT_24810	B73_chr4	231617347	231618179	meth_B73.ref_B73_4:231617347..231618179	3.02326	.
B73_chr4	231616060	231634755	LTRRT_24810	B73_chr4	231633526	231634234	meth_B73.ref_B73_4:231633526..231634234	1.62338	.
B73_chr4	231740140	231749914	LTRRT_24813	B73_chr4	231741209	231741997	meth_B73.ref_B73_4:231741209..231741997	7.6324	.
B73_chr4	231740140	231749914	LTRRT_24813	B73_chr4	231748629	231749568	meth_B73.ref_B73_4:231748629..231749568	3.77734	.
B73_chr4	232143409	232156448	LTRRT_24822	B73_chr4	232149442	232150501	meth_B73.ref_B73_4:232149442..232150501	0.648649	.
B73_chr4	232273940	232287636	LTRRT_24824	B73_chr4	232284549	232284835	meth_B73.ref_B73_4:232284549..232284835	15.7895	.
B73_chr4	232431768	232441336	LTRRT_24827	B73_chr4	232432279	232433218	meth_B73.ref_B73_4:232432279..232433218	3.67347	.
B73_chr4	232431768	232441336	LTRRT_24827	B73_chr4	232439396	232440231	meth_B73.ref_B73_4:232439396..232440231	6.98254	.
B73_chr4	232579097	232586113	LTRRT_24830	B73_chr4	232579827	232580306	meth_B73.ref_B73_4:232579827..232580306	7.50853	.
B73_chr4	232579097	232586113	LTRRT_24830	B73_chr4	232583972	232584689	meth_B73.ref_B73_4:232583972..232584689	11.9048	.
B73_chr4	232691932	232699870	LTRRT_24834	B73_chr4	232692341	232692518	meth_B73.ref_B73_4:232692341..232692518	13.7931	.
B73_chr4	232691932	232699870	LTRRT_24834	B73_chr4	232699106	232699341	meth_B73.ref_B73_4:232699106..232699341	2.85714	.
B73_chr4	232854511	232868741	LTRRT_24839	B73_chr4	232859746	232860562	meth_B73.ref_B73_4:232859746..232860562	7.78947	.
B73_chr4	232854511	232868741	LTRRT_24839	B73_chr4	232864119	232864850	meth_B73.ref_B73_4:232864119..232864850	7.50469	.
B73_chr4	232950352	232960568	LTRRT_24842	B73_chr4	232950975	232951537	meth_B73.ref_B73_4:232950975..232951537	8.80503	.
B73_chr4	232950352	232960568	LTRRT_24842	B73_chr4	232958747	232959272	meth_B73.ref_B73_4:232958747..232959272	0	.
B73_chr4	233618688	233625544	LTRRT_24863	B73_chr4	233621207	233621361	meth_B73.ref_B73_4:233621207..233621361	14	.
B73_chr4	233916387	233921809	LTRRT_24871	B73_chr4	233921723	233925338	meth_B73.ref_B73_4:233921723..233925338	6.51438	.
B73_chr4	234189849	234198824	LTRRT_24878	B73_chr4	234198331	234198614	meth_B73.ref_B73_4:234198331..234198614	13.9535	.
B73_chr4	234577413	234584254	LTRRT_24890	B73_chr4	234578073	234578615	meth_B73.ref_B73_4:234578073..234578615	17.4194	.
B73_chr4	234577413	234584254	LTRRT_24890	B73_chr4	234581923	234582917	meth_B73.ref_B73_4:234581923..234582917	10.3359	.
B73_chr4	235777559	235784458	LTRRT_24921	B73_chr4	235778182	235778589	meth_B73.ref_B73_4:235778182..235778589	11.8881	.
B73_chr4	235777559	235784458	LTRRT_24921	B73_chr4	235782382	235782691	meth_B73.ref_B73_4:235782382..235782691	11.8182	.
B73_chr4	235777559	235784458	LTRRT_24921	B73_chr4	235782746	235782913	meth_B73.ref_B73_4:235782746..235782913	10.5263	.
B73_chr4	235914744	235922973	LTRRT_24924	B73_chr4	235916645	235917984	meth_B73.ref_B73_4:235916645..235917984	0.497512	.
B73_chr4	235914744	235922973	LTRRT_24924	B73_chr4	235921295	235922102	meth_B73.ref_B73_4:235921295..235922102	0	.
B73_chr4	237462007	237467393	LTRRT_24962	B73_chr4	237467360	237468479	meth_B73.ref_B73_4:237467360..237468479	2.06406	.
B73_chr4	237641492	237650692	LTRRT_24965	B73_chr4	237641996	237642755	meth_B73.ref_B73_4:237641996..237642755	0.851064	.
B73_chr4	237641492	237650692	LTRRT_24965	B73_chr4	237648777	237649484	meth_B73.ref_B73_4:237648777..237649484	2.01342	.
B73_chr4	237750726	237755520	LTRRT_24968	B73_chr4	237748420	237750781	meth_B73.ref_B73_4:237748420..237750781	0.643317	.
B73_chr4	237985528	237991045	LTRRT_24975	B73_chr4	237984054	237985568	meth_B73.ref_B73_4:237984054..237985568	2.51799	.
B73_chr4	237985528	237991045	LTRRT_24975	B73_chr4	237990986	237991599	meth_B73.ref_B73_4:237990986..237991599	4.31267	.
B73_chr4	237997177	238006302	LTRRT_24976	B73_chr4	237997910	237998661	meth_B73.ref_B73_4:237997910..237998661	3.57143	.
B73_chr4	237997177	238006302	LTRRT_24976	B73_chr4	238002586	238002919	meth_B73.ref_B73_4:238002586..238002919	12.4138	.
B73_chr4	237997177	238006302	LTRRT_24976	B73_chr4	238004372	238005202	meth_B73.ref_B73_4:238004372..238005202	4.55373	.
B73_chr4	238408064	238418047	LTRRT_24985	B73_chr4	238410779	238411181	meth_B73.ref_B73_4:238410779..238411181	10.3175	.
B73_chr4	238408064	238418047	LTRRT_24985	B73_chr4	238416399	238416591	meth_B73.ref_B73_4:238416399..238416591	19.697	.
B73_chr4	238408064	238418047	LTRRT_24985	B73_chr4	238417492	238417657	meth_B73.ref_B73_4:238417492..238417657	10.3448	.
B73_chr4	238668363	238670697	LTRRT_24991	B73_chr4	238667474	238668432	meth_B73.ref_B73_4:238667474..238668432	1.88679	.
B73_chr4	238708953	238724355	LTRRT_24993	B73_chr4	238711602	238712079	meth_B73.ref_B73_4:238711602..238712079	11.1765	.
B73_chr4	238708953	238724355	LTRRT_24993	B73_chr4	238722401	238722575	meth_B73.ref_B73_4:238722401..238722575	8.05369	.
B73_chr4	239306961	239314407	LTRRT_25005	B73_chr4	239307176	239308265	meth_B73.ref_B73_4:239307176..239308265	1.13636	.
B73_chr4	239459301	239468004	LTRRT_25008	B73_chr4	239460403	239461031	meth_B73.ref_B73_4:239460403..239461031	3.24074	.
B73_chr4	239459301	239468004	LTRRT_25008	B73_chr4	239466889	239467602	meth_B73.ref_B73_4:239466889..239467602	1.7094	.
B73_chr4	240280347	240292394	LTRRT_25027	B73_chr4	240280531	240280786	meth_B73.ref_B73_4:240280531..240280786	0	.
B73_chr4	240966014	240975800	LTRRT_25049	B73_chr4	240966515	240967256	meth_B73.ref_B73_4:240966515..240967256	6.93878	.
B73_chr4	240966014	240975800	LTRRT_25049	B73_chr4	240973829	240974725	meth_B73.ref_B73_4:240973829..240974725	4.32526	.
B73_chr4	241000803	241007723	LTRRT_25050	B73_chr4	241001106	241001339	meth_B73.ref_B73_4:241001106..241001339	11.1111	.
B73_chr4	241000803	241007723	LTRRT_25050	B73_chr4	241006349	241006661	meth_B73.ref_B73_4:241006349..241006661	4.34783	.
B73_chr4	241675554	241680753	LTRRT_25066	B73_chr4	241673679	241675614	meth_B73.ref_B73_4:241673679..241675614	0.876168	.
B73_chr4	242151370	242162699	LTRRT_25077	B73_chr4	242150545	242152524	meth_B73.ref_B73_4:242150545..242152524	3.42368	.
B73_chr4	242178001	242184417	LTRRT_25079	B73_chr4	242184415	242185262	meth_B73.ref_B73_4:242184415..242185262	0.881834	.
B73_chr4	242199759	242209566	LTRRT_25080	B73_chr4	242200887	242201715	meth_B73.ref_B73_4:242200887..242201715	6.88259	.
B73_chr4	242199759	242209566	LTRRT_25080	B73_chr4	242208308	242209068	meth_B73.ref_B73_4:242208308..242209068	8.6	.
B73_chr4	243129447	243136279	LTRRT_25104	B73_chr4	243130542	243131556	meth_B73.ref_B73_4:243130542..243131556	2.23714	.
B73_chr4	243129447	243136279	LTRRT_25104	B73_chr4	243134416	243134940	meth_B73.ref_B73_4:243134416..243134940	3.44828	.
B73_chr4	243129447	243136279	LTRRT_25104	B73_chr4	243135062	243140565	meth_B73.ref_B73_4:243135062..243140565	0.329852	.
B73_chr4	244338628	244350292	LTRRT_25131	B73_chr4	244337804	244338645	meth_B73.ref_B73_4:244337804..244338645	2.66458	.
B73_chr4	245411769	245421285	LTRRT_25159	B73_chr4	245419172	245419402	meth_B73.ref_B73_4:245419172..245419402	13.0435	.
B73_chr4	245530844	245540164	LTRRT_25160	B73_chr4	245540125	245547270	meth_B73.ref_B73_4:245540125..245547270	0.926052	.
B73_chr4	245993673	246002523	LTRRT_25170	B73_chr4	245995184	245996282	meth_B73.ref_B73_4:245995184..245996282	0.869565	.
B73_chr4	245993673	246002523	LTRRT_25170	B73_chr4	246000079	246001007	meth_B73.ref_B73_4:246000079..246001007	0.925926	.
B73_chr4	245993673	246002523	LTRRT_25170	B73_chr4	246001801	246002063	meth_B73.ref_B73_4:246001801..246002063	0	.
B73_chr4	247014121	247018712	LTRRT_25194	B73_chr4	247018491	247018960	meth_B73.ref_B73_4:247018491..247018960	8.02348	.
B73_chr4	247133586	247144994	LTRRT_25196	B73_chr4	247136736	247137625	meth_B73.ref_B73_4:247136736..247137625	1.22249	.
B73_chr4	247133586	247144994	LTRRT_25196	B73_chr4	247143806	247144592	meth_B73.ref_B73_4:247143806..247144592	0.21645	.
B73_chr4	247214251	247220393	LTRRT_25199	B73_chr4	247220359	247220987	meth_B73.ref_B73_4:247220359..247220987	1.10759	.
B73_chr4	247402731	247416387	LTRRT_25203	B73_chr4	247414434	247414607	meth_B73.ref_B73_4:247414434..247414607	15	.
B73_chr4	247938023	247947511	LTRRT_25215	B73_chr4	247940740	247941353	meth_B73.ref_B73_4:247940740..247941353	10	.
B73_chr4	248331648	248336869	LTRRT_25220	B73_chr4	248323704	248331679	meth_B73.ref_B73_4:248323704..248331679	0.50665	.
B73_chr4	249058449	249071001	LTRRT_25234	B73_chr4	249064214	249064405	meth_B73.ref_B73_4:249064214..249064405	0	.
B73_chr4	250125764	250130979	LTRRT_25258	B73_chr4	250130947	250133395	meth_B73.ref_B73_4:250130947..250133395	0.658256	.
B73_chr5	1032870	1042425	LTRRT_25274	B73_chr5	1037334	1037560	meth_B73.ref_B73_5:1037334..1037560	7.14286	.
B73_chr5	2195438	2200829	LTRRT_25297	B73_chr5	2199922	2200150	meth_B73.ref_B73_5:2199922..2200150	6.31579	.
B73_chr5	2195438	2200829	LTRRT_25297	B73_chr5	2200278	2204327	meth_B73.ref_B73_5:2200278..2204327	0.957897	.
B73_chr5	3139233	3150884	LTRRT_25318	B73_chr5	3149744	3150171	meth_B73.ref_B73_5:3149744..3150171	9.09091	.
B73_chr5	3961103	3962988	LTRRT_25342	B73_chr5	3962968	3965793	meth_B73.ref_B73_5:3962968..3965793	2.09403	.
B73_chr5	4132877	4138628	LTRRT_25346	B73_chr5	4128259	4132907	meth_B73.ref_B73_5:4128259..4132907	1.16555	.
B73_chr5	4429856	4436041	LTRRT_25354	B73_chr5	4428816	4429890	meth_B73.ref_B73_5:4428816..4429890	2.33813	.
B73_chr5	5223061	5227815	LTRRT_25376	B73_chr5	5221128	5223282	meth_B73.ref_B73_5:5221128..5223282	0.496524	.
B73_chr5	5317783	5320878	LTRRT_25377	B73_chr5	5319541	5322183	meth_B73.ref_B73_5:5319541..5322183	1.36656	.
B73_chr5	6145376	6147510	LTRRT_25395	B73_chr5	6147465	6148862	meth_B73.ref_B73_5:6147465..6148862	0.321958	.
B73_chr5	7883225	7888086	LTRRT_25436	B73_chr5	7879083	7883647	meth_B73.ref_B73_5:7879083..7883647	1.01939	.
B73_chr5	8084773	8089948	LTRRT_25441	B73_chr5	8084357	8084801	meth_B73.ref_B73_5:8084357..8084801	5.2459	.
B73_chr5	8159710	8169716	LTRRT_25442	B73_chr5	8167992	8168880	meth_B73.ref_B73_5:8167992..8168880	0.727273	.
B73_chr5	8159710	8169716	LTRRT_25442	B73_chr5	8168987	8169361	meth_B73.ref_B73_5:8168987..8169361	0	.
B73_chr5	8238661	8241578	LTRRT_25445	B73_chr5	8238260	8238669	meth_B73.ref_B73_5:8238260..8238669	0	.
B73_chr5	8238661	8241578	LTRRT_25445	B73_chr5	8239096	8240803	meth_B73.ref_B73_5:8239096..8240803	0.791236	.
B73_chr5	8238661	8241578	LTRRT_25445	B73_chr5	8241543	8242065	meth_B73.ref_B73_5:8241543..8242065	1.86047	.
B73_chr5	8282607	8297167	LTRRT_25447	B73_chr5	8292582	8293680	meth_B73.ref_B73_5:8292582..8293680	9.33786	.
B73_chr5	8699202	8710880	LTRRT_25459	B73_chr5	8702364	8702634	meth_B73.ref_B73_5:8702364..8702634	0	.
B73_chr5	8699202	8710880	LTRRT_25459	B73_chr5	8709631	8709885	meth_B73.ref_B73_5:8709631..8709885	0	.
B73_chr5	9218016	9221638	LTRRT_25473	B73_chr5	9214514	9218055	meth_B73.ref_B73_5:9214514..9218055	0.259516	.
B73_chr5	9221764	9226434	LTRRT_25474	B73_chr5	9225698	9227739	meth_B73.ref_B73_5:9225698..9227739	0.744186	.
B73_chr5	9438064	9443535	LTRRT_25480	B73_chr5	9437848	9438067	meth_B73.ref_B73_5:9437848..9438067	0.621118	.
B73_chr5	9438064	9443535	LTRRT_25480	B73_chr5	9443518	9444107	meth_B73.ref_B73_5:9443518..9444107	0.996016	.
B73_chr5	10279491	10293753	LTRRT_25504	B73_chr5	10281766	10282647	meth_B73.ref_B73_5:10281766..10282647	6.04534	.
B73_chr5	10279491	10293753	LTRRT_25504	B73_chr5	10282822	10283083	meth_B73.ref_B73_5:10282822..10283083	0	.
B73_chr5	10279491	10293753	LTRRT_25504	B73_chr5	10283480	10285414	meth_B73.ref_B73_5:10283480..10285414	2.63992	.
B73_chr5	10464171	10469394	LTRRT_25508	B73_chr5	10463547	10465014	meth_B73.ref_B73_5:10463547..10465014	1.93906	.
B73_chr5	10464171	10469394	LTRRT_25508	B73_chr5	10466950	10470840	meth_B73.ref_B73_5:10466950..10470840	0.991214	.
B73_chr5	10474685	10485948	LTRRT_25509	B73_chr5	10485705	10487171	meth_B73.ref_B73_5:10485705..10487171	1.3468	.
B73_chr5	10600255	10609518	LTRRT_25511	B73_chr5	10601589	10602383	meth_B73.ref_B73_5:10601589..10602383	0.244499	.
B73_chr5	10600255	10609518	LTRRT_25511	B73_chr5	10609280	10613596	meth_B73.ref_B73_5:10609280..10613596	0.460022	.
B73_chr5	10600255	10609518	LTRRT_25511	B73_chr5	10593094	10600824	meth_B73.ref_B73_5:10593094..10600824	0.413554	.
B73_chr5	11699786	11706680	LTRRT_25537	B73_chr5	11700128	11701000	meth_B73.ref_B73_5:11700128..11701000	9.47075	.
B73_chr5	11699786	11706680	LTRRT_25537	B73_chr5	11704441	11705133	meth_B73.ref_B73_5:11704441..11705133	7.74194	.
B73_chr5	11918688	11923798	LTRRT_25543	B73_chr5	11923749	11924065	meth_B73.ref_B73_5:11923749..11924065	0	.
B73_chr5	12399087	12405857	LTRRT_25558	B73_chr5	12405836	12406900	meth_B73.ref_B73_5:12405836..12406900	2.1374	.
B73_chr5	12458981	12468549	LTRRT_25560	B73_chr5	12457388	12459056	meth_B73.ref_B73_5:12457388..12459056	0.657462	.
B73_chr5	12525791	12531215	LTRRT_25561	B73_chr5	12531209	12534178	meth_B73.ref_B73_5:12531209..12534178	0.415261	.
B73_chr5	12539997	12545781	LTRRT_25562	B73_chr5	12538700	12540459	meth_B73.ref_B73_5:12538700..12540459	3.20513	.
B73_chr5	13142631	13149590	LTRRT_25575	B73_chr5	13142934	13143245	meth_B73.ref_B73_5:13142934..13143245	13.4831	.
B73_chr5	13142631	13149590	LTRRT_25575	B73_chr5	13148214	13148566	meth_B73.ref_B73_5:13148214..13148566	3.87097	.
B73_chr5	13180100	13189411	LTRRT_25578	B73_chr5	13180679	13181317	meth_B73.ref_B73_5:13180679..13181317	12.967	.
B73_chr5	13180100	13189411	LTRRT_25578	B73_chr5	13187887	13188109	meth_B73.ref_B73_5:13187887..13188109	8.29016	.
B73_chr5	13245715	13253125	LTRRT_25582	B73_chr5	13253105	13254591	meth_B73.ref_B73_5:13253105..13254591	5.06217	.
B73_chr5	13277533	13290357	LTRRT_25584	B73_chr5	13280625	13281556	meth_B73.ref_B73_5:13280625..13281556	1.1194	.
B73_chr5	13277533	13290357	LTRRT_25584	B73_chr5	13288819	13289750	meth_B73.ref_B73_5:13288819..13289750	0.603622	.
B73_chr5	13900397	13905802	LTRRT_25599	B73_chr5	13900081	13900423	meth_B73.ref_B73_5:13900081..13900423	2.24719	.
B73_chr5	13900397	13905802	LTRRT_25599	B73_chr5	13905796	13906862	meth_B73.ref_B73_5:13905796..13906862	1.58395	.
B73_chr5	13929167	13943849	LTRRT_25600	B73_chr5	13927232	13929180	meth_B73.ref_B73_5:13927232..13929180	1.55258	.
B73_chr5	13929167	13943849	LTRRT_25600	B73_chr5	13930346	13930521	meth_B73.ref_B73_5:13930346..13930521	17.2414	.
B73_chr5	14929716	14938832	LTRRT_25622	B73_chr5	14931030	14931480	meth_B73.ref_B73_5:14931030..14931480	2.32558	.
B73_chr5	14929716	14938832	LTRRT_25622	B73_chr5	14937503	14938112	meth_B73.ref_B73_5:14937503..14938112	1.71821	.
B73_chr5	15325336	15331451	LTRRT_25632	B73_chr5	15324915	15325338	meth_B73.ref_B73_5:15324915..15325338	0.339559	.
B73_chr5	15325336	15331451	LTRRT_25632	B73_chr5	15325792	15326347	meth_B73.ref_B73_5:15325792..15326347	0.465116	.
B73_chr5	16313820	16327378	LTRRT_25664	B73_chr5	16319646	16323627	meth_B73.ref_B73_5:16319646..16323627	0.721908	.
B73_chr5	16531427	16545921	LTRRT_25672	B73_chr5	16532297	16532479	meth_B73.ref_B73_5:16532297..16532479	8.69565	.
B73_chr5	16923203	16929800	LTRRT_25681	B73_chr5	16922576	16923205	meth_B73.ref_B73_5:16922576..16923205	2.96296	.
B73_chr5	16923203	16929800	LTRRT_25681	B73_chr5	16929798	16935228	meth_B73.ref_B73_5:16929798..16935228	1.23547	.
B73_chr5	16959411	16974806	LTRRT_25682	B73_chr5	16962063	16962237	meth_B73.ref_B73_5:16962063..16962237	13.75	.
B73_chr5	17042747	17047647	LTRRT_25685	B73_chr5	17038021	17042817	meth_B73.ref_B73_5:17038021..17042817	1.02343	.
B73_chr5	17862049	17867360	LTRRT_25705	B73_chr5	17859556	17862576	meth_B73.ref_B73_5:17859556..17862576	4.81026	.
B73_chr5	17862049	17867360	LTRRT_25705	B73_chr5	17863324	17863624	meth_B73.ref_B73_5:17863324..17863624	13.253	.
B73_chr5	17862049	17867360	LTRRT_25705	B73_chr5	17863693	17864420	meth_B73.ref_B73_5:17863693..17864420	1.16279	.
B73_chr5	17862049	17867360	LTRRT_25705	B73_chr5	17867337	17869412	meth_B73.ref_B73_5:17867337..17869412	0.795508	.
B73_chr5	18764425	18776177	LTRRT_25723	B73_chr5	18776175	18776711	meth_B73.ref_B73_5:18776175..18776711	0.536913	.
B73_chr5	19423122	19436877	LTRRT_25740	B73_chr5	19434942	19435163	meth_B73.ref_B73_5:19434942..19435163	13.8889	.
B73_chr5	19731265	19741933	LTRRT_25751	B73_chr5	19733783	19734359	meth_B73.ref_B73_5:19733783..19734359	2.25806	.
B73_chr5	19731265	19741933	LTRRT_25751	B73_chr5	19740650	19741282	meth_B73.ref_B73_5:19740650..19741282	2.6178	.
B73_chr5	19898775	19912508	LTRRT_25757	B73_chr5	19911740	19911913	meth_B73.ref_B73_5:19911740..19911913	9.7561	.
B73_chr5	21223616	21229835	LTRRT_25787	B73_chr5	21223126	21223666	meth_B73.ref_B73_5:21223126..21223666	3.84615	.
B73_chr5	21223616	21229835	LTRRT_25787	B73_chr5	21229801	21230462	meth_B73.ref_B73_5:21229801..21230462	1.1583	.
B73_chr5	21741178	21746330	LTRRT_25798	B73_chr5	21738304	21742129	meth_B73.ref_B73_5:21738304..21742129	0.884655	.
B73_chr5	22140987	22152497	LTRRT_25807	B73_chr5	22151600	22151757	meth_B73.ref_B73_5:22151600..22151757	5	.
B73_chr5	22178440	22193472	LTRRT_25809	B73_chr5	22180454	22180612	meth_B73.ref_B73_5:22180454..22180612	10.3448	.
B73_chr5	22510103	22524199	LTRRT_25818	B73_chr5	22512904	22514095	meth_B73.ref_B73_5:22512904..22514095	1.22511	.
B73_chr5	22510103	22524199	LTRRT_25818	B73_chr5	22522562	22523780	meth_B73.ref_B73_5:22522562..22523780	1.4733	.
B73_chr5	22848480	22853784	LTRRT_25828	B73_chr5	22845360	22848613	meth_B73.ref_B73_5:22845360..22848613	0.673575	.
B73_chr5	23832040	23839593	LTRRT_25852	B73_chr5	23839591	23841215	meth_B73.ref_B73_5:23839591..23841215	0.451128	.
B73_chr5	24094926	24101721	LTRRT_25859	B73_chr5	24101674	24104031	meth_B73.ref_B73_5:24101674..24104031	0.185874	.
B73_chr5	24094926	24101721	LTRRT_25859	B73_chr5	24100432	24101472	meth_B73.ref_B73_5:24100432..24101472	0.30896	.
B73_chr5	24297991	24307480	LTRRT_25862	B73_chr5	24296315	24298037	meth_B73.ref_B73_5:24296315..24298037	3.17292	.
B73_chr5	24766303	24771191	LTRRT_25875	B73_chr5	24771105	24771547	meth_B73.ref_B73_5:24771105..24771547	5.28302	.
B73_chr5	25438977	25446883	LTRRT_25892	B73_chr5	25439403	25439563	meth_B73.ref_B73_5:25439403..25439563	14.1892	.
B73_chr5	26097142	26112712	LTRRT_25908	B73_chr5	26099883	26100116	meth_B73.ref_B73_5:26099883..26100116	9.82143	.
B73_chr5	26097142	26112712	LTRRT_25908	B73_chr5	26110651	26110996	meth_B73.ref_B73_5:26110651..26110996	18.8679	.
B73_chr5	26172189	26187758	LTRRT_25910	B73_chr5	26174652	26175163	meth_B73.ref_B73_5:26174652..26175163	14.7982	.
B73_chr5	26172189	26187758	LTRRT_25910	B73_chr5	26185531	26186044	meth_B73.ref_B73_5:26185531..26186044	11.7647	.
B73_chr5	26461492	26466797	LTRRT_25917	B73_chr5	26466661	26468196	meth_B73.ref_B73_5:26466661..26468196	2.92772	.
B73_chr5	27075462	27078703	LTRRT_25932	B73_chr5	27074828	27075468	meth_B73.ref_B73_5:27074828..27075468	0.802568	.
B73_chr5	27524635	27531469	LTRRT_25950	B73_chr5	27525970	27526756	meth_B73.ref_B73_5:27525970..27526756	5.00894	.
B73_chr5	27524635	27531469	LTRRT_25950	B73_chr5	27530207	27531242	meth_B73.ref_B73_5:27530207..27531242	8.30769	.
B73_chr5	27701796	27706709	LTRRT_25955	B73_chr5	27700628	27701927	meth_B73.ref_B73_5:27700628..27701927	5.95794	.
B73_chr5	28608321	28622091	LTRRT_25983	B73_chr5	28610840	28610993	meth_B73.ref_B73_5:28610840..28610993	12	.
B73_chr5	29950680	29964376	LTRRT_26020	B73_chr5	29952798	29952966	meth_B73.ref_B73_5:29952798..29952966	16.6667	.
B73_chr5	29966683	29975436	LTRRT_26021	B73_chr5	29967028	29967180	meth_B73.ref_B73_5:29967028..29967180	9.375	.
B73_chr5	30847136	30860597	LTRRT_26045	B73_chr5	30848246	30848416	meth_B73.ref_B73_5:30848246..30848416	0	.
B73_chr5	31974270	31985710	LTRRT_26075	B73_chr5	31974389	31975916	meth_B73.ref_B73_5:31974389..31975916	0.582751	.
B73_chr5	31974270	31985710	LTRRT_26075	B73_chr5	31981790	31983046	meth_B73.ref_B73_5:31981790..31983046	0.993377	.
B73_chr5	32477022	32487442	LTRRT_26083	B73_chr5	32484198	32484497	meth_B73.ref_B73_5:32484198..32484497	11.1111	.
B73_chr5	32548083	32554988	LTRRT_26084	B73_chr5	32548385	32548635	meth_B73.ref_B73_5:32548385..32548635	4.72973	.
B73_chr5	32548083	32554988	LTRRT_26084	B73_chr5	32553629	32553880	meth_B73.ref_B73_5:32553629..32553880	15.7407	.
B73_chr5	32674543	32685335	LTRRT_26089	B73_chr5	32676486	32676672	meth_B73.ref_B73_5:32676486..32676672	13.3333	.
B73_chr5	32866150	32878820	LTRRT_26096	B73_chr5	32877575	32877895	meth_B73.ref_B73_5:32877575..32877895	0	.
B73_chr5	33587622	33592734	LTRRT_26111	B73_chr5	33592692	33594046	meth_B73.ref_B73_5:33592692..33594046	0.799361	.
B73_chr5	34045650	34051185	LTRRT_26124	B73_chr5	34044644	34045932	meth_B73.ref_B73_5:34044644..34045932	1.50188	.
B73_chr5	34440899	34447675	LTRRT_26133	B73_chr5	34441303	34441531	meth_B73.ref_B73_5:34441303..34441531	2.08333	.
B73_chr5	34440899	34447675	LTRRT_26133	B73_chr5	34446906	34447134	meth_B73.ref_B73_5:34446906..34447134	13.6364	.
B73_chr5	34483249	34490535	LTRRT_26135	B73_chr5	34490520	34497076	meth_B73.ref_B73_5:34490520..34497076	0.456165	.
B73_chr5	35918837	35929027	LTRRT_26170	B73_chr5	35927596	35927757	meth_B73.ref_B73_5:35927596..35927757	14.8148	.
B73_chr5	36984469	36998156	LTRRT_26198	B73_chr5	36998150	36999417	meth_B73.ref_B73_5:36998150..36999417	1.44558	.
B73_chr5	37183610	37192822	LTRRT_26202	B73_chr5	37186064	37186317	meth_B73.ref_B73_5:37186064..37186317	12.987	.
B73_chr5	37277400	37286526	LTRRT_26205	B73_chr5	37286506	37287321	meth_B73.ref_B73_5:37286506..37287321	4.71698	.
B73_chr5	37913117	37918347	LTRRT_26218	B73_chr5	37915093	37918049	meth_B73.ref_B73_5:37915093..37918049	3.72514	.
B73_chr5	38152860	38170010	LTRRT_26224	B73_chr5	38158849	38159587	meth_B73.ref_B73_5:38158849..38159587	2.29885	.
B73_chr5	39007925	39023326	LTRRT_26240	B73_chr5	39009704	39009878	meth_B73.ref_B73_5:39009704..39009878	4.97925	.
B73_chr5	39007925	39023326	LTRRT_26240	B73_chr5	39020502	39020674	meth_B73.ref_B73_5:39020502..39020674	16.4179	.
B73_chr5	39047347	39060942	LTRRT_26241	B73_chr5	39059406	39059652	meth_B73.ref_B73_5:39059406..39059652	11.9266	.
B73_chr5	39130125	39135235	LTRRT_26243	B73_chr5	39129709	39130440	meth_B73.ref_B73_5:39129709..39130440	1.875	.
B73_chr5	39130125	39135235	LTRRT_26243	B73_chr5	39132076	39132425	meth_B73.ref_B73_5:39132076..39132425	2.25564	.
B73_chr5	39130125	39135235	LTRRT_26243	B73_chr5	39132732	39132903	meth_B73.ref_B73_5:39132732..39132903	0	.
B73_chr5	39340900	39345584	LTRRT_26249	B73_chr5	39339555	39340998	meth_B73.ref_B73_5:39339555..39340998	0.830368	.
B73_chr5	39443075	39455079	LTRRT_26250	B73_chr5	39445829	39447089	meth_B73.ref_B73_5:39445829..39447089	1.14679	.
B73_chr5	39443075	39455079	LTRRT_26250	B73_chr5	39453298	39454667	meth_B73.ref_B73_5:39453298..39454667	0.645161	.
B73_chr5	39735119	39750695	LTRRT_26258	B73_chr5	39748648	39748822	meth_B73.ref_B73_5:39748648..39748822	6.31579	.
B73_chr5	40654263	40663701	LTRRT_26278	B73_chr5	40659134	40659319	meth_B73.ref_B73_5:40659134..40659319	8.33333	.
B73_chr5	40684367	40698128	LTRRT_26279	B73_chr5	40686568	40686814	meth_B73.ref_B73_5:40686568..40686814	4	.
B73_chr5	40684367	40698128	LTRRT_26279	B73_chr5	40693280	40693433	meth_B73.ref_B73_5:40693280..40693433	30.7692	.
B73_chr5	40774179	40779632	LTRRT_26281	B73_chr5	40775176	40776025	meth_B73.ref_B73_5:40775176..40776025	1.1976	.
B73_chr5	41110744	41119662	LTRRT_26288	B73_chr5	41111203	41111416	meth_B73.ref_B73_5:41111203..41111416	10.2041	.
B73_chr5	41514774	41527498	LTRRT_26297	B73_chr5	41526321	41526473	meth_B73.ref_B73_5:41526321..41526473	6.66667	.
B73_chr5	41779971	41792441	LTRRT_26304	B73_chr5	41781032	41781754	meth_B73.ref_B73_5:41781032..41781754	3.125	.
B73_chr5	41779971	41792441	LTRRT_26304	B73_chr5	41782204	41782725	meth_B73.ref_B73_5:41782204..41782725	7.94224	.
B73_chr5	41779971	41792441	LTRRT_26304	B73_chr5	41788101	41788822	meth_B73.ref_B73_5:41788101..41788822	3.13725	.
B73_chr5	41779971	41792441	LTRRT_26304	B73_chr5	41789239	41789779	meth_B73.ref_B73_5:41789239..41789779	12.381	.
B73_chr5	42519885	42530146	LTRRT_26323	B73_chr5	42529162	42529389	meth_B73.ref_B73_5:42529162..42529389	5	.
B73_chr5	42548180	42557606	LTRRT_26325	B73_chr5	42556459	42556822	meth_B73.ref_B73_5:42556459..42556822	17.6471	.
B73_chr5	42710593	42719488	LTRRT_26331	B73_chr5	42716700	42716886	meth_B73.ref_B73_5:42716700..42716886	16.3265	.
B73_chr5	43006716	43011679	LTRRT_26338	B73_chr5	43004581	43006753	meth_B73.ref_B73_5:43004581..43006753	0.27248	.
B73_chr5	43164737	43178110	LTRRT_26341	B73_chr5	43168480	43169597	meth_B73.ref_B73_5:43168480..43169597	11.1015	.
B73_chr5	43878722	43888014	LTRRT_26354	B73_chr5	43887824	43887975	meth_B73.ref_B73_5:43887824..43887975	10.6383	.
B73_chr5	44619103	44628209	LTRRT_26372	B73_chr5	44620175	44621073	meth_B73.ref_B73_5:44620175..44621073	5.91398	.
B73_chr5	44619103	44628209	LTRRT_26372	B73_chr5	44626823	44627706	meth_B73.ref_B73_5:44626823..44627706	4.89914	.
B73_chr5	44720538	44733998	LTRRT_26374	B73_chr5	44721587	44721749	meth_B73.ref_B73_5:44721587..44721749	6.89655	.
B73_chr5	44720538	44733998	LTRRT_26374	B73_chr5	44722222	44722788	meth_B73.ref_B73_5:44722222..44722788	7.69231	.
B73_chr5	44720538	44733998	LTRRT_26374	B73_chr5	44723428	44723584	meth_B73.ref_B73_5:44723428..44723584	11.6667	.
B73_chr5	44720538	44733998	LTRRT_26374	B73_chr5	44730076	44730567	meth_B73.ref_B73_5:44730076..44730567	0.847458	.
B73_chr5	44840437	44853026	LTRRT_26380	B73_chr5	44841341	44841507	meth_B73.ref_B73_5:44841341..44841507	12.1212	.
B73_chr5	44919619	44928813	LTRRT_26382	B73_chr5	44920761	44921382	meth_B73.ref_B73_5:44920761..44921382	6.33562	.
B73_chr5	44919619	44928813	LTRRT_26382	B73_chr5	44927605	44928217	meth_B73.ref_B73_5:44927605..44928217	2.54083	.
B73_chr5	45608592	45627499	LTRRT_26400	B73_chr5	45609688	45610447	meth_B73.ref_B73_5:45609688..45610447	4.93274	.
B73_chr5	45608592	45627499	LTRRT_26400	B73_chr5	45626259	45626997	meth_B73.ref_B73_5:45626259..45626997	6.09244	.
B73_chr5	45714721	45735715	LTRRT_26402	B73_chr5	45718121	45718624	meth_B73.ref_B73_5:45718121..45718624	12.5604	.
B73_chr5	45714721	45735715	LTRRT_26402	B73_chr5	45733101	45733690	meth_B73.ref_B73_5:45733101..45733690	12.3779	.
B73_chr5	45742812	45757270	LTRRT_26404	B73_chr5	45743254	45743458	meth_B73.ref_B73_5:45743254..45743458	10.3774	.
B73_chr5	46437717	46451628	LTRRT_26426	B73_chr5	46447459	46447622	meth_B73.ref_B73_5:46447459..46447622	10.2564	.
B73_chr5	46613827	46626363	LTRRT_26429	B73_chr5	46614815	46615021	meth_B73.ref_B73_5:46614815..46615021	11.7647	.
B73_chr5	47548742	47553721	LTRRT_26455	B73_chr5	47544740	47548751	meth_B73.ref_B73_5:47544740..47548751	2.5092	.
B73_chr5	48154921	48160312	LTRRT_26470	B73_chr5	48159489	48161263	meth_B73.ref_B73_5:48159489..48161263	3.48101	.
B73_chr5	49729174	49738506	LTRRT_26514	B73_chr5	49729847	49730237	meth_B73.ref_B73_5:49729847..49730237	11.4286	.
B73_chr5	49794654	49796781	LTRRT_26515	B73_chr5	49793796	49795825	meth_B73.ref_B73_5:49793796..49795825	7.07749	.
B73_chr5	50271995	50281346	LTRRT_26528	B73_chr5	50270243	50272055	meth_B73.ref_B73_5:50270243..50272055	2.42915	.
B73_chr5	50554728	50563703	LTRRT_26537	B73_chr5	50559125	50559315	meth_B73.ref_B73_5:50559125..50559315	16.6667	.
B73_chr5	50856547	50861404	LTRRT_26546	B73_chr5	50855785	50856549	meth_B73.ref_B73_5:50855785..50856549	3.32031	.
B73_chr5	51524671	51538747	LTRRT_26570	B73_chr5	51533792	51533958	meth_B73.ref_B73_5:51533792..51533958	12.3288	.
B73_chr5	51693159	51697949	LTRRT_26575	B73_chr5	51692319	51693199	meth_B73.ref_B73_5:51692319..51693199	0.601202	.
B73_chr5	51693159	51697949	LTRRT_26575	B73_chr5	51697765	51698253	meth_B73.ref_B73_5:51697765..51698253	7.94702	.
B73_chr5	53644446	53659834	LTRRT_26623	B73_chr5	53657825	53658051	meth_B73.ref_B73_5:53657825..53658051	11.7886	.
B73_chr5	54320770	54334668	LTRRT_26640	B73_chr5	54329326	54330989	meth_B73.ref_B73_5:54329326..54330989	1.24888	.
B73_chr5	54916147	54922262	LTRRT_26654	B73_chr5	54915661	54916757	meth_B73.ref_B73_5:54915661..54916757	5.01139	.
B73_chr5	54916147	54922262	LTRRT_26654	B73_chr5	54920622	54922883	meth_B73.ref_B73_5:54920622..54922883	1.30024	.
B73_chr5	55011240	55021999	LTRRT_26658	B73_chr5	55016601	55017066	meth_B73.ref_B73_5:55016601..55017066	4.72813	.
B73_chr5	55288467	55294480	LTRRT_26666	B73_chr5	55293418	55294062	meth_B73.ref_B73_5:55293418..55294062	1.21212	.
B73_chr5	55288467	55294480	LTRRT_26666	B73_chr5	55294442	55295143	meth_B73.ref_B73_5:55294442..55295143	1.93165	.
B73_chr5	56354758	56362864	LTRRT_26690	B73_chr5	56355961	56356141	meth_B73.ref_B73_5:56355961..56356141	11.5385	.
B73_chr5	56484703	56499185	LTRRT_26694	B73_chr5	56499183	56499755	meth_B73.ref_B73_5:56499183..56499755	3.63636	.
B73_chr5	57134790	57149652	LTRRT_26711	B73_chr5	57135179	57135825	meth_B73.ref_B73_5:57135179..57135825	0.272851	.
B73_chr5	57369553	57375468	LTRRT_26717	B73_chr5	57364976	57369896	meth_B73.ref_B73_5:57364976..57369896	2.93587	.
B73_chr5	58509046	58517991	LTRRT_26740	B73_chr5	58510881	58512303	meth_B73.ref_B73_5:58510881..58512303	1.0084	.
B73_chr5	60477894	60490496	LTRRT_26795	B73_chr5	60477894	60478876	meth_B73.ref_B73_5:60477894..60478876	0	.
B73_chr5	60477894	60490496	LTRRT_26795	B73_chr5	60486207	60486447	meth_B73.ref_B73_5:60486207..60486447	0	.
B73_chr5	60477894	60490496	LTRRT_26795	B73_chr5	60486585	60486888	meth_B73.ref_B73_5:60486585..60486888	0	.
B73_chr5	61397807	61413378	LTRRT_26822	B73_chr5	61400457	61400781	meth_B73.ref_B73_5:61400457..61400781	6.50407	.
B73_chr5	61397807	61413378	LTRRT_26822	B73_chr5	61411337	61411543	meth_B73.ref_B73_5:61411337..61411543	8.49057	.
B73_chr5	61841618	61854329	LTRRT_26835	B73_chr5	61854327	61859704	meth_B73.ref_B73_5:61854327..61859704	0.822695	.
B73_chr5	62753153	62761835	LTRRT_26855	B73_chr5	62754862	62755029	meth_B73.ref_B73_5:62754862..62755029	13.0435	.
B73_chr5	63266193	63269433	LTRRT_26869	B73_chr5	63262924	63266214	meth_B73.ref_B73_5:63262924..63266214	0.304054	.
B73_chr5	63632517	63646393	LTRRT_26881	B73_chr5	63634067	63634278	meth_B73.ref_B73_5:63634067..63634278	15.7895	.
B73_chr5	63722231	63737776	LTRRT_26884	B73_chr5	63725208	63725937	meth_B73.ref_B73_5:63725208..63725937	0.953895	.
B73_chr5	63722231	63737776	LTRRT_26884	B73_chr5	63736381	63737174	meth_B73.ref_B73_5:63736381..63737174	3.50195	.
B73_chr5	64266946	64282329	LTRRT_26898	B73_chr5	64268724	64268898	meth_B73.ref_B73_5:64268724..64268898	8.57143	.
B73_chr5	65935452	65958571	LTRRT_26936	B73_chr5	65938683	65939157	meth_B73.ref_B73_5:65938683..65939157	6.38298	.
B73_chr5	65935452	65958571	LTRRT_26936	B73_chr5	65955718	65956676	meth_B73.ref_B73_5:65955718..65956676	13.1528	.
B73_chr5	66237922	66239809	LTRRT_26946	B73_chr5	66234276	66238149	meth_B73.ref_B73_5:66234276..66238149	3.42988	.
B73_chr5	66269990	66275623	LTRRT_26948	B73_chr5	66272328	66275612	meth_B73.ref_B73_5:66272328..66275612	4.85175	.
B73_chr5	66282184	66287701	LTRRT_26949	B73_chr5	66287661	66287999	meth_B73.ref_B73_5:66287661..66287999	5.99078	.
B73_chr5	66671427	66680647	LTRRT_26961	B73_chr5	66672426	66673216	meth_B73.ref_B73_5:66672426..66673216	2.8777	.
B73_chr5	66671427	66680647	LTRRT_26961	B73_chr5	66679474	66680261	meth_B73.ref_B73_5:66679474..66680261	7.86885	.
B73_chr5	66757794	66767232	LTRRT_26964	B73_chr5	66766127	66766505	meth_B73.ref_B73_5:66766127..66766505	3.57143	.
B73_chr5	67042334	67049176	LTRRT_26975	B73_chr5	67044063	67044495	meth_B73.ref_B73_5:67044063..67044495	1.20482	.
B73_chr5	67042334	67049176	LTRRT_26975	B73_chr5	67048121	67048683	meth_B73.ref_B73_5:67048121..67048683	2.71318	.
B73_chr5	67201750	67211218	LTRRT_26980	B73_chr5	67203189	67203374	meth_B73.ref_B73_5:67203189..67203374	15	.
B73_chr5	67695512	67711085	LTRRT_26993	B73_chr5	67697227	67697484	meth_B73.ref_B73_5:67697227..67697484	10	.
B73_chr5	67695512	67711085	LTRRT_26993	B73_chr5	67708111	67708620	meth_B73.ref_B73_5:67708111..67708620	14.5349	.
B73_chr5	67985608	67999513	LTRRT_27000	B73_chr5	67999496	68003449	meth_B73.ref_B73_5:67999496..68003449	0.410818	.
B73_chr5	68915683	68929596	LTRRT_27022	B73_chr5	68917980	68919159	meth_B73.ref_B73_5:68917980..68919159	9.62199	.
B73_chr5	68915683	68929596	LTRRT_27022	B73_chr5	68919286	68919438	meth_B73.ref_B73_5:68919286..68919438	11.1111	.
B73_chr5	68915683	68929596	LTRRT_27022	B73_chr5	68925219	68927240	meth_B73.ref_B73_5:68925219..68927240	4.60358	.
B73_chr5	69093690	69100679	LTRRT_27025	B73_chr5	69094068	69094902	meth_B73.ref_B73_5:69094068..69094902	9.33661	.
B73_chr5	69093690	69100679	LTRRT_27025	B73_chr5	69098563	69099295	meth_B73.ref_B73_5:69098563..69099295	13.1059	.
B73_chr5	69216125	69225653	LTRRT_27027	B73_chr5	69225631	69226067	meth_B73.ref_B73_5:69225631..69226067	1.30435	.
B73_chr5	69627204	69635146	LTRRT_27040	B73_chr5	69627791	69627970	meth_B73.ref_B73_5:69627791..69627970	12	.
B73_chr5	70188806	70198286	LTRRT_27062	B73_chr5	70197617	70198396	meth_B73.ref_B73_5:70197617..70198396	4.94881	.
B73_chr5	71010996	71027286	LTRRT_27085	B73_chr5	71018338	71018666	meth_B73.ref_B73_5:71018338..71018666	6.81818	.
B73_chr5	71010996	71027286	LTRRT_27085	B73_chr5	71020109	71020654	meth_B73.ref_B73_5:71020109..71020654	19.7767	.
B73_chr5	71397852	71404762	LTRRT_27103	B73_chr5	71398863	71399214	meth_B73.ref_B73_5:71398863..71399214	10.7759	.
B73_chr5	71397852	71404762	LTRRT_27103	B73_chr5	71404207	71404416	meth_B73.ref_B73_5:71404207..71404416	16.2791	.
B73_chr5	71585015	71593359	LTRRT_27109	B73_chr5	71592471	71592623	meth_B73.ref_B73_5:71592471..71592623	2.7027	.
B73_chr5	72387225	72396428	LTRRT_27129	B73_chr5	72388226	72389017	meth_B73.ref_B73_5:72388226..72389017	7.82609	.
B73_chr5	72387225	72396428	LTRRT_27129	B73_chr5	72395218	72396047	meth_B73.ref_B73_5:72395218..72396047	5.17799	.
B73_chr5	72533912	72545814	LTRRT_27132	B73_chr5	72537101	72537570	meth_B73.ref_B73_5:72537101..72537570	0.884956	.
B73_chr5	72533912	72545814	LTRRT_27132	B73_chr5	72544896	72545123	meth_B73.ref_B73_5:72544896..72545123	1.75439	.
B73_chr5	73030718	73038112	LTRRT_27143	B73_chr5	73038096	73039472	meth_B73.ref_B73_5:73038096..73039472	2.44618	.
B73_chr5	73894262	73903500	LTRRT_27163	B73_chr5	73893959	73894283	meth_B73.ref_B73_5:73893959..73894283	5.919	.
B73_chr5	74506842	74520769	LTRRT_27178	B73_chr5	74509692	74510975	meth_B73.ref_B73_5:74509692..74510975	3.68794	.
B73_chr5	74506842	74520769	LTRRT_27178	B73_chr5	74517816	74518756	meth_B73.ref_B73_5:74517816..74518756	7	.
B73_chr5	75137142	75142363	LTRRT_27191	B73_chr5	75142349	75146150	meth_B73.ref_B73_5:75142349..75146150	0.494234	.
B73_chr5	75465724	75480046	LTRRT_27201	B73_chr5	75469179	75469844	meth_B73.ref_B73_5:75469179..75469844	7.97267	.
B73_chr5	75465724	75480046	LTRRT_27201	B73_chr5	75474953	75475200	meth_B73.ref_B73_5:75474953..75475200	3.94737	.
B73_chr5	75465724	75480046	LTRRT_27201	B73_chr5	75477177	75477865	meth_B73.ref_B73_5:75477177..75477865	14.4621	.
B73_chr5	76212176	76222338	LTRRT_27219	B73_chr5	76212559	76213638	meth_B73.ref_B73_5:76212559..76213638	9.38967	.
B73_chr5	76212176	76222338	LTRRT_27219	B73_chr5	76220179	76221251	meth_B73.ref_B73_5:76220179..76221251	3.97805	.
B73_chr5	76539138	76545875	LTRRT_27229	B73_chr5	76545873	76547002	meth_B73.ref_B73_5:76545873..76547002	2.91045	.
B73_chr5	76675664	76681859	LTRRT_27234	B73_chr5	76665938	76675698	meth_B73.ref_B73_5:76665938..76675698	0.238169	.
B73_chr5	76871870	76886808	LTRRT_27237	B73_chr5	76884329	76884642	meth_B73.ref_B73_5:76884329..76884642	14.4654	.
B73_chr5	77064829	77080252	LTRRT_27240	B73_chr5	77075155	77075881	meth_B73.ref_B73_5:77075155..77075881	3.84615	.
B73_chr5	78140748	78145906	LTRRT_27261	B73_chr5	78140908	78141291	meth_B73.ref_B73_5:78140908..78141291	17.8439	.
B73_chr5	78395252	78408594	LTRRT_27266	B73_chr5	78397331	78397634	meth_B73.ref_B73_5:78397331..78397634	5.20833	.
B73_chr5	78749806	78761424	LTRRT_27272	B73_chr5	78750530	78751554	meth_B73.ref_B73_5:78750530..78751554	0.280505	.
B73_chr5	78749806	78761424	LTRRT_27272	B73_chr5	78757840	78758993	meth_B73.ref_B73_5:78757840..78758993	1.78571	.
B73_chr5	79078912	79085811	LTRRT_27282	B73_chr5	79079289	79080154	meth_B73.ref_B73_5:79079289..79080154	8.72865	.
B73_chr5	79078912	79085811	LTRRT_27282	B73_chr5	79083651	79084434	meth_B73.ref_B73_5:79083651..79084434	9.81013	.
B73_chr5	79327092	79335337	LTRRT_27292	B73_chr5	79327945	79328099	meth_B73.ref_B73_5:79327945..79328099	0	.
B73_chr5	80306687	80322085	LTRRT_27310	B73_chr5	80309340	80309513	meth_B73.ref_B73_5:80309340..80309513	0	.
B73_chr5	81605908	81621454	LTRRT_27348	B73_chr5	81619551	81619732	meth_B73.ref_B73_5:81619551..81619732	17.094	.
B73_chr5	81730033	81738834	LTRRT_27351	B73_chr5	81730438	81731222	meth_B73.ref_B73_5:81730438..81731222	6.95971	.
B73_chr5	81730033	81738834	LTRRT_27351	B73_chr5	81737040	81737829	meth_B73.ref_B73_5:81737040..81737829	8.20896	.
B73_chr5	82153095	82166917	LTRRT_27364	B73_chr5	82155137	82156072	meth_B73.ref_B73_5:82155137..82156072	8.99772	.
B73_chr5	82153095	82166917	LTRRT_27364	B73_chr5	82162864	82163823	meth_B73.ref_B73_5:82162864..82163823	11.8022	.
B73_chr5	83552214	83561096	LTRRT_27410	B73_chr5	83560367	83560578	meth_B73.ref_B73_5:83560367..83560578	18.0645	.
B73_chr5	83922139	83935175	LTRRT_27421	B73_chr5	83932244	83932429	meth_B73.ref_B73_5:83932244..83932429	12	.
B73_chr5	84418527	84430485	LTRRT_27432	B73_chr5	84418585	84418789	meth_B73.ref_B73_5:84418585..84418789	3.7037	.
B73_chr5	84418527	84430485	LTRRT_27432	B73_chr5	84428469	84428636	meth_B73.ref_B73_5:84428469..84428636	14.6341	.
B73_chr5	84636978	84652541	LTRRT_27437	B73_chr5	84638843	84639017	meth_B73.ref_B73_5:84638843..84639017	3.7037	.
B73_chr5	84636978	84652541	LTRRT_27437	B73_chr5	84649719	84649893	meth_B73.ref_B73_5:84649719..84649893	14.8936	.
B73_chr5	84757433	84767690	LTRRT_27441	B73_chr5	84760122	84760304	meth_B73.ref_B73_5:84760122..84760304	0	.
B73_chr5	84757433	84767690	LTRRT_27441	B73_chr5	84766981	84767242	meth_B73.ref_B73_5:84766981..84767242	0	.
B73_chr5	85023590	85033911	LTRRT_27445	B73_chr5	85030946	85032267	meth_B73.ref_B73_5:85030946..85032267	1.59091	.
B73_chr5	85875146	85884064	LTRRT_27466	B73_chr5	85881142	85881358	meth_B73.ref_B73_5:85881142..85881358	17.2414	.
B73_chr5	86085571	86092080	LTRRT_27473	B73_chr5	86084687	86085607	meth_B73.ref_B73_5:86084687..86085607	2.41692	.
B73_chr5	86085571	86092080	LTRRT_27473	B73_chr5	86085793	86086034	meth_B73.ref_B73_5:86085793..86086034	4.83871	.
B73_chr5	86582826	86592097	LTRRT_27488	B73_chr5	86587115	86587303	meth_B73.ref_B73_5:86587115..86587303	16.6667	.
B73_chr5	86664993	86677551	LTRRT_27489	B73_chr5	86665445	86665678	meth_B73.ref_B73_5:86665445..86665678	0	.
B73_chr5	86664993	86677551	LTRRT_27489	B73_chr5	86673457	86674039	meth_B73.ref_B73_5:86673457..86674039	5	.
B73_chr5	88454781	88461629	LTRRT_27526	B73_chr5	88456120	88456991	meth_B73.ref_B73_5:88456120..88456991	5.18135	.
B73_chr5	88454781	88461629	LTRRT_27526	B73_chr5	88460408	88461144	meth_B73.ref_B73_5:88460408..88461144	7.86948	.
B73_chr5	89060124	89069548	LTRRT_27543	B73_chr5	89062886	89063462	meth_B73.ref_B73_5:89062886..89063462	15.625	.
B73_chr5	89499881	89507442	LTRRT_27553	B73_chr5	89500321	89500477	meth_B73.ref_B73_5:89500321..89500477	13.6364	.
B73_chr5	89499881	89507442	LTRRT_27553	B73_chr5	89507012	89507176	meth_B73.ref_B73_5:89507012..89507176	7.62712	.
B73_chr5	91055729	91067931	LTRRT_27586	B73_chr5	91055212	91055731	meth_B73.ref_B73_5:91055212..91055731	2.37288	.
B73_chr5	91839330	91854744	LTRRT_27616	B73_chr5	91851649	91852283	meth_B73.ref_B73_5:91851649..91852283	6.25	.
B73_chr5	92638378	92648394	LTRRT_27641	B73_chr5	92647479	92647639	meth_B73.ref_B73_5:92647479..92647639	0	.
B73_chr5	93015128	93025219	LTRRT_27647	B73_chr5	93024308	93024475	meth_B73.ref_B73_5:93024308..93024475	12.8205	.
B73_chr5	93923696	93930413	LTRRT_27669	B73_chr5	93918243	93924607	meth_B73.ref_B73_5:93918243..93924607	1.58638	.
B73_chr5	93923696	93930413	LTRRT_27669	B73_chr5	93930189	93931129	meth_B73.ref_B73_5:93930189..93931129	4.1721	.
B73_chr5	93943123	93953499	LTRRT_27671	B73_chr5	93948000	93948567	meth_B73.ref_B73_5:93948000..93948567	0.953895	.
B73_chr5	94021270	94031062	LTRRT_27673	B73_chr5	94022350	94023138	meth_B73.ref_B73_5:94022350..94023138	6.70611	.
B73_chr5	94021270	94031062	LTRRT_27673	B73_chr5	94029801	94030650	meth_B73.ref_B73_5:94029801..94030650	2.14168	.
B73_chr5	94090824	94105795	LTRRT_27675	B73_chr5	94103276	94103614	meth_B73.ref_B73_5:94103276..94103614	10.625	.
B73_chr5	94361615	94366788	LTRRT_27679	B73_chr5	94362158	94362573	meth_B73.ref_B73_5:94362158..94362573	9.67742	.
B73_chr5	94557419	94564259	LTRRT_27684	B73_chr5	94558881	94559189	meth_B73.ref_B73_5:94558881..94559189	8.47458	.
B73_chr5	94557419	94564259	LTRRT_27684	B73_chr5	94559274	94559482	meth_B73.ref_B73_5:94559274..94559482	0	.
B73_chr5	94557419	94564259	LTRRT_27684	B73_chr5	94563045	94563866	meth_B73.ref_B73_5:94563045..94563866	8.12721	.
B73_chr5	94841266	94848771	LTRRT_27691	B73_chr5	94847036	94847477	meth_B73.ref_B73_5:94847036..94847477	5.4326	.
B73_chr5	94980912	94995275	LTRRT_27697	B73_chr5	94982667	94983850	meth_B73.ref_B73_5:94982667..94983850	9.77836	.
B73_chr5	94980912	94995275	LTRRT_27697	B73_chr5	94990958	94991895	meth_B73.ref_B73_5:94990958..94991895	6.49718	.
B73_chr5	95272590	95277846	LTRRT_27708	B73_chr5	95277844	95280487	meth_B73.ref_B73_5:95277844..95280487	0.323799	.
B73_chr5	95272590	95277846	LTRRT_27708	B73_chr5	95272075	95273003	meth_B73.ref_B73_5:95272075..95273003	13.41	.
B73_chr5	95591695	95603576	LTRRT_27718	B73_chr5	95594700	95594895	meth_B73.ref_B73_5:95594700..95594895	12.1951	.
B73_chr5	96190095	96199393	LTRRT_27731	B73_chr5	96191143	96191890	meth_B73.ref_B73_5:96191143..96191890	7.72727	.
B73_chr5	96190095	96199393	LTRRT_27731	B73_chr5	96198148	96199020	meth_B73.ref_B73_5:96198148..96199020	11.2128	.
B73_chr5	96392200	96407178	LTRRT_27737	B73_chr5	96404680	96405143	meth_B73.ref_B73_5:96404680..96405143	13.9394	.
B73_chr5	96738805	96743985	LTRRT_27747	B73_chr5	96743551	96743726	meth_B73.ref_B73_5:96743551..96743726	7.37705	.
B73_chr5	97626278	97635666	LTRRT_27765	B73_chr5	97628993	97629567	meth_B73.ref_B73_5:97628993..97629567	18.6047	.
B73_chr5	97669930	97685499	LTRRT_27766	B73_chr5	97671799	97672160	meth_B73.ref_B73_5:97671799..97672160	8.33333	.
B73_chr5	98157522	98173103	LTRRT_27778	B73_chr5	98160241	98160497	meth_B73.ref_B73_5:98160241..98160497	15.2381	.
B73_chr5	98157522	98173103	LTRRT_27778	B73_chr5	98171060	98171383	meth_B73.ref_B73_5:98171060..98171383	10.596	.
B73_chr5	98430224	98439419	LTRRT_27784	B73_chr5	98431192	98432340	meth_B73.ref_B73_5:98431192..98432340	1.78117	.
B73_chr5	98430224	98439419	LTRRT_27784	B73_chr5	98437929	98439002	meth_B73.ref_B73_5:98437929..98439002	3.65854	.
B73_chr5	98454098	98460956	LTRRT_27786	B73_chr5	98459922	98460079	meth_B73.ref_B73_5:98459922..98460079	3.57143	.
B73_chr5	98588589	98593721	LTRRT_27789	B73_chr5	98593633	98598389	meth_B73.ref_B73_5:98593633..98598389	1.3851	.
B73_chr5	98727905	98734747	LTRRT_27793	B73_chr5	98729251	98729769	meth_B73.ref_B73_5:98729251..98729769	13.1429	.
B73_chr5	98727905	98734747	LTRRT_27793	B73_chr5	98733529	98734254	meth_B73.ref_B73_5:98733529..98734254	5.32915	.
B73_chr5	99087771	99100609	LTRRT_27802	B73_chr5	99098567	99098893	meth_B73.ref_B73_5:99098567..99098893	8.18713	.
B73_chr5	99175169	99185344	LTRRT_27806	B73_chr5	99175569	99176529	meth_B73.ref_B73_5:99175569..99176529	6.52819	.
B73_chr5	99175169	99185344	LTRRT_27806	B73_chr5	99178185	99179080	meth_B73.ref_B73_5:99178185..99179080	5.65476	.
B73_chr5	99175169	99185344	LTRRT_27806	B73_chr5	99183356	99184308	meth_B73.ref_B73_5:99183356..99184308	6.68605	.
B73_chr5	99379505	99394466	LTRRT_27814	B73_chr5	99381374	99381834	meth_B73.ref_B73_5:99381374..99381834	14.1593	.
B73_chr5	99408434	99415933	LTRRT_27815	B73_chr5	99415893	99416621	meth_B73.ref_B73_5:99415893..99416621	4.29936	.
B73_chr5	100036375	100043443	LTRRT_27834	B73_chr5	100036717	100037410	meth_B73.ref_B73_5:100036717..100037410	5.28376	.
B73_chr5	100036375	100043443	LTRRT_27834	B73_chr5	100037466	100037730	meth_B73.ref_B73_5:100037466..100037730	18.3673	.
B73_chr5	100036375	100043443	LTRRT_27834	B73_chr5	100041260	100041977	meth_B73.ref_B73_5:100041260..100041977	1.5625	.
B73_chr5	100495423	100510418	LTRRT_27845	B73_chr5	100495781	100495962	meth_B73.ref_B73_5:100495781..100495962	19.2308	.
B73_chr5	100832518	100846286	LTRRT_27852	B73_chr5	100833461	100833895	meth_B73.ref_B73_5:100833461..100833895	15.6566	.
B73_chr5	100832518	100846286	LTRRT_27852	B73_chr5	100845676	100845940	meth_B73.ref_B73_5:100845676..100845940	11.1111	.
B73_chr5	100855351	100860697	LTRRT_27853	B73_chr5	100860645	100864392	meth_B73.ref_B73_5:100860645..100864392	1.0665	.
B73_chr5	102351560	102362897	LTRRT_27884	B73_chr5	102356169	102356337	meth_B73.ref_B73_5:102356169..102356337	17.0732	.
B73_chr5	102428555	102441013	LTRRT_27886	B73_chr5	102439806	102440001	meth_B73.ref_B73_5:102439806..102440001	12.5	.
B73_chr5	102516744	102531768	LTRRT_27888	B73_chr5	102518601	102518800	meth_B73.ref_B73_5:102518601..102518800	8	.
B73_chr5	102905416	102910127	LTRRT_27898	B73_chr5	102904440	102905495	meth_B73.ref_B73_5:102904440..102905495	0.61665	.
B73_chr5	103142912	103148470	LTRRT_27907	B73_chr5	103148415	103154004	meth_B73.ref_B73_5:103148415..103154004	0.813435	.
B73_chr5	104062938	104068182	LTRRT_27926	B73_chr5	104061893	104062966	meth_B73.ref_B73_5:104061893..104062966	9.49185	.
B73_chr5	104062938	104068182	LTRRT_27926	B73_chr5	104065085	104065251	meth_B73.ref_B73_5:104065085..104065251	10.7143	.
B73_chr5	104473503	104480404	LTRRT_27941	B73_chr5	104473979	104474548	meth_B73.ref_B73_5:104473979..104474548	2.5	.
B73_chr5	104473503	104480404	LTRRT_27941	B73_chr5	104478162	104479020	meth_B73.ref_B73_5:104478162..104479020	5.27426	.
B73_chr5	104525514	104533087	LTRRT_27943	B73_chr5	104531979	104532183	meth_B73.ref_B73_5:104531979..104532183	10.2564	.
B73_chr5	104551765	104559335	LTRRT_27944	B73_chr5	104552292	104552449	meth_B73.ref_B73_5:104552292..104552449	12.8571	.
B73_chr5	104821923	104831696	LTRRT_27951	B73_chr5	104822246	104823009	meth_B73.ref_B73_5:104822246..104823009	2.80374	.
B73_chr5	104821923	104831696	LTRRT_27951	B73_chr5	104829839	104830324	meth_B73.ref_B73_5:104829839..104830324	8.20106	.
B73_chr5	104957576	104964418	LTRRT_27956	B73_chr5	104959083	104959654	meth_B73.ref_B73_5:104959083..104959654	6.43564	.
B73_chr5	104957576	104964418	LTRRT_27956	B73_chr5	104963208	104963940	meth_B73.ref_B73_5:104963208..104963940	10.2913	.
B73_chr5	105075272	105082836	LTRRT_27961	B73_chr5	105075458	105075620	meth_B73.ref_B73_5:105075458..105075620	5.55556	.
B73_chr5	105084756	105092332	LTRRT_27962	B73_chr5	105090946	105091107	meth_B73.ref_B73_5:105090946..105091107	17.0732	.
B73_chr5	105232151	105254554	LTRRT_27966	B73_chr5	105253164	105253328	meth_B73.ref_B73_5:105253164..105253328	14.1304	.
B73_chr5	105281366	105288937	LTRRT_27968	B73_chr5	105288524	105288682	meth_B73.ref_B73_5:105288524..105288682	6.06061	.
B73_chr5	105390867	105405845	LTRRT_27972	B73_chr5	105393058	105393371	meth_B73.ref_B73_5:105393058..105393371	14.8936	.
B73_chr5	105390867	105405845	LTRRT_27972	B73_chr5	105403519	105403983	meth_B73.ref_B73_5:105403519..105403983	10.0386	.
B73_chr5	105545726	105553267	LTRRT_27978	B73_chr5	105552161	105552312	meth_B73.ref_B73_5:105552161..105552312	14.2857	.
B73_chr5	105545726	105553267	LTRRT_27978	B73_chr5	105552864	105553095	meth_B73.ref_B73_5:105552864..105553095	12.5	.
B73_chr5	105726943	105740635	LTRRT_27983	B73_chr5	105739869	105740375	meth_B73.ref_B73_5:105739869..105740375	15.7328	.
B73_chr5	105824352	105831921	LTRRT_27986	B73_chr5	105831508	105831662	meth_B73.ref_B73_5:105831508..105831662	0	.
B73_chr5	105874623	105882193	LTRRT_27987	B73_chr5	105874880	105875109	meth_B73.ref_B73_5:105874880..105875109	11.1111	.
B73_chr5	105874623	105882193	LTRRT_27987	B73_chr5	105875731	105875917	meth_B73.ref_B73_5:105875731..105875917	11.3636	.
B73_chr5	106658226	106665072	LTRRT_28013	B73_chr5	106663855	106664811	meth_B73.ref_B73_5:106663855..106664811	6.34249	.
B73_chr5	106658226	106665072	LTRRT_28013	B73_chr5	106659736	106660306	meth_B73.ref_B73_5:106659736..106660306	7.08661	.
B73_chr5	107434558	107450796	LTRRT_28037	B73_chr5	107442960	107443118	meth_B73.ref_B73_5:107442960..107443118	7.69231	.
B73_chr5	108631681	108638566	LTRRT_28069	B73_chr5	108631393	108631683	meth_B73.ref_B73_5:108631393..108631683	4.61538	.
B73_chr5	108859519	108866485	LTRRT_28082	B73_chr5	108861341	108861593	meth_B73.ref_B73_5:108861341..108861593	0	.
B73_chr5	109006936	109015890	LTRRT_28089	B73_chr5	109010661	109010834	meth_B73.ref_B73_5:109010661..109010834	12	.
B73_chr5	109894098	109906848	LTRRT_28108	B73_chr5	109896140	109896324	meth_B73.ref_B73_5:109896140..109896324	3.57143	.
B73_chr5	109894098	109906848	LTRRT_28108	B73_chr5	109905668	109905840	meth_B73.ref_B73_5:109905668..109905840	0	.
B73_chr5	110330587	110339399	LTRRT_28126	B73_chr5	110331690	110332183	meth_B73.ref_B73_5:110331690..110332183	8.64198	.
B73_chr5	110330587	110339399	LTRRT_28126	B73_chr5	110338428	110338896	meth_B73.ref_B73_5:110338428..110338896	7.01754	.
B73_chr5	110745383	110759549	LTRRT_28133	B73_chr5	110747111	110747561	meth_B73.ref_B73_5:110747111..110747561	12.4224	.
B73_chr5	110873199	110887749	LTRRT_28136	B73_chr5	110875166	110875389	meth_B73.ref_B73_5:110875166..110875389	5.66038	.
B73_chr5	110931761	110947925	LTRRT_28140	B73_chr5	110937722	110938381	meth_B73.ref_B73_5:110937722..110938381	1.85185	.
B73_chr5	110931761	110947925	LTRRT_28140	B73_chr5	110944177	110944948	meth_B73.ref_B73_5:110944177..110944948	2.9703	.
B73_chr5	111023635	111036060	LTRRT_28143	B73_chr5	111026673	111027802	meth_B73.ref_B73_5:111026673..111027802	1.4771	.
B73_chr5	111134675	111141595	LTRRT_28146	B73_chr5	111135565	111135727	meth_B73.ref_B73_5:111135565..111135727	19.5122	.
B73_chr5	111134675	111141595	LTRRT_28146	B73_chr5	111139520	111139734	meth_B73.ref_B73_5:111139520..111139734	15.7068	.
B73_chr5	111134675	111141595	LTRRT_28146	B73_chr5	111139844	111140040	meth_B73.ref_B73_5:111139844..111140040	15.917	.
B73_chr5	111352531	111374997	LTRRT_28151	B73_chr5	111355245	111355503	meth_B73.ref_B73_5:111355245..111355503	10.5263	.
B73_chr5	111352531	111374997	LTRRT_28151	B73_chr5	111363318	111363630	meth_B73.ref_B73_5:111363318..111363630	6.43777	.
B73_chr5	111352531	111374997	LTRRT_28151	B73_chr5	111368586	111368838	meth_B73.ref_B73_5:111368586..111368838	2.27273	.
B73_chr5	111352531	111374997	LTRRT_28151	B73_chr5	111373044	111373278	meth_B73.ref_B73_5:111373044..111373278	11.9565	.
B73_chr5	111904972	111919955	LTRRT_28170	B73_chr5	111906715	111907048	meth_B73.ref_B73_5:111906715..111907048	9.6	.
B73_chr5	112160477	112167472	LTRRT_28177	B73_chr5	112161984	112162638	meth_B73.ref_B73_5:112161984..112162638	3.36449	.
B73_chr5	112160477	112167472	LTRRT_28177	B73_chr5	112166348	112166991	meth_B73.ref_B73_5:112166348..112166991	3.24544	.
B73_chr5	112294317	112309890	LTRRT_28180	B73_chr5	112296348	112296538	meth_B73.ref_B73_5:112296348..112296538	17.1053	.
B73_chr5	112738279	112752345	LTRRT_28188	B73_chr5	112741355	112742292	meth_B73.ref_B73_5:112741355..112742292	2.79188	.
B73_chr5	112738279	112752345	LTRRT_28188	B73_chr5	112749226	112750163	meth_B73.ref_B73_5:112749226..112750163	0.873362	.
B73_chr5	112929681	112939053	LTRRT_28192	B73_chr5	112935401	112935558	meth_B73.ref_B73_5:112935401..112935558	3.44828	.
B73_chr5	113122284	113137298	LTRRT_28197	B73_chr5	113124223	113124466	meth_B73.ref_B73_5:113124223..113124466	15.1351	.
B73_chr5	113797191	113800858	LTRRT_28216	B73_chr5	113800602	113801754	meth_B73.ref_B73_5:113800602..113801754	1.00071	.
B73_chr5	114244082	114259801	LTRRT_28226	B73_chr5	114246120	114246275	meth_B73.ref_B73_5:114246120..114246275	8.82353	.
B73_chr5	115250856	115266421	LTRRT_28247	B73_chr5	115264382	115264556	meth_B73.ref_B73_5:115264382..115264556	16.6667	.
B73_chr5	115719315	115734858	LTRRT_28258	B73_chr5	115731883	115732117	meth_B73.ref_B73_5:115731883..115732117	7.14286	.
B73_chr5	116134386	116139680	LTRRT_28269	B73_chr5	116132355	116134987	meth_B73.ref_B73_5:116132355..116134987	6.44992	.
B73_chr5	116677020	116690470	LTRRT_28284	B73_chr5	116686278	116686440	meth_B73.ref_B73_5:116686278..116686440	11.7647	.
B73_chr5	116791704	116803362	LTRRT_28286	B73_chr5	116793903	116795175	meth_B73.ref_B73_5:116793903..116795175	1.75801	.
B73_chr5	116791704	116803362	LTRRT_28286	B73_chr5	116801417	116802622	meth_B73.ref_B73_5:116801417..116802622	0.530504	.
B73_chr5	117405231	117420780	LTRRT_28303	B73_chr5	117417970	117418144	meth_B73.ref_B73_5:117417970..117418144	9.82143	.
B73_chr5	117556931	117571932	LTRRT_28307	B73_chr5	117558803	117559116	meth_B73.ref_B73_5:117558803..117559116	11.0294	.
B73_chr5	117556931	117571932	LTRRT_28307	B73_chr5	117569588	117569899	meth_B73.ref_B73_5:117569588..117569899	3.44828	.
B73_chr5	118281620	118293536	LTRRT_28323	B73_chr5	118284181	118285201	meth_B73.ref_B73_5:118284181..118285201	0.996678	.
B73_chr5	118281620	118293536	LTRRT_28323	B73_chr5	118291686	118292693	meth_B73.ref_B73_5:118291686..118292693	1.82584	.
B73_chr5	119728910	119744700	LTRRT_28357	B73_chr5	119738095	119739055	meth_B73.ref_B73_5:119738095..119739055	6.62879	.
B73_chr5	119728910	119744700	LTRRT_28357	B73_chr5	119740604	119740761	meth_B73.ref_B73_5:119740604..119740761	15.873	.
B73_chr5	120158474	120174023	LTRRT_28371	B73_chr5	120171217	120171576	meth_B73.ref_B73_5:120171217..120171576	13.6905	.
B73_chr5	120181675	120195380	LTRRT_28372	B73_chr5	120193654	120193830	meth_B73.ref_B73_5:120193654..120193830	12.5	.
B73_chr5	120366959	120380878	LTRRT_28377	B73_chr5	120368508	120369721	meth_B73.ref_B73_5:120368508..120369721	2.62123	.
B73_chr5	120366959	120380878	LTRRT_28377	B73_chr5	120371197	120371405	meth_B73.ref_B73_5:120371197..120371405	5.88235	.
B73_chr5	120366959	120380878	LTRRT_28377	B73_chr5	120376663	120377522	meth_B73.ref_B73_5:120376663..120377522	6.8408	.
B73_chr5	121441126	121454967	LTRRT_28408	B73_chr5	121443201	121443398	meth_B73.ref_B73_5:121443201..121443398	0	.
B73_chr5	121441126	121454967	LTRRT_28408	B73_chr5	121444041	121444929	meth_B73.ref_B73_5:121444041..121444929	4.82234	.
B73_chr5	121441126	121454967	LTRRT_28408	B73_chr5	121451154	121451601	meth_B73.ref_B73_5:121451154..121451601	0	.
B73_chr5	121441126	121454967	LTRRT_28408	B73_chr5	121451776	121452318	meth_B73.ref_B73_5:121451776..121452318	6.61939	.
B73_chr5	123014025	123023153	LTRRT_28441	B73_chr5	123014404	123015506	meth_B73.ref_B73_5:123014404..123015506	6.67522	.
B73_chr5	123014025	123023153	LTRRT_28441	B73_chr5	123021069	123022111	meth_B73.ref_B73_5:123021069..123022111	4.8	.
B73_chr5	123190768	123194658	LTRRT_28448	B73_chr5	123193409	123194294	meth_B73.ref_B73_5:123193409..123194294	0.771605	.
B73_chr5	123190768	123194658	LTRRT_28448	B73_chr5	123194335	123198059	meth_B73.ref_B73_5:123194335..123198059	0.776699	.
B73_chr5	123190768	123194658	LTRRT_28448	B73_chr5	123189784	123193311	meth_B73.ref_B73_5:123189784..123193311	3.90782	.
B73_chr5	124715076	124721545	LTRRT_28479	B73_chr5	124718702	124719012	meth_B73.ref_B73_5:124718702..124719012	11.1801	.
B73_chr5	126285138	126294414	LTRRT_28506	B73_chr5	126286307	126286933	meth_B73.ref_B73_5:126286307..126286933	2.95082	.
B73_chr5	126285138	126294414	LTRRT_28506	B73_chr5	126293276	126294016	meth_B73.ref_B73_5:126293276..126294016	7.56646	.
B73_chr5	126296037	126314088	LTRRT_28507	B73_chr5	126302588	126303297	meth_B73.ref_B73_5:126302588..126303297	9.34183	.
B73_chr5	126489788	126502828	LTRRT_28511	B73_chr5	126492340	126493186	meth_B73.ref_B73_5:126492340..126493186	0	.
B73_chr5	126489788	126502828	LTRRT_28511	B73_chr5	126493323	126493956	meth_B73.ref_B73_5:126493323..126493956	0	.
B73_chr5	126489788	126502828	LTRRT_28511	B73_chr5	126500447	126501865	meth_B73.ref_B73_5:126500447..126501865	1.9802	.
B73_chr5	127074742	127079864	LTRRT_28526	B73_chr5	127075790	127076063	meth_B73.ref_B73_5:127075790..127076063	14.9254	.
B73_chr5	127176424	127183324	LTRRT_28530	B73_chr5	127177935	127178245	meth_B73.ref_B73_5:127177935..127178245	16.2162	.
B73_chr5	127176424	127183324	LTRRT_28530	B73_chr5	127182113	127182898	meth_B73.ref_B73_5:127182113..127182898	3.71795	.
B73_chr5	127399677	127412408	LTRRT_28535	B73_chr5	127405516	127405686	meth_B73.ref_B73_5:127405516..127405686	5.43478	.
B73_chr5	128584275	128592085	LTRRT_28554	B73_chr5	128584862	128585128	meth_B73.ref_B73_5:128584862..128585128	6.06061	.
B73_chr5	128584275	128592085	LTRRT_28554	B73_chr5	128591499	128591678	meth_B73.ref_B73_5:128591499..128591678	13.6364	.
B73_chr5	129012524	129017834	LTRRT_28563	B73_chr5	129011014	129013017	meth_B73.ref_B73_5:129011014..129013017	4.2273	.
B73_chr5	129012524	129017834	LTRRT_28563	B73_chr5	129015603	129015830	meth_B73.ref_B73_5:129015603..129015830	16.6667	.
B73_chr5	129012524	129017834	LTRRT_28563	B73_chr5	129016024	129016221	meth_B73.ref_B73_5:129016024..129016221	17.8571	.
B73_chr5	129136300	129147893	LTRRT_28565	B73_chr5	129137564	129137740	meth_B73.ref_B73_5:129137564..129137740	0	.
B73_chr5	129199782	129204972	LTRRT_28566	B73_chr5	129204868	129206356	meth_B73.ref_B73_5:129204868..129206356	0.488699	.
B73_chr5	129825203	129839178	LTRRT_28578	B73_chr5	129828376	129829315	meth_B73.ref_B73_5:129828376..129829315	8.18094	.
B73_chr5	129825203	129839178	LTRRT_28578	B73_chr5	129836222	129837144	meth_B73.ref_B73_5:129836222..129837144	10.6284	.
B73_chr5	130088278	130098442	LTRRT_28586	B73_chr5	130096285	130097279	meth_B73.ref_B73_5:130096285..130097279	1.14613	.
B73_chr5	130088278	130098442	LTRRT_28586	B73_chr5	130088786	130089665	meth_B73.ref_B73_5:130088786..130089665	0.847458	.
B73_chr5	130150003	130162669	LTRRT_28587	B73_chr5	130150205	130150405	meth_B73.ref_B73_5:130150205..130150405	4.87805	.
B73_chr5	130387326	130402323	LTRRT_28593	B73_chr5	130389611	130389827	meth_B73.ref_B73_5:130389611..130389827	11.4286	.
B73_chr5	130387326	130402323	LTRRT_28593	B73_chr5	130399991	130400601	meth_B73.ref_B73_5:130399991..130400601	12.6866	.
B73_chr5	131004684	131011592	LTRRT_28605	B73_chr5	131005211	131005732	meth_B73.ref_B73_5:131005211..131005732	7.37705	.
B73_chr5	131004684	131011592	LTRRT_28605	B73_chr5	131009480	131010119	meth_B73.ref_B73_5:131009480..131010119	4.44444	.
B73_chr5	131505947	131511531	LTRRT_28617	B73_chr5	131511279	131512666	meth_B73.ref_B73_5:131511279..131512666	1.19284	.
B73_chr5	132671437	132686999	LTRRT_28641	B73_chr5	132684024	132684348	meth_B73.ref_B73_5:132684024..132684348	5.66038	.
B73_chr5	133677698	133693104	LTRRT_28661	B73_chr5	133679481	133679655	meth_B73.ref_B73_5:133679481..133679655	13.7255	.
B73_chr5	133717234	133726120	LTRRT_28662	B73_chr5	133717807	133718075	meth_B73.ref_B73_5:133717807..133718075	9.67742	.
B73_chr5	133906483	133910801	LTRRT_28667	B73_chr5	133910160	133912098	meth_B73.ref_B73_5:133910160..133912098	1.6595	.
B73_chr5	134013021	134026483	LTRRT_28671	B73_chr5	134014875	134015513	meth_B73.ref_B73_5:134014875..134015513	7.27969	.
B73_chr5	134013021	134026483	LTRRT_28671	B73_chr5	134015944	134016854	meth_B73.ref_B73_5:134015944..134016854	8.30325	.
B73_chr5	134013021	134026483	LTRRT_28671	B73_chr5	134022300	134023086	meth_B73.ref_B73_5:134022300..134023086	3.65854	.
B73_chr5	134013021	134026483	LTRRT_28671	B73_chr5	134023467	134024580	meth_B73.ref_B73_5:134023467..134024580	6.67311	.
B73_chr5	134359131	134368195	LTRRT_28682	B73_chr5	134363288	134363552	meth_B73.ref_B73_5:134363288..134363552	7.69231	.
B73_chr5	135104873	135110200	LTRRT_28699	B73_chr5	135103351	135104875	meth_B73.ref_B73_5:135103351..135104875	5.33769	.
B73_chr5	135104873	135110200	LTRRT_28699	B73_chr5	135104900	135105411	meth_B73.ref_B73_5:135104900..135105411	8.60215	.
B73_chr5	135104873	135110200	LTRRT_28699	B73_chr5	135110026	135110890	meth_B73.ref_B73_5:135110026..135110890	3.207	.
B73_chr5	135506525	135514065	LTRRT_28710	B73_chr5	135506976	135507137	meth_B73.ref_B73_5:135506976..135507137	18.1818	.
B73_chr5	135661531	135668431	LTRRT_28714	B73_chr5	135661909	135662683	meth_B73.ref_B73_5:135661909..135662683	4.71014	.
B73_chr5	135661531	135668431	LTRRT_28714	B73_chr5	135666359	135666930	meth_B73.ref_B73_5:135666359..135666930	7.31707	.
B73_chr5	137234442	137245594	LTRRT_28753	B73_chr5	137245539	137247854	meth_B73.ref_B73_5:137245539..137247854	1.2884	.
B73_chr5	137845191	137860171	LTRRT_28775	B73_chr5	137857666	137857840	meth_B73.ref_B73_5:137857666..137857840	12.5984	.
B73_chr5	137863752	137878733	LTRRT_28776	B73_chr5	137865408	137866598	meth_B73.ref_B73_5:137865408..137866598	2.92208	.
B73_chr5	137863752	137878733	LTRRT_28776	B73_chr5	137874296	137875056	meth_B73.ref_B73_5:137874296..137875056	1.96078	.
B73_chr5	137992815	137995664	LTRRT_28779	B73_chr5	137995568	137998772	meth_B73.ref_B73_5:137995568..137998772	2.153	.
B73_chr5	138338418	138343732	LTRRT_28785	B73_chr5	138336474	138338600	meth_B73.ref_B73_5:138336474..138338600	1.28205	.
B73_chr5	138338418	138343732	LTRRT_28785	B73_chr5	138343262	138346272	meth_B73.ref_B73_5:138343262..138346272	0.681818	.
B73_chr5	139020924	139035900	LTRRT_28805	B73_chr5	139021604	139021786	meth_B73.ref_B73_5:139021604..139021786	8	.
B73_chr5	140776279	140783122	LTRRT_28846	B73_chr5	140777614	140778316	meth_B73.ref_B73_5:140777614..140778316	5.14706	.
B73_chr5	140776279	140783122	LTRRT_28846	B73_chr5	140782004	140782631	meth_B73.ref_B73_5:140782004..140782631	4.44444	.
B73_chr5	141047595	141061447	LTRRT_28853	B73_chr5	141050057	141050825	meth_B73.ref_B73_5:141050057..141050825	10.3834	.
B73_chr5	141047595	141061447	LTRRT_28853	B73_chr5	141051000	141051845	meth_B73.ref_B73_5:141051000..141051845	1.85185	.
B73_chr5	141047595	141061447	LTRRT_28853	B73_chr5	141057997	141058759	meth_B73.ref_B73_5:141057997..141058759	11.5385	.
B73_chr5	141047595	141061447	LTRRT_28853	B73_chr5	141059131	141059696	meth_B73.ref_B73_5:141059131..141059696	2.3622	.
B73_chr5	141047595	141061447	LTRRT_28853	B73_chr5	141060430	141060681	meth_B73.ref_B73_5:141060430..141060681	5.12821	.
B73_chr5	141484010	141490906	LTRRT_28863	B73_chr5	141488847	141489366	meth_B73.ref_B73_5:141488847..141489366	8.23117	.
B73_chr5	141783430	141790418	LTRRT_28871	B73_chr5	141784952	141785493	meth_B73.ref_B73_5:141784952..141785493	8.29016	.
B73_chr5	141783430	141790418	LTRRT_28871	B73_chr5	141789301	141789638	meth_B73.ref_B73_5:141789301..141789638	7.21649	.
B73_chr5	142150027	142164300	LTRRT_28879	B73_chr5	142158129	142159530	meth_B73.ref_B73_5:142158129..142159530	1.45051	.
B73_chr5	142221296	142234908	LTRRT_28883	B73_chr5	142233344	142233505	meth_B73.ref_B73_5:142233344..142233505	4.54545	.
B73_chr5	142221296	142234908	LTRRT_28883	B73_chr5	142233623	142233860	meth_B73.ref_B73_5:142233623..142233860	0	.
B73_chr5	142460994	142470527	LTRRT_28889	B73_chr5	142462888	142463189	meth_B73.ref_B73_5:142462888..142463189	9.67742	.
B73_chr5	142864533	142873601	LTRRT_28899	B73_chr5	142860900	142864570	meth_B73.ref_B73_5:142860900..142864570	0.725138	.
B73_chr5	142952204	142961087	LTRRT_28902	B73_chr5	142952706	142953257	meth_B73.ref_B73_5:142952706..142953257	6.17284	.
B73_chr5	142952204	142961087	LTRRT_28902	B73_chr5	142959189	142959877	meth_B73.ref_B73_5:142959189..142959877	2.01149	.
B73_chr5	142989035	142998518	LTRRT_28904	B73_chr5	142996865	142997057	meth_B73.ref_B73_5:142996865..142997057	10.2564	.
B73_chr5	143705809	143721568	LTRRT_28924	B73_chr5	143720223	143720529	meth_B73.ref_B73_5:143720223..143720529	19.4444	.
B73_chr5	144078348	144084873	LTRRT_28932	B73_chr5	144079262	144079428	meth_B73.ref_B73_5:144079262..144079428	7.85714	.
B73_chr5	144078348	144084873	LTRRT_28932	B73_chr5	144083327	144083982	meth_B73.ref_B73_5:144083327..144083982	3.77049	.
B73_chr5	144262002	144271220	LTRRT_28938	B73_chr5	144270622	144270844	meth_B73.ref_B73_5:144270622..144270844	16.6667	.
B73_chr5	144500774	144514885	LTRRT_28942	B73_chr5	144502799	144504036	meth_B73.ref_B73_5:144502799..144504036	6.97498	.
B73_chr5	144500774	144514885	LTRRT_28942	B73_chr5	144510594	144511940	meth_B73.ref_B73_5:144510594..144511940	5.89623	.
B73_chr5	144593103	144598104	LTRRT_28946	B73_chr5	144592354	144593135	meth_B73.ref_B73_5:144592354..144593135	1.63447	.
B73_chr5	144731471	144743379	LTRRT_28949	B73_chr5	144732075	144733160	meth_B73.ref_B73_5:144732075..144733160	4.21456	.
B73_chr5	144731471	144743379	LTRRT_28949	B73_chr5	144739526	144740721	meth_B73.ref_B73_5:144739526..144740721	3.02115	.
B73_chr5	144760496	144774611	LTRRT_28950	B73_chr5	144761000	144761742	meth_B73.ref_B73_5:144761000..144761742	8.8172	.
B73_chr5	144760496	144774611	LTRRT_28950	B73_chr5	144772758	144773513	meth_B73.ref_B73_5:144772758..144773513	6.6335	.
B73_chr5	144812792	144819667	LTRRT_28953	B73_chr5	144814304	144814925	meth_B73.ref_B73_5:144814304..144814925	2.50896	.
B73_chr5	144812792	144819667	LTRRT_28953	B73_chr5	144818581	144819418	meth_B73.ref_B73_5:144818581..144819418	1.28205	.
B73_chr5	144828146	144843530	LTRRT_28954	B73_chr5	144841580	144841751	meth_B73.ref_B73_5:144841580..144841751	9.72222	.
B73_chr5	146761099	146776912	LTRRT_28993	B73_chr5	146765243	146765935	meth_B73.ref_B73_5:146765243..146765935	15.415	.
B73_chr5	146761099	146776912	LTRRT_28993	B73_chr5	146769545	146770412	meth_B73.ref_B73_5:146769545..146770412	11.9444	.
B73_chr5	146781397	146790468	LTRRT_28994	B73_chr5	146787934	146788099	meth_B73.ref_B73_5:146787934..146788099	12.5	.
B73_chr5	146863409	146869207	LTRRT_28995	B73_chr5	146868316	146868579	meth_B73.ref_B73_5:146868316..146868579	8.33333	.
B73_chr5	147021051	147027162	LTRRT_29000	B73_chr5	147020606	147021090	meth_B73.ref_B73_5:147020606..147021090	2.59481	.
B73_chr5	147869404	147885169	LTRRT_29020	B73_chr5	147878009	147878823	meth_B73.ref_B73_5:147878009..147878823	6.32911	.
B73_chr5	147869404	147885169	LTRRT_29020	B73_chr5	147882324	147882930	meth_B73.ref_B73_5:147882324..147882930	3.00601	.
B73_chr5	147960943	147971751	LTRRT_29023	B73_chr5	147970284	147971116	meth_B73.ref_B73_5:147970284..147971116	0	.
B73_chr5	147960943	147971751	LTRRT_29023	B73_chr5	147971591	147973130	meth_B73.ref_B73_5:147971591..147973130	0.872483	.
B73_chr5	147960943	147971751	LTRRT_29023	B73_chr5	147962903	147963918	meth_B73.ref_B73_5:147962903..147963918	0	.
B73_chr5	149102957	149115381	LTRRT_29051	B73_chr5	149103624	149105259	meth_B73.ref_B73_5:149103624..149105259	2.76846	.
B73_chr5	149102957	149115381	LTRRT_29051	B73_chr5	149111221	149112742	meth_B73.ref_B73_5:149111221..149112742	2.51572	.
B73_chr5	149622298	149637361	LTRRT_29059	B73_chr5	149624150	149624647	meth_B73.ref_B73_5:149624150..149624647	11.2903	.
B73_chr5	151057297	151064883	LTRRT_29090	B73_chr5	151057707	151059281	meth_B73.ref_B73_5:151057707..151059281	3.83275	.
B73_chr5	151313447	151326359	LTRRT_29098	B73_chr5	151325417	151325615	meth_B73.ref_B73_5:151325417..151325615	8.51064	.
B73_chr5	152050922	152065513	LTRRT_29117	B73_chr5	152052458	152052912	meth_B73.ref_B73_5:152052458..152052912	7.84314	.
B73_chr5	152205312	152214507	LTRRT_29122	B73_chr5	152213205	152213978	meth_B73.ref_B73_5:152213205..152213978	0.371747	.
B73_chr5	152205312	152214507	LTRRT_29122	B73_chr5	152206493	152207415	meth_B73.ref_B73_5:152206493..152207415	0.819672	.
B73_chr5	152225025	152232040	LTRRT_29123	B73_chr5	152225560	152226145	meth_B73.ref_B73_5:152225560..152226145	7.43494	.
B73_chr5	152225025	152232040	LTRRT_29123	B73_chr5	152229791	152230652	meth_B73.ref_B73_5:152229791..152230652	4.46194	.
B73_chr5	152417067	152424988	LTRRT_29130	B73_chr5	152417385	152417576	meth_B73.ref_B73_5:152417385..152417576	17.4863	.
B73_chr5	152468875	152477183	LTRRT_29132	B73_chr5	152474093	152474696	meth_B73.ref_B73_5:152474093..152474696	0	.
B73_chr5	152468875	152477183	LTRRT_29132	B73_chr5	152474841	152475352	meth_B73.ref_B73_5:152474841..152475352	0	.
B73_chr5	152468875	152477183	LTRRT_29132	B73_chr5	152469307	152470500	meth_B73.ref_B73_5:152469307..152470500	0	.
B73_chr5	152609120	152616027	LTRRT_29137	B73_chr5	152610535	152611365	meth_B73.ref_B73_5:152610535..152611365	12.2038	.
B73_chr5	152609120	152616027	LTRRT_29137	B73_chr5	152614856	152615766	meth_B73.ref_B73_5:152614856..152615766	12.7346	.
B73_chr5	153676594	153681385	LTRRT_29168	B73_chr5	153681367	153681637	meth_B73.ref_B73_5:153681367..153681637	6.66667	.
B73_chr5	154925772	154928092	LTRRT_29199	B73_chr5	154922914	154925807	meth_B73.ref_B73_5:154922914..154925807	1.72414	.
B73_chr5	155101666	155106419	LTRRT_29202	B73_chr5	155100819	155101699	meth_B73.ref_B73_5:155100819..155101699	4.85437	.
B73_chr5	155101666	155106419	LTRRT_29202	B73_chr5	155102129	155102299	meth_B73.ref_B73_5:155102129..155102299	13.7255	.
B73_chr5	155275204	155290138	LTRRT_29206	B73_chr5	155277364	155277672	meth_B73.ref_B73_5:155277364..155277672	4.47761	.
B73_chr5	155275204	155290138	LTRRT_29206	B73_chr5	155288120	155288272	meth_B73.ref_B73_5:155288120..155288272	8.69565	.
B73_chr5	155306945	155320844	LTRRT_29207	B73_chr5	155309713	155310097	meth_B73.ref_B73_5:155309713..155310097	14.5877	.
B73_chr5	155306945	155320844	LTRRT_29207	B73_chr5	155310302	155311218	meth_B73.ref_B73_5:155310302..155311218	4.65116	.
B73_chr5	155306945	155320844	LTRRT_29207	B73_chr5	155317378	155317897	meth_B73.ref_B73_5:155317378..155317897	14.0753	.
B73_chr5	155306945	155320844	LTRRT_29207	B73_chr5	155318330	155319011	meth_B73.ref_B73_5:155318330..155319011	6.35593	.
B73_chr5	156149099	156160850	LTRRT_29226	B73_chr5	156149929	156150763	meth_B73.ref_B73_5:156149929..156150763	0.64433	.
B73_chr5	156149099	156160850	LTRRT_29226	B73_chr5	156157406	156158290	meth_B73.ref_B73_5:156157406..156158290	2.22603	.
B73_chr5	157907526	157914376	LTRRT_29262	B73_chr5	157908056	157908739	meth_B73.ref_B73_5:157908056..157908739	18.2566	.
B73_chr5	157907526	157914376	LTRRT_29262	B73_chr5	157912337	157912859	meth_B73.ref_B73_5:157912337..157912859	11.3636	.
B73_chr5	158003469	158015149	LTRRT_29264	B73_chr5	158004119	158004633	meth_B73.ref_B73_5:158004119..158004633	19.7452	.
B73_chr5	158231239	158240154	LTRRT_29271	B73_chr5	158239293	158239752	meth_B73.ref_B73_5:158239293..158239752	19.0476	.
B73_chr5	159515631	159520002	LTRRT_29300	B73_chr5	159519691	159528045	meth_B73.ref_B73_5:159519691..159528045	1.09053	.
B73_chr5	159624029	159629749	LTRRT_29305	B73_chr5	159618638	159624051	meth_B73.ref_B73_5:159618638..159624051	0.626714	.
B73_chr5	160113455	160127986	LTRRT_29316	B73_chr5	160125953	160126104	meth_B73.ref_B73_5:160125953..160126104	12	.
B73_chr5	160440866	160448176	LTRRT_29326	B73_chr5	160440074	160440903	meth_B73.ref_B73_5:160440074..160440903	1.15533	.
B73_chr5	160440866	160448176	LTRRT_29326	B73_chr5	160448153	160449930	meth_B73.ref_B73_5:160448153..160449930	0.311139	.
B73_chr5	160684235	160689529	LTRRT_29333	B73_chr5	160688523	160688700	meth_B73.ref_B73_5:160688523..160688700	17.1053	.
B73_chr5	160684235	160689529	LTRRT_29333	B73_chr5	160688884	160691123	meth_B73.ref_B73_5:160688884..160691123	1.72117	.
B73_chr5	160684235	160689529	LTRRT_29333	B73_chr5	160676254	160684517	meth_B73.ref_B73_5:160676254..160684517	1.25396	.
B73_chr5	161374968	161384759	LTRRT_29344	B73_chr5	161376065	161376823	meth_B73.ref_B73_5:161376065..161376823	7.70465	.
B73_chr5	161374968	161384759	LTRRT_29344	B73_chr5	161383484	161384358	meth_B73.ref_B73_5:161383484..161384358	3.18725	.
B73_chr5	161392500	161401882	LTRRT_29345	B73_chr5	161401815	161405034	meth_B73.ref_B73_5:161401815..161405034	0.117786	.
B73_chr5	161799015	161804750	LTRRT_29355	B73_chr5	161796580	161799017	meth_B73.ref_B73_5:161796580..161799017	1.23381	.
B73_chr5	162739715	162749262	LTRRT_29382	B73_chr5	162746626	162746834	meth_B73.ref_B73_5:162746626..162746834	0	.
B73_chr5	162790205	162799147	LTRRT_29384	B73_chr5	162795555	162796596	meth_B73.ref_B73_5:162795555..162796596	10.8108	.
B73_chr5	163235435	163240696	LTRRT_29394	B73_chr5	163239141	163239383	meth_B73.ref_B73_5:163239141..163239383	9.89011	.
B73_chr5	163235435	163240696	LTRRT_29394	B73_chr5	163232045	163238859	meth_B73.ref_B73_5:163232045..163238859	1.13615	.
B73_chr5	163853846	163861887	LTRRT_29404	B73_chr5	163855977	163856185	meth_B73.ref_B73_5:163855977..163856185	14.2857	.
B73_chr5	164359642	164364844	LTRRT_29419	B73_chr5	164358681	164359846	meth_B73.ref_B73_5:164358681..164359846	2.14505	.
B73_chr5	165543765	165556326	LTRRT_29451	B73_chr5	165544589	165544762	meth_B73.ref_B73_5:165544589..165544762	6.06061	.
B73_chr5	165628333	165641850	LTRRT_29453	B73_chr5	165633380	165634268	meth_B73.ref_B73_5:165633380..165634268	5.25253	.
B73_chr5	166187806	166201703	LTRRT_29469	B73_chr5	166190234	166191031	meth_B73.ref_B73_5:166190234..166191031	7.48663	.
B73_chr5	166187806	166201703	LTRRT_29469	B73_chr5	166191739	166191945	meth_B73.ref_B73_5:166191739..166191945	2.17391	.
B73_chr5	166187806	166201703	LTRRT_29469	B73_chr5	166197996	166199270	meth_B73.ref_B73_5:166197996..166199270	3.04976	.
B73_chr5	166187806	166201703	LTRRT_29469	B73_chr5	166200664	166200861	meth_B73.ref_B73_5:166200664..166200861	11.1111	.
B73_chr5	166797956	166812984	LTRRT_29483	B73_chr5	166811943	166812227	meth_B73.ref_B73_5:166811943..166812227	0	.
B73_chr5	167712422	167726154	LTRRT_29504	B73_chr5	167715273	167715522	meth_B73.ref_B73_5:167715273..167715522	9.25926	.
B73_chr5	167828035	167835341	LTRRT_29507	B73_chr5	167826780	167828048	meth_B73.ref_B73_5:167826780..167828048	1.5544	.
B73_chr5	168387450	168394380	LTRRT_29523	B73_chr5	168388514	168388827	meth_B73.ref_B73_5:168388514..168388827	12.7778	.
B73_chr5	168387450	168394380	LTRRT_29523	B73_chr5	168393765	168394077	meth_B73.ref_B73_5:168393765..168394077	3.2	.
B73_chr5	169146321	169159789	LTRRT_29546	B73_chr5	169157001	169157257	meth_B73.ref_B73_5:169157001..169157257	5.40541	.
B73_chr5	169279375	169288852	LTRRT_29550	B73_chr5	169286525	169286789	meth_B73.ref_B73_5:169286525..169286789	16	.
B73_chr5	169567530	169572597	LTRRT_29558	B73_chr5	169567501	169568253	meth_B73.ref_B73_5:169567501..169568253	6.11354	.
B73_chr5	169567530	169572597	LTRRT_29558	B73_chr5	169568981	169569280	meth_B73.ref_B73_5:169568981..169569280	1.28205	.
B73_chr5	169567530	169572597	LTRRT_29558	B73_chr5	169569339	169570417	meth_B73.ref_B73_5:169569339..169570417	7.31293	.
B73_chr5	170663198	170669772	LTRRT_29587	B73_chr5	170660270	170663244	meth_B73.ref_B73_5:170660270..170663244	0.861731	.
B73_chr5	170663198	170669772	LTRRT_29587	B73_chr5	170663625	170664201	meth_B73.ref_B73_5:170663625..170664201	1.7094	.
B73_chr5	170663198	170669772	LTRRT_29587	B73_chr5	170669735	170670327	meth_B73.ref_B73_5:170669735..170670327	3.32481	.
B73_chr5	171255740	171270780	LTRRT_29607	B73_chr5	171270675	171274249	meth_B73.ref_B73_5:171270675..171274249	2.00388	.
B73_chr5	171885899	171899754	LTRRT_29623	B73_chr5	171888119	171888681	meth_B73.ref_B73_5:171888119..171888681	8.80282	.
B73_chr5	171885899	171899754	LTRRT_29623	B73_chr5	171895575	171896498	meth_B73.ref_B73_5:171895575..171896498	6.89655	.
B73_chr5	172096348	172112357	LTRRT_29629	B73_chr5	172099557	172100294	meth_B73.ref_B73_5:172099557..172100294	2.27273	.
B73_chr5	172096348	172112357	LTRRT_29629	B73_chr5	172104006	172104646	meth_B73.ref_B73_5:172104006..172104646	3.125	.
B73_chr5	172329086	172338443	LTRRT_29636	B73_chr5	172335323	172335488	meth_B73.ref_B73_5:172335323..172335488	13.1579	.
B73_chr5	172521685	172528482	LTRRT_29640	B73_chr5	172522740	172523044	meth_B73.ref_B73_5:172522740..172523044	8.62069	.
B73_chr5	173514534	173525338	LTRRT_29667	B73_chr5	173519416	173519826	meth_B73.ref_B73_5:173519416..173519826	10.1877	.
B73_chr5	173660346	173669665	LTRRT_29672	B73_chr5	173669295	173670277	meth_B73.ref_B73_5:173669295..173670277	1.68472	.
B73_chr5	174144833	174154035	LTRRT_29681	B73_chr5	174152245	174152986	meth_B73.ref_B73_5:174152245..174152986	7.65661	.
B73_chr5	174144833	174154035	LTRRT_29681	B73_chr5	174145338	174146126	meth_B73.ref_B73_5:174145338..174146126	3.0853	.
B73_chr5	175772570	175788151	LTRRT_29715	B73_chr5	175774289	175774581	meth_B73.ref_B73_5:175774289..175774581	10.3448	.
B73_chr5	176159556	176164682	LTRRT_29726	B73_chr5	176164556	176169154	meth_B73.ref_B73_5:176164556..176169154	1.32674	.
B73_chr5	176899334	176914916	LTRRT_29740	B73_chr5	176901307	176901560	meth_B73.ref_B73_5:176901307..176901560	15.1515	.
B73_chr5	176899334	176914916	LTRRT_29740	B73_chr5	176911939	176912152	meth_B73.ref_B73_5:176911939..176912152	18.75	.
B73_chr5	176973198	176983308	LTRRT_29743	B73_chr5	176979923	176980776	meth_B73.ref_B73_5:176979923..176980776	9.26724	.
B73_chr5	177522498	177535269	LTRRT_29760	B73_chr5	177523523	177523717	meth_B73.ref_B73_5:177523523..177523717	11.6883	.
B73_chr5	177848702	177859833	LTRRT_29766	B73_chr5	177849330	177849660	meth_B73.ref_B73_5:177849330..177849660	0	.
B73_chr5	177848702	177859833	LTRRT_29766	B73_chr5	177855645	177855972	meth_B73.ref_B73_5:177855645..177855972	3.26797	.
B73_chr5	177848702	177859833	LTRRT_29766	B73_chr5	177856079	177856312	meth_B73.ref_B73_5:177856079..177856312	0	.
B73_chr5	177892180	177900743	LTRRT_29768	B73_chr5	177892793	177893623	meth_B73.ref_B73_5:177892793..177893623	5.82011	.
B73_chr5	177892180	177900743	LTRRT_29768	B73_chr5	177893732	177894143	meth_B73.ref_B73_5:177893732..177894143	9.47368	.
B73_chr5	178012025	178028176	LTRRT_29773	B73_chr5	178025214	178025474	meth_B73.ref_B73_5:178025214..178025474	10.7843	.
B73_chr5	179042654	179047779	LTRRT_29799	B73_chr5	179041833	179042786	meth_B73.ref_B73_5:179041833..179042786	1.82648	.
B73_chr5	179347050	179352550	LTRRT_29804	B73_chr5	179348587	179348815	meth_B73.ref_B73_5:179348587..179348815	7.18954	.
B73_chr5	179347050	179352550	LTRRT_29804	B73_chr5	179349084	179349903	meth_B73.ref_B73_5:179349084..179349903	1.99336	.
B73_chr5	179347050	179352550	LTRRT_29804	B73_chr5	179352209	179353970	meth_B73.ref_B73_5:179352209..179353970	0.881057	.
B73_chr5	179457009	179471500	LTRRT_29807	B73_chr5	179460638	179461369	meth_B73.ref_B73_5:179460638..179461369	7.05009	.
B73_chr5	179457009	179471500	LTRRT_29807	B73_chr5	179465132	179465874	meth_B73.ref_B73_5:179465132..179465874	5.08906	.
B73_chr5	180404359	180417938	LTRRT_29828	B73_chr5	180416201	180416364	meth_B73.ref_B73_5:180416201..180416364	3.22581	.
B73_chr5	181162510	181169895	LTRRT_29843	B73_chr5	181161504	181162560	meth_B73.ref_B73_5:181161504..181162560	0.70922	.
B73_chr5	181162510	181169895	LTRRT_29843	B73_chr5	181162747	181163945	meth_B73.ref_B73_5:181162747..181163945	0.518135	.
B73_chr5	181301277	181309345	LTRRT_29848	B73_chr5	181309305	181312498	meth_B73.ref_B73_5:181309305..181312498	0.635369	.
B73_chr5	181398548	181403670	LTRRT_29850	B73_chr5	181396588	181398578	meth_B73.ref_B73_5:181396588..181398578	3.85078	.
B73_chr5	181398548	181403670	LTRRT_29850	B73_chr5	181403416	181408502	meth_B73.ref_B73_5:181403416..181408502	1.8203	.
B73_chr5	181408427	181416368	LTRRT_29851	B73_chr5	181416245	181421645	meth_B73.ref_B73_5:181416245..181421645	0.463576	.
B73_chr5	181408427	181416368	LTRRT_29851	B73_chr5	181403416	181408502	meth_B73.ref_B73_5:181403416..181408502	1.8203	.
B73_chr5	182319954	182325467	LTRRT_29872	B73_chr5	182323741	182324163	meth_B73.ref_B73_5:182323741..182324163	13.6364	.
B73_chr5	182319954	182325467	LTRRT_29872	B73_chr5	182324617	182327035	meth_B73.ref_B73_5:182324617..182327035	1.3012	.
B73_chr5	182805403	182810746	LTRRT_29884	B73_chr5	182800583	182805591	meth_B73.ref_B73_5:182800583..182805591	1.05652	.
B73_chr5	182805403	182810746	LTRRT_29884	B73_chr5	182806851	182808136	meth_B73.ref_B73_5:182806851..182808136	1.85185	.
B73_chr5	183145338	183157725	LTRRT_29896	B73_chr5	183148237	183148961	meth_B73.ref_B73_5:183148237..183148961	0	.
B73_chr5	183145338	183157725	LTRRT_29896	B73_chr5	183156120	183156707	meth_B73.ref_B73_5:183156120..183156707	0	.
B73_chr5	183517438	183523602	LTRRT_29906	B73_chr5	183522412	183523202	meth_B73.ref_B73_5:183522412..183523202	1.2945	.
B73_chr5	183517438	183523602	LTRRT_29906	B73_chr5	183523600	183525020	meth_B73.ref_B73_5:183523600..183525020	1.23099	.
B73_chr5	183877163	183884083	LTRRT_29918	B73_chr5	183877647	183878217	meth_B73.ref_B73_5:183877647..183878217	10.582	.
B73_chr5	183877163	183884083	LTRRT_29918	B73_chr5	183881922	183882699	meth_B73.ref_B73_5:183881922..183882699	7.40741	.
B73_chr5	183945015	183954845	LTRRT_29921	B73_chr5	183946100	183947004	meth_B73.ref_B73_5:183946100..183947004	4.73251	.
B73_chr5	183945015	183954845	LTRRT_29921	B73_chr5	183953754	183954337	meth_B73.ref_B73_5:183953754..183954337	1.51515	.
B73_chr5	184089969	184103783	LTRRT_29925	B73_chr5	184092668	184092844	meth_B73.ref_B73_5:184092668..184092844	10.4762	.
B73_chr5	184089969	184103783	LTRRT_29925	B73_chr5	184093682	184094210	meth_B73.ref_B73_5:184093682..184094210	6.11511	.
B73_chr5	184089969	184103783	LTRRT_29925	B73_chr5	184101302	184101639	meth_B73.ref_B73_5:184101302..184101639	12.2642	.
B73_chr5	184089969	184103783	LTRRT_29925	B73_chr5	184102116	184102746	meth_B73.ref_B73_5:184102116..184102746	1.99203	.
B73_chr5	184227373	184243929	LTRRT_29926	B73_chr5	184225915	184227533	meth_B73.ref_B73_5:184225915..184227533	1.24575	.
B73_chr5	184519833	184525246	LTRRT_29938	B73_chr5	184524249	184524458	meth_B73.ref_B73_5:184524249..184524458	12.2581	.
B73_chr5	184519833	184525246	LTRRT_29938	B73_chr5	184524960	184529047	meth_B73.ref_B73_5:184524960..184529047	0.323339	.
B73_chr5	184519833	184525246	LTRRT_29938	B73_chr5	184516397	184524079	meth_B73.ref_B73_5:184516397..184524079	0.966621	.
B73_chr5	184850377	184861688	LTRRT_29947	B73_chr5	184861004	184861205	meth_B73.ref_B73_5:184861004..184861205	12.1212	.
B73_chr5	186012438	186020377	LTRRT_29977	B73_chr5	186011436	186012455	meth_B73.ref_B73_5:186011436..186012455	0.707965	.
B73_chr5	186315302	186320938	LTRRT_29989	B73_chr5	186313929	186315422	meth_B73.ref_B73_5:186313929..186315422	0.445104	.
B73_chr5	187003846	187013326	LTRRT_30011	B73_chr5	187003572	187003948	meth_B73.ref_B73_5:187003572..187003948	14.2857	.
B73_chr5	188284740	188307490	LTRRT_30038	B73_chr5	188286508	188286682	meth_B73.ref_B73_5:188286508..188286682	5.6338	.
B73_chr5	188284740	188307490	LTRRT_30038	B73_chr5	188304660	188304834	meth_B73.ref_B73_5:188304660..188304834	3.48837	.
B73_chr5	188584047	188590900	LTRRT_30045	B73_chr5	188585630	188586210	meth_B73.ref_B73_5:188585630..188586210	2.51799	.
B73_chr5	188584047	188590900	LTRRT_30045	B73_chr5	188589845	188590501	meth_B73.ref_B73_5:188589845..188590501	3.53357	.
B73_chr5	189033295	189042505	LTRRT_30057	B73_chr5	189033683	189034032	meth_B73.ref_B73_5:189033683..189034032	11.7188	.
B73_chr5	189033295	189042505	LTRRT_30057	B73_chr5	189034130	189034565	meth_B73.ref_B73_5:189034130..189034565	10.8025	.
B73_chr5	189033295	189042505	LTRRT_30057	B73_chr5	189040712	189041470	meth_B73.ref_B73_5:189040712..189041470	5.63187	.
B73_chr5	189357854	189363248	LTRRT_30066	B73_chr5	189352650	189358113	meth_B73.ref_B73_5:189352650..189358113	1.74767	.
B73_chr5	190098447	190112656	LTRRT_30084	B73_chr5	190101765	190102570	meth_B73.ref_B73_5:190101765..190102570	6.32184	.
B73_chr5	190098447	190112656	LTRRT_30084	B73_chr5	190109715	190110518	meth_B73.ref_B73_5:190109715..190110518	7.1953	.
B73_chr5	190222929	190228931	LTRRT_30089	B73_chr5	190221936	190223163	meth_B73.ref_B73_5:190221936..190223163	4.52617	.
B73_chr5	190302601	190310365	LTRRT_30093	B73_chr5	190304273	190305485	meth_B73.ref_B73_5:190304273..190305485	0.3663	.
B73_chr5	190685721	190692635	LTRRT_30104	B73_chr5	190690675	190691155	meth_B73.ref_B73_5:190690675..190691155	4.22222	.
B73_chr5	191972794	191988368	LTRRT_30128	B73_chr5	191975308	191975769	meth_B73.ref_B73_5:191975308..191975769	9.50413	.
B73_chr5	192222327	192231744	LTRRT_30135	B73_chr5	192231742	192232753	meth_B73.ref_B73_5:192231742..192232753	2.74725	.
B73_chr5	192269705	192281461	LTRRT_30137	B73_chr5	192277045	192277208	meth_B73.ref_B73_5:192277045..192277208	0	.
B73_chr5	192414486	192423669	LTRRT_30143	B73_chr5	192415084	192415487	meth_B73.ref_B73_5:192415084..192415487	6.06061	.
B73_chr5	192561978	192573590	LTRRT_30145	B73_chr5	192573541	192574560	meth_B73.ref_B73_5:192573541..192574560	0.645161	.
B73_chr5	193560965	193570324	LTRRT_30163	B73_chr5	193561744	193561983	meth_B73.ref_B73_5:193561744..193561983	8	.
B73_chr5	193963312	193968659	LTRRT_30173	B73_chr5	193968653	193969708	meth_B73.ref_B73_5:193968653..193969708	0	.
B73_chr5	193987179	194000703	LTRRT_30174	B73_chr5	193999034	193999199	meth_B73.ref_B73_5:193999034..193999199	11.1111	.
B73_chr5	194175060	194186227	LTRRT_30180	B73_chr5	194175654	194175895	meth_B73.ref_B73_5:194175654..194175895	0	.
B73_chr5	195515963	195522822	LTRRT_30212	B73_chr5	195521758	195522326	meth_B73.ref_B73_5:195521758..195522326	5.45455	.
B73_chr5	195540174	195547069	LTRRT_30213	B73_chr5	195541723	195542415	meth_B73.ref_B73_5:195541723..195542415	4.56026	.
B73_chr5	195540174	195547069	LTRRT_30213	B73_chr5	195546043	195546200	meth_B73.ref_B73_5:195546043..195546200	7.93651	.
B73_chr5	195540174	195547069	LTRRT_30213	B73_chr5	195546407	195546585	meth_B73.ref_B73_5:195546407..195546585	13.4615	.
B73_chr5	195612908	195627183	LTRRT_30217	B73_chr5	195616228	195617141	meth_B73.ref_B73_5:195616228..195617141	13.1167	.
B73_chr5	195612908	195627183	LTRRT_30217	B73_chr5	195623716	195623970	meth_B73.ref_B73_5:195623716..195623970	12.6582	.
B73_chr5	195612908	195627183	LTRRT_30217	B73_chr5	195624203	195624904	meth_B73.ref_B73_5:195624203..195624904	8.70617	.
B73_chr5	196065022	196074150	LTRRT_30229	B73_chr5	196072943	196073729	meth_B73.ref_B73_5:196072943..196073729	9.91736	.
B73_chr5	196065022	196074150	LTRRT_30229	B73_chr5	196066930	196068125	meth_B73.ref_B73_5:196066930..196068125	6.43432	.
B73_chr5	197148666	197160268	LTRRT_30254	B73_chr5	197159300	197159536	meth_B73.ref_B73_5:197159300..197159536	10.8696	.
B73_chr5	197546117	197550811	LTRRT_30264	B73_chr5	197550809	197553774	meth_B73.ref_B73_5:197550809..197553774	3.13135	.
B73_chr5	198318590	198322859	LTRRT_30289	B73_chr5	198322851	198323927	meth_B73.ref_B73_5:198322851..198323927	0.289436	.
B73_chr5	198488926	198494852	LTRRT_30293	B73_chr5	198487697	198488928	meth_B73.ref_B73_5:198487697..198488928	2.76923	.
B73_chr5	198872543	198880192	LTRRT_30299	B73_chr5	198879204	198879456	meth_B73.ref_B73_5:198879204..198879456	4.54545	.
B73_chr5	198935947	198940628	LTRRT_30301	B73_chr5	198935201	198935949	meth_B73.ref_B73_5:198935201..198935949	0.678733	.
B73_chr5	198946236	198955229	LTRRT_30302	B73_chr5	198948386	198948680	meth_B73.ref_B73_5:198948386..198948680	18.3673	.
B73_chr5	199111984	199119414	LTRRT_30306	B73_chr5	199119395	199123622	meth_B73.ref_B73_5:199119395..199123622	0.211929	.
B73_chr5	199258212	199267375	LTRRT_30310	B73_chr5	199259246	199260206	meth_B73.ref_B73_5:199259246..199260206	11.0057	.
B73_chr5	199258212	199267375	LTRRT_30310	B73_chr5	199265915	199266870	meth_B73.ref_B73_5:199265915..199266870	8.18554	.
B73_chr5	200271295	200292456	LTRRT_30326	B73_chr5	200271758	200272301	meth_B73.ref_B73_5:200271758..200272301	4.72441	.
B73_chr5	200271295	200292456	LTRRT_30326	B73_chr5	200288240	200288437	meth_B73.ref_B73_5:200288240..200288437	17.5439	.
B73_chr5	200271295	200292456	LTRRT_30326	B73_chr5	200288654	200288977	meth_B73.ref_B73_5:200288654..200288977	4.44444	.
B73_chr5	200310864	200326437	LTRRT_30327	B73_chr5	200313515	200313689	meth_B73.ref_B73_5:200313515..200313689	10.101	.
B73_chr5	200310864	200326437	LTRRT_30327	B73_chr5	200324394	200324717	meth_B73.ref_B73_5:200324394..200324717	3.93258	.
B73_chr5	203576087	203581542	LTRRT_30373	B73_chr5	203575728	203576135	meth_B73.ref_B73_5:203575728..203576135	3.34347	.
B73_chr5	204758460	204762722	LTRRT_30408	B73_chr5	204762202	204762446	meth_B73.ref_B73_5:204762202..204762446	9.67742	.
B73_chr5	204833211	204844788	LTRRT_30412	B73_chr5	204831434	204833231	meth_B73.ref_B73_5:204831434..204833231	0.287522	.
B73_chr5	204875549	204884491	LTRRT_30414	B73_chr5	204875759	204875940	meth_B73.ref_B73_5:204875759..204875940	6.06061	.
B73_chr5	205074552	205083948	LTRRT_30419	B73_chr5	205075992	205076180	meth_B73.ref_B73_5:205075992..205076180	13.7931	.
B73_chr5	205113514	205124773	LTRRT_30420	B73_chr5	205122969	205123126	meth_B73.ref_B73_5:205122969..205123126	0	.
B73_chr5	206162384	206177797	LTRRT_30440	B73_chr5	206164897	206165208	meth_B73.ref_B73_5:206164897..206165208	8.33333	.
B73_chr5	206162384	206177797	LTRRT_30440	B73_chr5	206175837	206176011	meth_B73.ref_B73_5:206175837..206176011	6.38298	.
B73_chr5	206571041	206586621	LTRRT_30450	B73_chr5	206583648	206583878	meth_B73.ref_B73_5:206583648..206583878	17.1429	.
B73_chr5	206740468	206746707	LTRRT_30454	B73_chr5	206746673	206748614	meth_B73.ref_B73_5:206746673..206748614	1.36476	.
B73_chr5	206813743	206819218	LTRRT_30458	B73_chr5	206809888	206813864	meth_B73.ref_B73_5:206809888..206813864	2.06518	.
B73_chr5	206813743	206819218	LTRRT_30458	B73_chr5	206819141	206820557	meth_B73.ref_B73_5:206819141..206820557	1.09344	.
B73_chr5	207078357	207083541	LTRRT_30465	B73_chr5	207083027	207084443	meth_B73.ref_B73_5:207083027..207084443	1.69492	.
B73_chr5	207078357	207083541	LTRRT_30465	B73_chr5	207075015	207082969	meth_B73.ref_B73_5:207075015..207082969	2.22678	.
B73_chr5	207110239	207115476	LTRRT_30466	B73_chr5	207115468	207119135	meth_B73.ref_B73_5:207115468..207119135	0.275103	.
B73_chr5	207173244	207182453	LTRRT_30467	B73_chr5	207167916	207173284	meth_B73.ref_B73_5:207167916..207173284	0.544794	.
B73_chr5	207173244	207182453	LTRRT_30467	B73_chr5	207182216	207196945	meth_B73.ref_B73_5:207182216..207196945	1.09828	.
B73_chr5	208036661	208048759	LTRRT_30488	B73_chr5	208037327	208038471	meth_B73.ref_B73_5:208037327..208038471	0	.
B73_chr5	208036661	208048759	LTRRT_30488	B73_chr5	208039977	208040166	meth_B73.ref_B73_5:208039977..208040166	6.52174	.
B73_chr5	208036661	208048759	LTRRT_30488	B73_chr5	208043862	208045089	meth_B73.ref_B73_5:208043862..208045089	1.74081	.
B73_chr5	208531446	208536705	LTRRT_30494	B73_chr5	208526310	208533306	meth_B73.ref_B73_5:208526310..208533306	0.945216	.
B73_chr5	208531446	208536705	LTRRT_30494	B73_chr5	208533502	208533720	meth_B73.ref_B73_5:208533502..208533720	16.7539	.
B73_chr5	208531446	208536705	LTRRT_30494	B73_chr5	208536513	208542462	meth_B73.ref_B73_5:208536513..208542462	0.971244	.
B73_chr5	209146321	209152529	LTRRT_30509	B73_chr5	209145960	209146355	meth_B73.ref_B73_5:209145960..209146355	2.26244	.
B73_chr5	210267238	210273355	LTRRT_30536	B73_chr5	210261750	210267369	meth_B73.ref_B73_5:210261750..210267369	2.64725	.
B73_chr5	210403372	210410174	LTRRT_30541	B73_chr5	210409973	210410723	meth_B73.ref_B73_5:210409973..210410723	1.96078	.
B73_chr5	210814655	210826385	LTRRT_30553	B73_chr5	210816547	210816734	meth_B73.ref_B73_5:210816547..210816734	10.1695	.
B73_chr5	211112265	211123849	LTRRT_30558	B73_chr5	211112757	211113822	meth_B73.ref_B73_5:211112757..211113822	0.875	.
B73_chr5	211112265	211123849	LTRRT_30558	B73_chr5	211120124	211121226	meth_B73.ref_B73_5:211120124..211121226	1.06509	.
B73_chr5	212399422	212402450	LTRRT_30590	B73_chr5	212399747	212402151	meth_B73.ref_B73_5:212399747..212402151	0.154202	.
B73_chr5	212399422	212402450	LTRRT_30590	B73_chr5	212402438	212402817	meth_B73.ref_B73_5:212402438..212402817	2.20994	.
B73_chr5	212408120	212420016	LTRRT_30591	B73_chr5	212413896	212414119	meth_B73.ref_B73_5:212413896..212414119	14.2857	.
B73_chr5	213247218	213252430	LTRRT_30607	B73_chr5	213249496	213252016	meth_B73.ref_B73_5:213249496..213252016	0.975134	.
B73_chr5	213476968	213482249	LTRRT_30611	B73_chr5	213476362	213476975	meth_B73.ref_B73_5:213476362..213476975	9.38967	.
B73_chr5	213525407	213533372	LTRRT_30613	B73_chr5	213533370	213533705	meth_B73.ref_B73_5:213533370..213533705	1.71674	.
B73_chr5	213610090	213619165	LTRRT_30615	B73_chr5	213618943	213620784	meth_B73.ref_B73_5:213618943..213620784	2.06505	.
B73_chr5	213791144	213797379	LTRRT_30620	B73_chr5	213791493	213791653	meth_B73.ref_B73_5:213791493..213791653	14.9533	.
B73_chr5	213954494	213960747	LTRRT_30625	B73_chr5	213954052	213954533	meth_B73.ref_B73_5:213954052..213954533	3.56394	.
B73_chr5	214319521	214341963	LTRRT_30632	B73_chr5	214337789	214337951	meth_B73.ref_B73_5:214337789..214337951	0	.
B73_chr5	214319521	214341963	LTRRT_30632	B73_chr5	214338403	214338982	meth_B73.ref_B73_5:214338403..214338982	2.00669	.
B73_chr5	215123306	215131721	LTRRT_30650	B73_chr5	215124801	215125167	meth_B73.ref_B73_5:215124801..215125167	0	.
B73_chr5	215383933	215396018	LTRRT_30659	B73_chr5	215392121	215392357	meth_B73.ref_B73_5:215392121..215392357	8.57143	.
B73_chr5	215934981	215944188	LTRRT_30676	B73_chr5	215936028	215936727	meth_B73.ref_B73_5:215936028..215936727	7.28291	.
B73_chr5	215934981	215944188	LTRRT_30676	B73_chr5	215942994	215943682	meth_B73.ref_B73_5:215942994..215943682	2.95567	.
B73_chr5	216009589	216012987	LTRRT_30680	B73_chr5	216009929	216011254	meth_B73.ref_B73_5:216009929..216011254	0.819672	.
B73_chr5	216009589	216012987	LTRRT_30680	B73_chr5	216011603	216012689	meth_B73.ref_B73_5:216011603..216012689	2.17391	.
B73_chr5	216009589	216012987	LTRRT_30680	B73_chr5	216012972	216014868	meth_B73.ref_B73_5:216012972..216014868	0.0504796	.
B73_chr5	216009589	216012987	LTRRT_30680	B73_chr5	216004329	216009605	meth_B73.ref_B73_5:216004329..216009605	0.0967118	.
B73_chr5	216015077	216020349	LTRRT_30681	B73_chr5	216020281	216022794	meth_B73.ref_B73_5:216020281..216022794	1.20992	.
B73_chr5	217162724	217164591	LTRRT_30703	B73_chr5	217164571	217171361	meth_B73.ref_B73_5:217164571..217171361	1.50849	.
B73_chr5	218094237	218103577	LTRRT_30731	B73_chr5	218092760	218094459	meth_B73.ref_B73_5:218092760..218094459	1.39983	.
B73_chr5	218415528	218420750	LTRRT_30738	B73_chr5	218420748	218422993	meth_B73.ref_B73_5:218420748..218422993	0.418936	.
B73_chr5	219258643	219274047	LTRRT_30754	B73_chr5	219271222	219271534	meth_B73.ref_B73_5:219271222..219271534	8.33333	.
B73_chr5	219894021	219895951	LTRRT_30766	B73_chr5	219893545	219894066	meth_B73.ref_B73_5:219893545..219894066	6.23306	.
B73_chr5	219917658	219923844	LTRRT_30767	B73_chr5	219923810	219934538	meth_B73.ref_B73_5:219923810..219934538	0.75257	.
B73_chr5	220045616	220051588	LTRRT_30768	B73_chr5	220041328	220045639	meth_B73.ref_B73_5:220041328..220045639	1.97503	.
B73_chr5	220116320	220121549	LTRRT_30769	B73_chr5	220121536	220124367	meth_B73.ref_B73_5:220121536..220124367	0.365631	.
B73_chr5	220292984	220298187	LTRRT_30772	B73_chr5	220298118	220300425	meth_B73.ref_B73_5:220298118..220300425	1.0175	.
B73_chr5	220536112	220541124	LTRRT_30778	B73_chr5	220535626	220536234	meth_B73.ref_B73_5:220535626..220536234	1.45455	.
B73_chr5	220759698	220764513	LTRRT_30785	B73_chr5	220758795	220759919	meth_B73.ref_B73_5:220758795..220759919	1.64706	.
B73_chr5	220759698	220764513	LTRRT_30785	B73_chr5	220763146	220766524	meth_B73.ref_B73_5:220763146..220766524	1.90282	.
B73_chr5	221142860	221149996	LTRRT_30795	B73_chr5	221140383	221142894	meth_B73.ref_B73_5:221140383..221142894	0.697674	.
B73_chr5	221142860	221149996	LTRRT_30795	B73_chr5	221143047	221143589	meth_B73.ref_B73_5:221143047..221143589	0.618238	.
B73_chr5	222802066	222808070	LTRRT_30830	B73_chr5	222797722	222802275	meth_B73.ref_B73_5:222797722..222802275	1.09966	.
B73_chr5	222864859	222875638	LTRRT_30834	B73_chr5	222865969	222866129	meth_B73.ref_B73_5:222865969..222866129	16	.
B73_chr5	222864859	222875638	LTRRT_30834	B73_chr5	222870328	222870740	meth_B73.ref_B73_5:222870328..222870740	4.26439	.
B73_chr5	222864859	222875638	LTRRT_30834	B73_chr5	222874417	222874607	meth_B73.ref_B73_5:222874417..222874607	9.375	.
B73_chr5	223713933	223720875	LTRRT_30849	B73_chr5	223714981	223715307	meth_B73.ref_B73_5:223714981..223715307	5.69106	.
B73_chr5	223713933	223720875	LTRRT_30849	B73_chr5	223720141	223720572	meth_B73.ref_B73_5:223720141..223720572	9.00901	.
B73_chr5	223763201	223768024	LTRRT_30851	B73_chr5	223758609	223772955	meth_B73.ref_B73_5:223758609..223772955	1.01028	.
B73_chr5	225412658	225421284	LTRRT_30878	B73_chr5	225421282	225421870	meth_B73.ref_B73_5:225421282..225421870	3.21101	.
B73_chr5	225421841	225423846	LTRRT_30879	B73_chr5	225421282	225421870	meth_B73.ref_B73_5:225421282..225421870	3.21101	.
B73_chr6	802580	811750	LTRRT_30921	B73_chr6	802970	803974	meth_B73.ref_B73_6:802970..803974	5.74713	.
B73_chr6	802580	811750	LTRRT_30921	B73_chr6	809757	810716	meth_B73.ref_B73_6:809757..810716	5.07246	.
B73_chr6	1578498	1585347	LTRRT_30943	B73_chr6	1580009	1580579	meth_B73.ref_B73_6:1580009..1580579	5.05618	.
B73_chr6	1578498	1585347	LTRRT_30943	B73_chr6	1584137	1584856	meth_B73.ref_B73_6:1584137..1584856	9.78723	.
B73_chr6	1893386	1900210	LTRRT_30955	B73_chr6	1894765	1895463	meth_B73.ref_B73_6:1894765..1895463	5.17928	.
B73_chr6	1893386	1900210	LTRRT_30955	B73_chr6	1899154	1899816	meth_B73.ref_B73_6:1899154..1899816	0.826446	.
B73_chr6	3127374	3136534	LTRRT_30987	B73_chr6	3135088	3136030	meth_B73.ref_B73_6:3135088..3136030	5.96026	.
B73_chr6	3127374	3136534	LTRRT_30987	B73_chr6	3128423	3129370	meth_B73.ref_B73_6:3128423..3129370	7.90441	.
B73_chr6	6556264	6557411	LTRRT_31053	B73_chr6	6557409	6559618	meth_B73.ref_B73_6:6557409..6559618	1.27157	.
B73_chr6	6969873	6984850	LTRRT_31063	B73_chr6	6972059	6972220	meth_B73.ref_B73_6:6972059..6972220	19.0476	.
B73_chr6	7616298	7623905	LTRRT_31075	B73_chr6	7622213	7623546	meth_B73.ref_B73_6:7622213..7623546	0.423729	.
B73_chr6	7616298	7623905	LTRRT_31075	B73_chr6	7617956	7619147	meth_B73.ref_B73_6:7617956..7619147	0.988468	.
B73_chr6	7651997	7661492	LTRRT_31076	B73_chr6	7656945	7657115	meth_B73.ref_B73_6:7656945..7657115	0	.
B73_chr6	8302589	8311888	LTRRT_31095	B73_chr6	8303843	8304013	meth_B73.ref_B73_6:8303843..8304013	11.1111	.
B73_chr6	9131904	9146977	LTRRT_31114	B73_chr6	9132341	9132931	meth_B73.ref_B73_6:9132341..9132931	0.894188	.
B73_chr6	9281243	9293534	LTRRT_31118	B73_chr6	9293418	9295971	meth_B73.ref_B73_6:9293418..9295971	0.13465	.
B73_chr6	9575245	9582428	LTRRT_31124	B73_chr6	9574678	9575414	meth_B73.ref_B73_6:9574678..9575414	2.34192	.
B73_chr6	9812218	9824618	LTRRT_31127	B73_chr6	9812997	9813456	meth_B73.ref_B73_6:9812997..9813456	0.970874	.
B73_chr6	9812218	9824618	LTRRT_31127	B73_chr6	9820797	9822029	meth_B73.ref_B73_6:9820797..9822029	0.452489	.
B73_chr6	9812218	9824618	LTRRT_31127	B73_chr6	9813715	9814168	meth_B73.ref_B73_6:9813715..9814168	2.17391	.
B73_chr6	9883784	9893225	LTRRT_31130	B73_chr6	9882993	9883821	meth_B73.ref_B73_6:9882993..9883821	3.07692	.
B73_chr6	9902066	9917066	LTRRT_31131	B73_chr6	9906986	9907152	meth_B73.ref_B73_6:9906986..9907152	15.625	.
B73_chr6	9902066	9917066	LTRRT_31131	B73_chr6	9908006	9908274	meth_B73.ref_B73_6:9908006..9908274	10.8974	.
B73_chr6	10612941	10621517	LTRRT_31152	B73_chr6	10615843	10616155	meth_B73.ref_B73_6:10615843..10616155	0	.
B73_chr6	10612941	10621517	LTRRT_31152	B73_chr6	10616254	10616489	meth_B73.ref_B73_6:10616254..10616489	0	.
B73_chr6	11793083	11805572	LTRRT_31179	B73_chr6	11803243	11803435	meth_B73.ref_B73_6:11803243..11803435	0	.
B73_chr6	12100200	12102135	LTRRT_31187	B73_chr6	12102082	12108891	meth_B73.ref_B73_6:12102082..12108891	0.849159	.
B73_chr6	12300971	12316377	LTRRT_31194	B73_chr6	12303624	12303798	meth_B73.ref_B73_6:12303624..12303798	10.7692	.
B73_chr6	12300971	12316377	LTRRT_31194	B73_chr6	12314287	12314598	meth_B73.ref_B73_6:12314287..12314598	13.2075	.
B73_chr6	13576604	13585936	LTRRT_31219	B73_chr6	13575760	13576652	meth_B73.ref_B73_6:13575760..13576652	0.754717	.
B73_chr6	13801740	13816815	LTRRT_31226	B73_chr6	13804254	13804573	meth_B73.ref_B73_6:13804254..13804573	15.6448	.
B73_chr6	13801740	13816815	LTRRT_31226	B73_chr6	13812394	13813151	meth_B73.ref_B73_6:13812394..13813151	12.963	.
B73_chr6	13835908	13850367	LTRRT_31228	B73_chr6	13838105	13838889	meth_B73.ref_B73_6:13838105..13838889	8.56164	.
B73_chr6	13835908	13850367	LTRRT_31228	B73_chr6	13839807	13840289	meth_B73.ref_B73_6:13839807..13840289	10.1852	.
B73_chr6	13835908	13850367	LTRRT_31228	B73_chr6	13846106	13846960	meth_B73.ref_B73_6:13846106..13846960	7.61589	.
B73_chr6	13835908	13850367	LTRRT_31228	B73_chr6	13847697	13848357	meth_B73.ref_B73_6:13847697..13848357	13.8158	.
B73_chr6	14041761	14051785	LTRRT_31236	B73_chr6	14044666	14044897	meth_B73.ref_B73_6:14044666..14044897	10	.
B73_chr6	14507116	14522507	LTRRT_31250	B73_chr6	14508892	14509087	meth_B73.ref_B73_6:14508892..14509087	10.3448	.
B73_chr6	14507116	14522507	LTRRT_31250	B73_chr6	14519683	14519876	meth_B73.ref_B73_6:14519683..14519876	17.1053	.
B73_chr6	14558472	14573872	LTRRT_31252	B73_chr6	14561103	14561298	meth_B73.ref_B73_6:14561103..14561298	6.95652	.
B73_chr6	14558472	14573872	LTRRT_31252	B73_chr6	14571899	14572094	meth_B73.ref_B73_6:14571899..14572094	19.4444	.
B73_chr6	14828088	14842105	LTRRT_31262	B73_chr6	14834563	14834741	meth_B73.ref_B73_6:14834563..14834741	3.57143	.
B73_chr6	14894110	14911318	LTRRT_31264	B73_chr6	14895701	14896059	meth_B73.ref_B73_6:14895701..14896059	7.8125	.
B73_chr6	14894110	14911318	LTRRT_31264	B73_chr6	14906857	14907031	meth_B73.ref_B73_6:14906857..14907031	7.7381	.
B73_chr6	16000169	16009777	LTRRT_31281	B73_chr6	16006867	16007105	meth_B73.ref_B73_6:16006867..16007105	15.873	.
B73_chr6	16142784	16151080	LTRRT_31285	B73_chr6	16143145	16143590	meth_B73.ref_B73_6:16143145..16143590	6.83761	.
B73_chr6	16164190	16173641	LTRRT_31286	B73_chr6	16172315	16172544	meth_B73.ref_B73_6:16172315..16172544	12.5	.
B73_chr6	16465866	16481264	LTRRT_31295	B73_chr6	16467644	16467818	meth_B73.ref_B73_6:16467644..16467818	2.94118	.
B73_chr6	16465866	16481264	LTRRT_31295	B73_chr6	16478436	16478610	meth_B73.ref_B73_6:16478436..16478610	7.74648	.
B73_chr6	17469098	17481065	LTRRT_31307	B73_chr6	17471937	17472549	meth_B73.ref_B73_6:17471937..17472549	7.72201	.
B73_chr6	17469098	17481065	LTRRT_31307	B73_chr6	17479525	17480018	meth_B73.ref_B73_6:17479525..17480018	13.3858	.
B73_chr6	17561323	17572291	LTRRT_31309	B73_chr6	17563652	17564632	meth_B73.ref_B73_6:17563652..17564632	1.99501	.
B73_chr6	17561323	17572291	LTRRT_31309	B73_chr6	17570639	17571559	meth_B73.ref_B73_6:17570639..17571559	0.688073	.
B73_chr6	18266328	18280724	LTRRT_31328	B73_chr6	18272911	18275464	meth_B73.ref_B73_6:18272911..18275464	0.790678	.
B73_chr6	18507102	18514304	LTRRT_31336	B73_chr6	18513858	18514231	meth_B73.ref_B73_6:18513858..18514231	1.80361	.
B73_chr6	18971561	18987744	LTRRT_31347	B73_chr6	18981382	18983293	meth_B73.ref_B73_6:18981382..18983293	1.09664	.
B73_chr6	19329868	19334856	LTRRT_31359	B73_chr6	19329992	19331233	meth_B73.ref_B73_6:19329992..19331233	0.842697	.
B73_chr6	19345045	19352401	LTRRT_31361	B73_chr6	19351179	19352002	meth_B73.ref_B73_6:19351179..19352002	0.970874	.
B73_chr6	19345045	19352401	LTRRT_31361	B73_chr6	19349293	19349659	meth_B73.ref_B73_6:19349293..19349659	0	.
B73_chr6	19460737	19468731	LTRRT_31364	B73_chr6	19466890	19468259	meth_B73.ref_B73_6:19466890..19468259	4.10628	.
B73_chr6	19820411	19825496	LTRRT_31376	B73_chr6	19818474	19820435	meth_B73.ref_B73_6:19818474..19820435	0.278552	.
B73_chr6	19820411	19825496	LTRRT_31376	B73_chr6	19820977	19821339	meth_B73.ref_B73_6:19820977..19821339	5.08475	.
B73_chr6	20005880	20019064	LTRRT_31382	B73_chr6	20007911	20008681	meth_B73.ref_B73_6:20007911..20008681	6.52921	.
B73_chr6	20005880	20019064	LTRRT_31382	B73_chr6	20010482	20010717	meth_B73.ref_B73_6:20010482..20010717	8.62069	.
B73_chr6	20005880	20019064	LTRRT_31382	B73_chr6	20015448	20016368	meth_B73.ref_B73_6:20015448..20016368	7.13012	.
B73_chr6	20411202	20421836	LTRRT_31392	B73_chr6	20411460	20411694	meth_B73.ref_B73_6:20411460..20411694	17.5879	.
B73_chr6	20411202	20421836	LTRRT_31392	B73_chr6	20420538	20420924	meth_B73.ref_B73_6:20420538..20420924	13.4387	.
B73_chr6	20637100	20645316	LTRRT_31400	B73_chr6	20644673	20644933	meth_B73.ref_B73_6:20644673..20644933	0	.
B73_chr6	20637100	20645316	LTRRT_31400	B73_chr6	20643714	20644289	meth_B73.ref_B73_6:20643714..20644289	5	.
B73_chr6	21029414	21043824	LTRRT_31406	B73_chr6	21031434	21032707	meth_B73.ref_B73_6:21031434..21032707	6.23501	.
B73_chr6	21029414	21043824	LTRRT_31406	B73_chr6	21039586	21040514	meth_B73.ref_B73_6:21039586..21040514	2.73598	.
B73_chr6	22272286	22286556	LTRRT_31429	B73_chr6	22275224	22276205	meth_B73.ref_B73_6:22275224..22276205	4.77707	.
B73_chr6	22272286	22286556	LTRRT_31429	B73_chr6	22276323	22276559	meth_B73.ref_B73_6:22276323..22276559	7.69231	.
B73_chr6	22272286	22286556	LTRRT_31429	B73_chr6	22283582	22284161	meth_B73.ref_B73_6:22283582..22284161	7.38255	.
B73_chr6	22272286	22286556	LTRRT_31429	B73_chr6	22284517	22284695	meth_B73.ref_B73_6:22284517..22284695	9.67742	.
B73_chr6	22361028	22374931	LTRRT_31432	B73_chr6	22363096	22363350	meth_B73.ref_B73_6:22363096..22363350	9.09091	.
B73_chr6	22361028	22374931	LTRRT_31432	B73_chr6	22370321	22370523	meth_B73.ref_B73_6:22370321..22370523	2.63158	.
B73_chr6	22361028	22374931	LTRRT_31432	B73_chr6	22370662	22370960	meth_B73.ref_B73_6:22370662..22370960	2.17391	.
B73_chr6	22361028	22374931	LTRRT_31432	B73_chr6	22371782	22372126	meth_B73.ref_B73_6:22371782..22372126	12.2744	.
B73_chr6	22361028	22374931	LTRRT_31432	B73_chr6	22364123	22364611	meth_B73.ref_B73_6:22364123..22364611	15.3646	.
B73_chr6	22460618	22475618	LTRRT_31434	B73_chr6	22462804	22463140	meth_B73.ref_B73_6:22462804..22463140	7.6087	.
B73_chr6	22460618	22475618	LTRRT_31434	B73_chr6	22473433	22473746	meth_B73.ref_B73_6:22473433..22473746	4.71698	.
B73_chr6	22734623	22745995	LTRRT_31442	B73_chr6	22742739	22743577	meth_B73.ref_B73_6:22742739..22743577	2.12483	.
B73_chr6	22779168	22793417	LTRRT_31443	B73_chr6	22791860	22792618	meth_B73.ref_B73_6:22791860..22792618	0.968523	.
B73_chr6	22869830	22881359	LTRRT_31445	B73_chr6	22870820	22871445	meth_B73.ref_B73_6:22870820..22871445	1.68539	.
B73_chr6	22869830	22881359	LTRRT_31445	B73_chr6	22877727	22878717	meth_B73.ref_B73_6:22877727..22878717	2.05279	.
B73_chr6	23268145	23291705	LTRRT_31457	B73_chr6	23270885	23271118	meth_B73.ref_B73_6:23270885..23271118	3.3557	.
B73_chr6	23463318	23478864	LTRRT_31463	B73_chr6	23465966	23466140	meth_B73.ref_B73_6:23465966..23466140	6.72269	.
B73_chr6	23638366	23653188	LTRRT_31467	B73_chr6	23646387	23648471	meth_B73.ref_B73_6:23646387..23648471	1.61464	.
B73_chr6	23704119	23719087	LTRRT_31468	B73_chr6	23717009	23717225	meth_B73.ref_B73_6:23717009..23717225	6.38298	.
B73_chr6	24097772	24109537	LTRRT_31475	B73_chr6	24098659	24099129	meth_B73.ref_B73_6:24098659..24099129	3.33333	.
B73_chr6	24097772	24109537	LTRRT_31475	B73_chr6	24099230	24099670	meth_B73.ref_B73_6:24099230..24099670	0	.
B73_chr6	24097772	24109537	LTRRT_31475	B73_chr6	24106546	24107160	meth_B73.ref_B73_6:24106546..24107160	0.584795	.
B73_chr6	24251383	24256868	LTRRT_31479	B73_chr6	24252925	24255732	meth_B73.ref_B73_6:24252925..24255732	4.36016	.
B73_chr6	24530822	24546383	LTRRT_31484	B73_chr6	24544404	24544663	meth_B73.ref_B73_6:24544404..24544663	5.43478	.
B73_chr6	25457149	25468569	LTRRT_31508	B73_chr6	25457758	25458961	meth_B73.ref_B73_6:25457758..25458961	1.46789	.
B73_chr6	25457149	25468569	LTRRT_31508	B73_chr6	25464911	25465318	meth_B73.ref_B73_6:25464911..25465318	0	.
B73_chr6	25457149	25468569	LTRRT_31508	B73_chr6	25465407	25466050	meth_B73.ref_B73_6:25465407..25466050	0	.
B73_chr6	27116787	27124167	LTRRT_31546	B73_chr6	27121768	27121953	meth_B73.ref_B73_6:27121768..27121953	9.67742	.
B73_chr6	27654689	27668615	LTRRT_31560	B73_chr6	27665797	27665953	meth_B73.ref_B73_6:27665797..27665953	0	.
B73_chr6	27707163	27720485	LTRRT_31561	B73_chr6	27717951	27718117	meth_B73.ref_B73_6:27717951..27718117	0	.
B73_chr6	27821283	27829520	LTRRT_31564	B73_chr6	27826869	27827091	meth_B73.ref_B73_6:27826869..27827091	3.84615	.
B73_chr6	27863602	27870438	LTRRT_31565	B73_chr6	27869228	27870045	meth_B73.ref_B73_6:27869228..27870045	6.1674	.
B73_chr6	28146555	28151671	LTRRT_31574	B73_chr6	28151366	28154802	meth_B73.ref_B73_6:28151366..28154802	3.74854	.
B73_chr6	28380002	28393968	LTRRT_31579	B73_chr6	28383066	28384114	meth_B73.ref_B73_6:28383066..28384114	5.98179	.
B73_chr6	28380002	28393968	LTRRT_31579	B73_chr6	28390825	28392044	meth_B73.ref_B73_6:28390825..28392044	1.9802	.
B73_chr6	28671469	28676716	LTRRT_31589	B73_chr6	28676593	28677653	meth_B73.ref_B73_6:28676593..28677653	1.26156	.
B73_chr6	28749776	28766391	LTRRT_31591	B73_chr6	28751967	28752183	meth_B73.ref_B73_6:28751967..28752183	16.6667	.
B73_chr6	28837224	28842714	LTRRT_31594	B73_chr6	28836483	28837315	meth_B73.ref_B73_6:28836483..28837315	1.23305	.
B73_chr6	28837224	28842714	LTRRT_31594	B73_chr6	28842644	28844224	meth_B73.ref_B73_6:28842644..28844224	3.25457	.
B73_chr6	28844222	28851017	LTRRT_31595	B73_chr6	28842644	28844224	meth_B73.ref_B73_6:28842644..28844224	3.25457	.
B73_chr6	28853831	28865959	LTRRT_31596	B73_chr6	28855601	28855808	meth_B73.ref_B73_6:28855601..28855808	13.2075	.
B73_chr6	29088427	29101120	LTRRT_31599	B73_chr6	29089239	29089734	meth_B73.ref_B73_6:29089239..29089734	1.48515	.
B73_chr6	29369876	29393117	LTRRT_31605	B73_chr6	29390628	29390941	meth_B73.ref_B73_6:29390628..29390941	14.1935	.
B73_chr6	29451960	29459439	LTRRT_31607	B73_chr6	29459410	29460139	meth_B73.ref_B73_6:29459410..29460139	1.96078	.
B73_chr6	30008698	30019316	LTRRT_31625	B73_chr6	30010088	30011579	meth_B73.ref_B73_6:30010088..30011579	2.59563	.
B73_chr6	30008698	30019316	LTRRT_31625	B73_chr6	30018432	30018742	meth_B73.ref_B73_6:30018432..30018742	0	.
B73_chr6	30658823	30673736	LTRRT_31643	B73_chr6	30660668	30660980	meth_B73.ref_B73_6:30660668..30660980	13.7255	.
B73_chr6	30710741	30720563	LTRRT_31646	B73_chr6	30711168	30712003	meth_B73.ref_B73_6:30711168..30712003	2.09581	.
B73_chr6	30710741	30720563	LTRRT_31646	B73_chr6	30718606	30719478	meth_B73.ref_B73_6:30718606..30719478	2.24719	.
B73_chr6	31474966	31482900	LTRRT_31670	B73_chr6	31482316	31482492	meth_B73.ref_B73_6:31482316..31482492	17.4825	.
B73_chr6	31751131	31770895	LTRRT_31678	B73_chr6	31745093	31751159	meth_B73.ref_B73_6:31745093..31751159	2.0768	.
B73_chr6	31751131	31770895	LTRRT_31678	B73_chr6	31762229	31763619	meth_B73.ref_B73_6:31762229..31763619	0.21254	.
B73_chr6	31984278	31992165	LTRRT_31685	B73_chr6	31984925	31985579	meth_B73.ref_B73_6:31984925..31985579	0	.
B73_chr6	31984278	31992165	LTRRT_31685	B73_chr6	31989464	31989957	meth_B73.ref_B73_6:31989464..31989957	0	.
B73_chr6	33025919	33031879	LTRRT_31711	B73_chr6	33031845	33035257	meth_B73.ref_B73_6:33031845..33035257	1.03765	.
B73_chr6	33862859	33875752	LTRRT_31736	B73_chr6	33861805	33862925	meth_B73.ref_B73_6:33861805..33862925	2.1692	.
B73_chr6	34716818	34722541	LTRRT_31760	B73_chr6	34714368	34716878	meth_B73.ref_B73_6:34714368..34716878	1.974	.
B73_chr6	34716818	34722541	LTRRT_31760	B73_chr6	34722517	34723384	meth_B73.ref_B73_6:34722517..34723384	3.18119	.
B73_chr6	35141741	35148637	LTRRT_31771	B73_chr6	35147386	35148258	meth_B73.ref_B73_6:35147386..35148258	3.47395	.
B73_chr6	35141741	35148637	LTRRT_31771	B73_chr6	35143076	35143950	meth_B73.ref_B73_6:35143076..35143950	4.48718	.
B73_chr6	35654101	35660979	LTRRT_31785	B73_chr6	35655602	35656173	meth_B73.ref_B73_6:35655602..35656173	2.12766	.
B73_chr6	35654101	35660979	LTRRT_31785	B73_chr6	35660044	35660346	meth_B73.ref_B73_6:35660044..35660346	1.92308	.
B73_chr6	35832120	35842228	LTRRT_31791	B73_chr6	35834674	35834977	meth_B73.ref_B73_6:35834674..35834977	10.3448	.
B73_chr6	35895542	35904439	LTRRT_31792	B73_chr6	35895008	35895573	meth_B73.ref_B73_6:35895008..35895573	1.93705	.
B73_chr6	35917664	35924613	LTRRT_31793	B73_chr6	35917967	35918278	meth_B73.ref_B73_6:35917967..35918278	6.81818	.
B73_chr6	35917664	35924613	LTRRT_31793	B73_chr6	35923238	35923669	meth_B73.ref_B73_6:35923238..35923669	4.10256	.
B73_chr6	35951093	35953266	LTRRT_31794	B73_chr6	35951345	35951759	meth_B73.ref_B73_6:35951345..35951759	0.671141	.
B73_chr6	36470945	36477796	LTRRT_31817	B73_chr6	36472290	36473158	meth_B73.ref_B73_6:36472290..36473158	9.38776	.
B73_chr6	36470945	36477796	LTRRT_31817	B73_chr6	36476689	36477306	meth_B73.ref_B73_6:36476689..36477306	1.6632	.
B73_chr6	36588254	36596461	LTRRT_31821	B73_chr6	36588686	36590255	meth_B73.ref_B73_6:36588686..36590255	1.77515	.
B73_chr6	36661395	36667397	LTRRT_31824	B73_chr6	36666223	36666994	meth_B73.ref_B73_6:36666223..36666994	2.99479	.
B73_chr6	37230148	37245704	LTRRT_31837	B73_chr6	37231868	37232193	meth_B73.ref_B73_6:37231868..37232193	10.5505	.
B73_chr6	37882548	37890988	LTRRT_31845	B73_chr6	37884566	37884764	meth_B73.ref_B73_6:37884566..37884764	18.1818	.
B73_chr6	38010058	38019173	LTRRT_31847	B73_chr6	38009674	38010091	meth_B73.ref_B73_6:38009674..38010091	11.4865	.
B73_chr6	38175266	38187071	LTRRT_31852	B73_chr6	38183304	38183458	meth_B73.ref_B73_6:38183304..38183458	10.5263	.
B73_chr6	38552530	38573445	LTRRT_31860	B73_chr6	38556482	38556740	meth_B73.ref_B73_6:38556482..38556740	17.8862	.
B73_chr6	38552530	38573445	LTRRT_31860	B73_chr6	38563282	38563507	meth_B73.ref_B73_6:38563282..38563507	10.5263	.
B73_chr6	38552530	38573445	LTRRT_31860	B73_chr6	38572482	38572660	meth_B73.ref_B73_6:38572482..38572660	0	.
B73_chr6	39096217	39104684	LTRRT_31877	B73_chr6	39096637	39097135	meth_B73.ref_B73_6:39096637..39097135	0	.
B73_chr6	39096217	39104684	LTRRT_31877	B73_chr6	39101482	39101920	meth_B73.ref_B73_6:39101482..39101920	0	.
B73_chr6	39324485	39331361	LTRRT_31885	B73_chr6	39324995	39325344	meth_B73.ref_B73_6:39324995..39325344	0	.
B73_chr6	39324485	39331361	LTRRT_31885	B73_chr6	39329314	39329848	meth_B73.ref_B73_6:39329314..39329848	8.27068	.
B73_chr6	39759586	39769774	LTRRT_31898	B73_chr6	39760111	39760863	meth_B73.ref_B73_6:39760111..39760863	1.49701	.
B73_chr6	39759586	39769774	LTRRT_31898	B73_chr6	39767615	39768388	meth_B73.ref_B73_6:39767615..39768388	3.125	.
B73_chr6	39837505	39846674	LTRRT_31901	B73_chr6	39838024	39839001	meth_B73.ref_B73_6:39838024..39839001	6.69456	.
B73_chr6	39837505	39846674	LTRRT_31901	B73_chr6	39844504	39845658	meth_B73.ref_B73_6:39844504..39845658	7.08402	.
B73_chr6	40104908	40111749	LTRRT_31907	B73_chr6	40105262	40105649	meth_B73.ref_B73_6:40105262..40105649	14.2077	.
B73_chr6	40104908	40111749	LTRRT_31907	B73_chr6	40105793	40105952	meth_B73.ref_B73_6:40105793..40105952	10.9948	.
B73_chr6	40104908	40111749	LTRRT_31907	B73_chr6	40110071	40110233	meth_B73.ref_B73_6:40110071..40110233	16.875	.
B73_chr6	40253171	40262406	LTRRT_31911	B73_chr6	40253561	40254163	meth_B73.ref_B73_6:40253561..40254163	0.884956	.
B73_chr6	40253171	40262406	LTRRT_31911	B73_chr6	40260612	40261314	meth_B73.ref_B73_6:40260612..40261314	2.64317	.
B73_chr6	40610434	40621342	LTRRT_31919	B73_chr6	40613184	40613369	meth_B73.ref_B73_6:40613184..40613369	16.9811	.
B73_chr6	42320815	42328258	LTRRT_31959	B73_chr6	42328115	42332046	meth_B73.ref_B73_6:42328115..42332046	0.473485	.
B73_chr6	42401870	42408360	LTRRT_31962	B73_chr6	42408040	42412021	meth_B73.ref_B73_6:42408040..42412021	1.54934	.
B73_chr6	42800087	42804885	LTRRT_31972	B73_chr6	42800539	42800705	meth_B73.ref_B73_6:42800539..42800705	0	.
B73_chr6	42972698	42983839	LTRRT_31974	B73_chr6	42981548	42981703	meth_B73.ref_B73_6:42981548..42981703	10	.
B73_chr6	42995634	43003978	LTRRT_31975	B73_chr6	42995083	42995738	meth_B73.ref_B73_6:42995083..42995738	2.1692	.
B73_chr6	43498629	43505485	LTRRT_31989	B73_chr6	43503427	43504108	meth_B73.ref_B73_6:43503427..43504108	8.31025	.
B73_chr6	43498629	43505485	LTRRT_31989	B73_chr6	43499138	43499860	meth_B73.ref_B73_6:43499138..43499860	8.80952	.
B73_chr6	44741428	44748463	LTRRT_32017	B73_chr6	44742015	44742194	meth_B73.ref_B73_6:44742015..44742194	13.8462	.
B73_chr6	44786625	44793593	LTRRT_32018	B73_chr6	44787059	44787809	meth_B73.ref_B73_6:44787059..44787809	8.37989	.
B73_chr6	44786625	44793593	LTRRT_32018	B73_chr6	44791409	44792037	meth_B73.ref_B73_6:44791409..44792037	6.14035	.
B73_chr6	45477166	45486885	LTRRT_32032	B73_chr6	45478251	45479135	meth_B73.ref_B73_6:45478251..45479135	2.45098	.
B73_chr6	45477166	45486885	LTRRT_32032	B73_chr6	45485599	45486410	meth_B73.ref_B73_6:45485599..45486410	1.55902	.
B73_chr6	45505943	45524670	LTRRT_32033	B73_chr6	45503978	45506125	meth_B73.ref_B73_6:45503978..45506125	1.38138	.
B73_chr6	46206615	46225988	LTRRT_32045	B73_chr6	46207117	46207874	meth_B73.ref_B73_6:46207117..46207874	3.27553	.
B73_chr6	46206615	46225988	LTRRT_32045	B73_chr6	46224008	46224869	meth_B73.ref_B73_6:46224008..46224869	3.96825	.
B73_chr6	46472017	46487414	LTRRT_32051	B73_chr6	46484435	46484701	meth_B73.ref_B73_6:46484435..46484701	5	.
B73_chr6	46519842	46526711	LTRRT_32053	B73_chr6	46521217	46521965	meth_B73.ref_B73_6:46521217..46521965	13.5076	.
B73_chr6	46519842	46526711	LTRRT_32053	B73_chr6	46525670	46526277	meth_B73.ref_B73_6:46525670..46526277	5.7554	.
B73_chr6	46789960	46800159	LTRRT_32061	B73_chr6	46790534	46791227	meth_B73.ref_B73_6:46790534..46791227	1.04167	.
B73_chr6	46789960	46800159	LTRRT_32061	B73_chr6	46798340	46798633	meth_B73.ref_B73_6:46798340..46798633	0	.
B73_chr6	46789960	46800159	LTRRT_32061	B73_chr6	46798695	46799056	meth_B73.ref_B73_6:46798695..46799056	1.17647	.
B73_chr6	47099889	47106813	LTRRT_32066	B73_chr6	47100811	47101264	meth_B73.ref_B73_6:47100811..47101264	10.2326	.
B73_chr6	47099889	47106813	LTRRT_32066	B73_chr6	47106256	47106464	meth_B73.ref_B73_6:47106256..47106464	18.2131	.
B73_chr6	47402756	47413072	LTRRT_32071	B73_chr6	47405722	47406166	meth_B73.ref_B73_6:47405722..47406166	0	.
B73_chr6	47402756	47413072	LTRRT_32071	B73_chr6	47412423	47412912	meth_B73.ref_B73_6:47412423..47412912	0.980392	.
B73_chr6	47517973	47530688	LTRRT_32075	B73_chr6	47519022	47519195	meth_B73.ref_B73_6:47519022..47519195	7.40741	.
B73_chr6	47761869	47774940	LTRRT_32081	B73_chr6	47762590	47763569	meth_B73.ref_B73_6:47762590..47763569	0.978474	.
B73_chr6	47761869	47774940	LTRRT_32081	B73_chr6	47771547	47772563	meth_B73.ref_B73_6:47771547..47772563	1.36286	.
B73_chr6	47970261	47985672	LTRRT_32087	B73_chr6	47983717	47983889	meth_B73.ref_B73_6:47983717..47983889	6.52174	.
B73_chr6	48192698	48216086	LTRRT_32091	B73_chr6	48194009	48194683	meth_B73.ref_B73_6:48194009..48194683	0.41841	.
B73_chr6	48192698	48216086	LTRRT_32091	B73_chr6	48212837	48213675	meth_B73.ref_B73_6:48212837..48213675	1.16618	.
B73_chr6	48884828	48895016	LTRRT_32109	B73_chr6	48886122	48886779	meth_B73.ref_B73_6:48886122..48886779	0.711744	.
B73_chr6	48884828	48895016	LTRRT_32109	B73_chr6	48893513	48894503	meth_B73.ref_B73_6:48893513..48894503	1.49573	.
B73_chr6	49137252	49148894	LTRRT_32113	B73_chr6	49139407	49139618	meth_B73.ref_B73_6:49139407..49139618	8.69565	.
B73_chr6	49154427	49166464	LTRRT_32114	B73_chr6	49166439	49167879	meth_B73.ref_B73_6:49166439..49167879	1.08481	.
B73_chr6	49486154	49495485	LTRRT_32123	B73_chr6	49495264	49496638	meth_B73.ref_B73_6:49495264..49496638	1.0989	.
B73_chr6	49954451	49968735	LTRRT_32135	B73_chr6	49956476	49957414	meth_B73.ref_B73_6:49956476..49957414	8.9568	.
B73_chr6	49954451	49968735	LTRRT_32135	B73_chr6	49964462	49965400	meth_B73.ref_B73_6:49964462..49965400	9.60404	.
B73_chr6	50348777	50357991	LTRRT_32143	B73_chr6	50349282	50350074	meth_B73.ref_B73_6:50349282..50350074	10.7692	.
B73_chr6	50348777	50357991	LTRRT_32143	B73_chr6	50356197	50356900	meth_B73.ref_B73_6:50356197..50356900	6.22222	.
B73_chr6	50438029	50453058	LTRRT_32145	B73_chr6	50440013	50440566	meth_B73.ref_B73_6:50440013..50440566	8.91473	.
B73_chr6	51356219	51369663	LTRRT_32169	B73_chr6	51368420	51368578	meth_B73.ref_B73_6:51368420..51368578	12.5	.
B73_chr6	51433735	51448516	LTRRT_32170	B73_chr6	51447126	51447282	meth_B73.ref_B73_6:51447126..51447282	10.5263	.
B73_chr6	51764093	51777164	LTRRT_32176	B73_chr6	51765751	51766416	meth_B73.ref_B73_6:51765751..51766416	5.53191	.
B73_chr6	51764093	51777164	LTRRT_32176	B73_chr6	51767389	51767567	meth_B73.ref_B73_6:51767389..51767567	9.62963	.
B73_chr6	51764093	51777164	LTRRT_32176	B73_chr6	51774150	51774344	meth_B73.ref_B73_6:51774150..51774344	18.6364	.
B73_chr6	51764093	51777164	LTRRT_32176	B73_chr6	51774581	51774931	meth_B73.ref_B73_6:51774581..51774931	10.5263	.
B73_chr6	51764093	51777164	LTRRT_32176	B73_chr6	51773125	51773996	meth_B73.ref_B73_6:51773125..51773996	7.43802	.
B73_chr6	52234671	52257439	LTRRT_32188	B73_chr6	52235350	52236185	meth_B73.ref_B73_6:52235350..52236185	0.396825	.
B73_chr6	52234671	52257439	LTRRT_32188	B73_chr6	52253935	52254833	meth_B73.ref_B73_6:52253935..52254833	1.36799	.
B73_chr6	53712727	53719629	LTRRT_32224	B73_chr6	53713215	53713900	meth_B73.ref_B73_6:53713215..53713900	15.9046	.
B73_chr6	54324978	54338193	LTRRT_32235	B73_chr6	54327001	54327937	meth_B73.ref_B73_6:54327001..54327937	4.42804	.
B73_chr6	54324978	54338193	LTRRT_32235	B73_chr6	54334285	54335375	meth_B73.ref_B73_6:54334285..54335375	2.45902	.
B73_chr6	54847977	54861234	LTRRT_32250	B73_chr6	54860177	54860328	meth_B73.ref_B73_6:54860177..54860328	9.09091	.
B73_chr6	55700922	55710739	LTRRT_32270	B73_chr6	55701441	55702222	meth_B73.ref_B73_6:55701441..55702222	11.1111	.
B73_chr6	55700922	55710739	LTRRT_32270	B73_chr6	55708881	55709643	meth_B73.ref_B73_6:55708881..55709643	7.56579	.
B73_chr6	56386425	56398322	LTRRT_32279	B73_chr6	56387836	56388381	meth_B73.ref_B73_6:56387836..56388381	0.763359	.
B73_chr6	56386425	56398322	LTRRT_32279	B73_chr6	56396226	56396895	meth_B73.ref_B73_6:56396226..56396895	0.485437	.
B73_chr6	56386425	56398322	LTRRT_32279	B73_chr6	56397725	56398192	meth_B73.ref_B73_6:56397725..56398192	0	.
B73_chr6	57386837	57401875	LTRRT_32297	B73_chr6	57399694	57400007	meth_B73.ref_B73_6:57399694..57400007	15.0442	.
B73_chr6	57887055	57902611	LTRRT_32315	B73_chr6	57889703	57890019	meth_B73.ref_B73_6:57889703..57890019	4.78469	.
B73_chr6	57887055	57902611	LTRRT_32315	B73_chr6	57900577	57900751	meth_B73.ref_B73_6:57900577..57900751	7.31707	.
B73_chr6	58042271	58051449	LTRRT_32322	B73_chr6	58043244	58044222	meth_B73.ref_B73_6:58043244..58044222	6.07211	.
B73_chr6	58042271	58051449	LTRRT_32322	B73_chr6	58050076	58050862	meth_B73.ref_B73_6:58050076..58050862	6.26566	.
B73_chr6	58829925	58835285	LTRRT_32352	B73_chr6	58830191	58830476	meth_B73.ref_B73_6:58830191..58830476	10.7143	.
B73_chr6	59113685	59128007	LTRRT_32366	B73_chr6	59115378	59115532	meth_B73.ref_B73_6:59115378..59115532	9.375	.
B73_chr6	61476924	61489487	LTRRT_32422	B73_chr6	61478794	61480736	meth_B73.ref_B73_6:61478794..61480736	3.04325	.
B73_chr6	61489535	61492821	LTRRT_32424	B73_chr6	61490924	61492633	meth_B73.ref_B73_6:61490924..61492633	3.20887	.
B73_chr6	61489535	61492821	LTRRT_32424	B73_chr6	61492760	61493819	meth_B73.ref_B73_6:61492760..61493819	1.18694	.
B73_chr6	62258756	62274314	LTRRT_32448	B73_chr6	62271492	62271977	meth_B73.ref_B73_6:62271492..62271977	6.72646	.
B73_chr6	62395412	62400606	LTRRT_32451	B73_chr6	62400179	62400332	meth_B73.ref_B73_6:62400179..62400332	13.2743	.
B73_chr6	62496949	62503818	LTRRT_32455	B73_chr6	62495158	62496959	meth_B73.ref_B73_6:62495158..62496959	1.45929	.
B73_chr6	62496949	62503818	LTRRT_32455	B73_chr6	62502624	62502912	meth_B73.ref_B73_6:62502624..62502912	11.2745	.
B73_chr6	62977211	62982678	LTRRT_32467	B73_chr6	62975946	62977219	meth_B73.ref_B73_6:62975946..62977219	0.430416	.
B73_chr6	63413696	63422819	LTRRT_32475	B73_chr6	63415161	63415683	meth_B73.ref_B73_6:63415161..63415683	2.53807	.
B73_chr6	63413696	63422819	LTRRT_32475	B73_chr6	63421516	63422325	meth_B73.ref_B73_6:63421516..63422325	1.40351	.
B73_chr6	63820516	63827453	LTRRT_32481	B73_chr6	63821440	63821893	meth_B73.ref_B73_6:63821440..63821893	10.4265	.
B73_chr6	63820516	63827453	LTRRT_32481	B73_chr6	63826839	63827150	meth_B73.ref_B73_6:63826839..63827150	3.90625	.
B73_chr6	63940839	63950282	LTRRT_32487	B73_chr6	63943375	63943555	meth_B73.ref_B73_6:63943375..63943555	13.6364	.
B73_chr6	64666657	64675654	LTRRT_32503	B73_chr6	64667659	64668492	meth_B73.ref_B73_6:64667659..64668492	8.56611	.
B73_chr6	64666657	64675654	LTRRT_32503	B73_chr6	64674627	64675296	meth_B73.ref_B73_6:64674627..64675296	15.1869	.
B73_chr6	64706163	64721937	LTRRT_32504	B73_chr6	64707512	64708326	meth_B73.ref_B73_6:64707512..64708326	6.21302	.
B73_chr6	64706163	64721937	LTRRT_32504	B73_chr6	64720820	64721673	meth_B73.ref_B73_6:64720820..64721673	3.76176	.
B73_chr6	65095979	65109082	LTRRT_32516	B73_chr6	65096944	65097219	meth_B73.ref_B73_6:65096944..65097219	0	.
B73_chr6	65842608	65846376	LTRRT_32535	B73_chr6	65841600	65842654	meth_B73.ref_B73_6:65841600..65842654	0.853485	.
B73_chr6	66180219	66186453	LTRRT_32540	B73_chr6	66185872	66186046	meth_B73.ref_B73_6:66185872..66186046	0	.
B73_chr6	66187832	66201749	LTRRT_32541	B73_chr6	66189400	66189769	meth_B73.ref_B73_6:66189400..66189769	13.1944	.
B73_chr6	66187832	66201749	LTRRT_32541	B73_chr6	66197355	66197652	meth_B73.ref_B73_6:66197355..66197652	9.72222	.
B73_chr6	66187832	66201749	LTRRT_32541	B73_chr6	66198535	66199496	meth_B73.ref_B73_6:66198535..66199496	7.109	.
B73_chr6	66187832	66201749	LTRRT_32541	B73_chr6	66191043	66191758	meth_B73.ref_B73_6:66191043..66191758	7.3991	.
B73_chr6	66478929	66493830	LTRRT_32544	B73_chr6	66481231	66481412	meth_B73.ref_B73_6:66481231..66481412	15.3846	.
B73_chr6	66530659	66544135	LTRRT_32545	B73_chr6	66532739	66533826	meth_B73.ref_B73_6:66532739..66533826	10.9208	.
B73_chr6	66530659	66544135	LTRRT_32545	B73_chr6	66540700	66541074	meth_B73.ref_B73_6:66540700..66541074	11.5625	.
B73_chr6	66917756	66932182	LTRRT_32555	B73_chr6	66927076	66927240	meth_B73.ref_B73_6:66927076..66927240	16.2791	.
B73_chr6	68091667	68100832	LTRRT_32587	B73_chr6	68091466	68091705	meth_B73.ref_B73_6:68091466..68091705	4.30622	.
B73_chr6	68105497	68110748	LTRRT_32588	B73_chr6	68104959	68105558	meth_B73.ref_B73_6:68104959..68105558	2.47619	.
B73_chr6	68177929	68179667	LTRRT_32590	B73_chr6	68175413	68177985	meth_B73.ref_B73_6:68175413..68177985	0.943396	.
B73_chr6	68875023	68889165	LTRRT_32612	B73_chr6	68877079	68878027	meth_B73.ref_B73_6:68877079..68878027	2.14286	.
B73_chr6	68875023	68889165	LTRRT_32612	B73_chr6	68884988	68885907	meth_B73.ref_B73_6:68884988..68885907	2.88248	.
B73_chr6	69869672	69879986	LTRRT_32632	B73_chr6	69876845	69878088	meth_B73.ref_B73_6:69876845..69878088	8.4346	.
B73_chr6	70015705	70029244	LTRRT_32635	B73_chr6	70017604	70018803	meth_B73.ref_B73_6:70017604..70018803	3.125	.
B73_chr6	70015705	70029244	LTRRT_32635	B73_chr6	70025208	70026143	meth_B73.ref_B73_6:70025208..70026143	3.86007	.
B73_chr6	70179983	70186822	LTRRT_32640	B73_chr6	70181487	70182217	meth_B73.ref_B73_6:70181487..70182217	8.02469	.
B73_chr6	70179983	70186822	LTRRT_32640	B73_chr6	70185609	70186578	meth_B73.ref_B73_6:70185609..70186578	9.09091	.
B73_chr6	70421079	70431514	LTRRT_32650	B73_chr6	70423778	70424073	meth_B73.ref_B73_6:70423778..70424073	0	.
B73_chr6	70421079	70431514	LTRRT_32650	B73_chr6	70430734	70431067	meth_B73.ref_B73_6:70430734..70431067	0	.
B73_chr6	70747108	70753932	LTRRT_32657	B73_chr6	70748634	70749219	meth_B73.ref_B73_6:70748634..70749219	10.3044	.
B73_chr6	70933813	70943356	LTRRT_32662	B73_chr6	70934813	70936068	meth_B73.ref_B73_6:70934813..70936068	5.91716	.
B73_chr6	70933813	70943356	LTRRT_32662	B73_chr6	70937577	70937729	meth_B73.ref_B73_6:70937577..70937729	6.25	.
B73_chr6	70933813	70943356	LTRRT_32662	B73_chr6	70941708	70942792	meth_B73.ref_B73_6:70941708..70942792	3.55951	.
B73_chr6	71737854	71749814	LTRRT_32679	B73_chr6	71749802	71752690	meth_B73.ref_B73_6:71749802..71752690	0.381801	.
B73_chr6	71900409	71913545	LTRRT_32682	B73_chr6	71907585	71908754	meth_B73.ref_B73_6:71907585..71908754	1.38313	.
B73_chr6	71962039	71968880	LTRRT_32683	B73_chr6	71963420	71964119	meth_B73.ref_B73_6:71963420..71964119	3.4188	.
B73_chr6	71962039	71968880	LTRRT_32683	B73_chr6	71967706	71968488	meth_B73.ref_B73_6:71967706..71968488	5.19481	.
B73_chr6	72392947	72400112	LTRRT_32696	B73_chr6	72393490	72393717	meth_B73.ref_B73_6:72393490..72393717	14.375	.
B73_chr6	72392947	72400112	LTRRT_32696	B73_chr6	72399459	72399646	meth_B73.ref_B73_6:72399459..72399646	10.4167	.
B73_chr6	72534000	72545616	LTRRT_32700	B73_chr6	72534702	72535607	meth_B73.ref_B73_6:72534702..72535607	0.869565	.
B73_chr6	72534000	72545616	LTRRT_32700	B73_chr6	72542160	72543035	meth_B73.ref_B73_6:72542160..72543035	0.875657	.
B73_chr6	73604634	73610674	LTRRT_32717	B73_chr6	73603586	73604657	meth_B73.ref_B73_6:73603586..73604657	1.47601	.
B73_chr6	73604634	73610674	LTRRT_32717	B73_chr6	73604901	73605997	meth_B73.ref_B73_6:73604901..73605997	0.394945	.
B73_chr6	74048303	74055191	LTRRT_32728	B73_chr6	74049807	74050430	meth_B73.ref_B73_6:74049807..74050430	1.00251	.
B73_chr6	74048303	74055191	LTRRT_32728	B73_chr6	74054009	74054757	meth_B73.ref_B73_6:74054009..74054757	4.27136	.
B73_chr6	74279560	74287392	LTRRT_32733	B73_chr6	74281326	74282579	meth_B73.ref_B73_6:74281326..74282579	0	.
B73_chr6	74279560	74287392	LTRRT_32733	B73_chr6	74285963	74287252	meth_B73.ref_B73_6:74285963..74287252	0	.
B73_chr6	75023076	75029503	LTRRT_32750	B73_chr6	75028480	75028669	meth_B73.ref_B73_6:75028480..75028669	14.8148	.
B73_chr6	75620856	75631330	LTRRT_32766	B73_chr6	75626030	75626440	meth_B73.ref_B73_6:75626030..75626440	8.58209	.
B73_chr6	77207142	77218856	LTRRT_32796	B73_chr6	77209979	77211023	meth_B73.ref_B73_6:77209979..77211023	9.33735	.
B73_chr6	77207142	77218856	LTRRT_32796	B73_chr6	77211400	77212201	meth_B73.ref_B73_6:77211400..77212201	4.11568	.
B73_chr6	78695167	78709616	LTRRT_32831	B73_chr6	78696105	78696591	meth_B73.ref_B73_6:78696105..78696591	0.699301	.
B73_chr6	78695167	78709616	LTRRT_32831	B73_chr6	78704927	78705553	meth_B73.ref_B73_6:78704927..78705553	3.15789	.
B73_chr6	78907641	78921035	LTRRT_32834	B73_chr6	78906800	78907653	meth_B73.ref_B73_6:78906800..78907653	0.711744	.
B73_chr6	79593263	79600104	LTRRT_32852	B73_chr6	79594581	79595450	meth_B73.ref_B73_6:79594581..79595450	7.67947	.
B73_chr6	79593263	79600104	LTRRT_32852	B73_chr6	79598880	79599611	meth_B73.ref_B73_6:79598880..79599611	9.09091	.
B73_chr6	81817230	81832193	LTRRT_32899	B73_chr6	81819084	81819397	meth_B73.ref_B73_6:81819084..81819397	11.8519	.
B73_chr6	81817230	81832193	LTRRT_32899	B73_chr6	81829691	81829842	meth_B73.ref_B73_6:81829691..81829842	12.2222	.
B73_chr6	82530803	82536291	LTRRT_32912	B73_chr6	82529680	82530836	meth_B73.ref_B73_6:82529680..82530836	5.82524	.
B73_chr6	82805620	82815503	LTRRT_32918	B73_chr6	82806198	82807139	meth_B73.ref_B73_6:82806198..82807139	1.14068	.
B73_chr6	82805620	82815503	LTRRT_32918	B73_chr6	82812517	82813545	meth_B73.ref_B73_6:82812517..82813545	0.296736	.
B73_chr6	83003899	83019731	LTRRT_32922	B73_chr6	83010709	83011440	meth_B73.ref_B73_6:83010709..83011440	8.82353	.
B73_chr6	83003899	83019731	LTRRT_32922	B73_chr6	83014911	83015738	meth_B73.ref_B73_6:83014911..83015738	9.36768	.
B73_chr6	83074959	83081805	LTRRT_32927	B73_chr6	83076294	83076635	meth_B73.ref_B73_6:83076294..83076635	18.8679	.
B73_chr6	83345323	83350703	LTRRT_32940	B73_chr6	83350632	83352387	meth_B73.ref_B73_6:83350632..83352387	3.3406	.
B73_chr6	84496143	84500934	LTRRT_32963	B73_chr6	84500843	84501215	meth_B73.ref_B73_6:84500843..84501215	4.8951	.
B73_chr6	84523269	84534959	LTRRT_32965	B73_chr6	84529456	84529612	meth_B73.ref_B73_6:84529456..84529612	9.67742	.
B73_chr6	84854496	84860006	LTRRT_32972	B73_chr6	84853711	84854658	meth_B73.ref_B73_6:84853711..84854658	3.72836	.
B73_chr6	84854496	84860006	LTRRT_32972	B73_chr6	84859623	84862377	meth_B73.ref_B73_6:84859623..84862377	2.18905	.
B73_chr6	85063866	85075555	LTRRT_32977	B73_chr6	85068660	85068934	meth_B73.ref_B73_6:85068660..85068934	0	.
B73_chr6	85428042	85437202	LTRRT_32983	B73_chr6	85429045	85430032	meth_B73.ref_B73_6:85429045..85430032	4.58861	.
B73_chr6	85428042	85437202	LTRRT_32983	B73_chr6	85435708	85436813	meth_B73.ref_B73_6:85435708..85436813	6.57328	.
B73_chr6	85587014	85596357	LTRRT_32987	B73_chr6	85596299	85596808	meth_B73.ref_B73_6:85596299..85596808	3.18471	.
B73_chr6	85998518	86010410	LTRRT_32998	B73_chr6	86007902	86008183	meth_B73.ref_B73_6:86007902..86008183	0	.
B73_chr6	86416167	86423745	LTRRT_33007	B73_chr6	86417614	86417866	meth_B73.ref_B73_6:86417614..86417866	11.3924	.
B73_chr6	86416167	86423745	LTRRT_33007	B73_chr6	86423142	86423304	meth_B73.ref_B73_6:86423142..86423304	9.09091	.
B73_chr6	87064893	87079328	LTRRT_33023	B73_chr6	87068444	87069381	meth_B73.ref_B73_6:87068444..87069381	9.49949	.
B73_chr6	87064893	87079328	LTRRT_33023	B73_chr6	87076515	87077465	meth_B73.ref_B73_6:87076515..87077465	7.11382	.
B73_chr6	87128954	87141372	LTRRT_33025	B73_chr6	87131321	87131485	meth_B73.ref_B73_6:87131321..87131485	1.85185	.
B73_chr6	87128954	87141372	LTRRT_33025	B73_chr6	87131639	87131815	meth_B73.ref_B73_6:87131639..87131815	0	.
B73_chr6	87128954	87141372	LTRRT_33025	B73_chr6	87131933	87132314	meth_B73.ref_B73_6:87131933..87132314	14.2857	.
B73_chr6	87128954	87141372	LTRRT_33025	B73_chr6	87140035	87140419	meth_B73.ref_B73_6:87140035..87140419	10.2273	.
B73_chr6	87128954	87141372	LTRRT_33025	B73_chr6	87140676	87140876	meth_B73.ref_B73_6:87140676..87140876	0	.
B73_chr6	87797777	87806929	LTRRT_33041	B73_chr6	87798872	87799731	meth_B73.ref_B73_6:87798872..87799731	0.533333	.
B73_chr6	87797777	87806929	LTRRT_33041	B73_chr6	87805537	87806439	meth_B73.ref_B73_6:87805537..87806439	4.73186	.
B73_chr6	89142461	89156980	LTRRT_33075	B73_chr6	89145747	89147089	meth_B73.ref_B73_6:89145747..89147089	1.96078	.
B73_chr6	89142461	89156980	LTRRT_33075	B73_chr6	89154086	89154944	meth_B73.ref_B73_6:89154086..89154944	1.45985	.
B73_chr6	90400674	90410847	LTRRT_33102	B73_chr6	90401066	90402169	meth_B73.ref_B73_6:90401066..90402169	4.18848	.
B73_chr6	90400674	90410847	LTRRT_33102	B73_chr6	90408803	90409761	meth_B73.ref_B73_6:90408803..90409761	2.75735	.
B73_chr6	90636200	90645475	LTRRT_33109	B73_chr6	90636622	90637487	meth_B73.ref_B73_6:90636622..90637487	4.0747	.
B73_chr6	90636200	90645475	LTRRT_33109	B73_chr6	90643606	90644441	meth_B73.ref_B73_6:90643606..90644441	3.63636	.
B73_chr6	91092980	91104590	LTRRT_33122	B73_chr6	91097801	91097969	meth_B73.ref_B73_6:91097801..91097969	12.9032	.
B73_chr6	91396296	91397970	LTRRT_33132	B73_chr6	91397896	91399501	meth_B73.ref_B73_6:91397896..91399501	0.24855	.
B73_chr6	91574252	91583785	LTRRT_33135	B73_chr6	91575342	91576440	meth_B73.ref_B73_6:91575342..91576440	5.07614	.
B73_chr6	91574252	91583785	LTRRT_33135	B73_chr6	91582101	91583283	meth_B73.ref_B73_6:91582101..91583283	3.80623	.
B73_chr6	91825593	91834717	LTRRT_33141	B73_chr6	91833407	91833603	meth_B73.ref_B73_6:91833407..91833603	11.5385	.
B73_chr6	92657588	92666482	LTRRT_33154	B73_chr6	92657078	92657624	meth_B73.ref_B73_6:92657078..92657624	1.41414	.
B73_chr6	93193059	93200984	LTRRT_33166	B73_chr6	93200218	93200397	meth_B73.ref_B73_6:93200218..93200397	17.1123	.
B73_chr6	93982557	93998930	LTRRT_33189	B73_chr6	93983610	93983935	meth_B73.ref_B73_6:93983610..93983935	4.44444	.
B73_chr6	93982557	93998930	LTRRT_33189	B73_chr6	93998301	93998627	meth_B73.ref_B73_6:93998301..93998627	4.69484	.
B73_chr6	94147603	94152723	LTRRT_33194	B73_chr6	94146774	94155760	meth_B73.ref_B73_6:94146774..94155760	0.857535	.
B73_chr6	95297827	95307573	LTRRT_33228	B73_chr6	95298335	95299087	meth_B73.ref_B73_6:95298335..95299087	6.66667	.
B73_chr6	95297827	95307573	LTRRT_33228	B73_chr6	95305594	95306453	meth_B73.ref_B73_6:95305594..95306453	3.79965	.
B73_chr6	95856579	95862181	LTRRT_33244	B73_chr6	95852973	95856636	meth_B73.ref_B73_6:95852973..95856636	1.97993	.
B73_chr6	95856579	95862181	LTRRT_33244	B73_chr6	95862081	95864543	meth_B73.ref_B73_6:95862081..95864543	1.59614	.
B73_chr6	96110666	96120781	LTRRT_33252	B73_chr6	96112030	96112381	meth_B73.ref_B73_6:96112030..96112381	0	.
B73_chr6	96110666	96120781	LTRRT_33252	B73_chr6	96113141	96113501	meth_B73.ref_B73_6:96113141..96113501	0	.
B73_chr6	96110666	96120781	LTRRT_33252	B73_chr6	96119960	96120631	meth_B73.ref_B73_6:96119960..96120631	0	.
B73_chr6	96146987	96160502	LTRRT_33254	B73_chr6	96152704	96153468	meth_B73.ref_B73_6:96152704..96153468	2.40385	.
B73_chr6	97751039	97761508	LTRRT_33297	B73_chr6	97759441	97759884	meth_B73.ref_B73_6:97759441..97759884	2.35294	.
B73_chr6	98934730	98949684	LTRRT_33324	B73_chr6	98947220	98947434	meth_B73.ref_B73_6:98947220..98947434	15.3846	.
B73_chr6	99020166	99032089	LTRRT_33326	B73_chr6	99028422	99029846	meth_B73.ref_B73_6:99028422..99029846	0.158353	.
B73_chr6	99662476	99678038	LTRRT_33342	B73_chr6	99665123	99665297	meth_B73.ref_B73_6:99665123..99665297	7.51445	.
B73_chr6	99662476	99678038	LTRRT_33342	B73_chr6	99676001	99676175	meth_B73.ref_B73_6:99676001..99676175	8.05369	.
B73_chr6	99811060	99824865	LTRRT_33348	B73_chr6	99813328	99813582	meth_B73.ref_B73_6:99813328..99813582	16.0784	.
B73_chr6	99811060	99824865	LTRRT_33348	B73_chr6	99813980	99814276	meth_B73.ref_B73_6:99813980..99814276	11.3475	.
B73_chr6	99811060	99824865	LTRRT_33348	B73_chr6	99815056	99815435	meth_B73.ref_B73_6:99815056..99815435	4.05405	.
B73_chr6	99811060	99824865	LTRRT_33348	B73_chr6	99821244	99821946	meth_B73.ref_B73_6:99821244..99821946	12.4074	.
B73_chr6	99811060	99824865	LTRRT_33348	B73_chr6	99822806	99823038	meth_B73.ref_B73_6:99822806..99823038	4.87805	.
B73_chr6	100347481	100361139	LTRRT_33363	B73_chr6	100349548	100350432	meth_B73.ref_B73_6:100349548..100350432	5.57129	.
B73_chr6	100347481	100361139	LTRRT_33363	B73_chr6	100356684	100358227	meth_B73.ref_B73_6:100356684..100358227	8.65842	.
B73_chr6	100450674	100455948	LTRRT_33365	B73_chr6	100450120	100450738	meth_B73.ref_B73_6:100450120..100450738	1.14504	.
B73_chr6	102178377	102187536	LTRRT_33406	B73_chr6	102187469	102188729	meth_B73.ref_B73_6:102187469..102188729	2.46126	.
B73_chr6	102543563	102555469	LTRRT_33419	B73_chr6	102546496	102547278	meth_B73.ref_B73_6:102546496..102547278	3.14136	.
B73_chr6	102543563	102555469	LTRRT_33419	B73_chr6	102554119	102555099	meth_B73.ref_B73_6:102554119..102555099	3.0086	.
B73_chr6	102600820	102612502	LTRRT_33420	B73_chr6	102601497	102602637	meth_B73.ref_B73_6:102601497..102602637	0.882724	.
B73_chr6	102600820	102612502	LTRRT_33420	B73_chr6	102608760	102609928	meth_B73.ref_B73_6:102608760..102609928	2.82776	.
B73_chr6	102965457	102978825	LTRRT_33430	B73_chr6	102966091	102966688	meth_B73.ref_B73_6:102966091..102966688	1.47783	.
B73_chr6	103065890	103076752	LTRRT_33432	B73_chr6	103074971	103075275	meth_B73.ref_B73_6:103074971..103075275	7.14286	.
B73_chr6	103488963	103500642	LTRRT_33443	B73_chr6	103500633	103503984	meth_B73.ref_B73_6:103500633..103503984	0.890132	.
B73_chr6	103565194	103572564	LTRRT_33446	B73_chr6	103564117	103565427	meth_B73.ref_B73_6:103564117..103565427	2.93427	.
B73_chr6	104613294	104622635	LTRRT_33470	B73_chr6	104622605	104625173	meth_B73.ref_B73_6:104622605..104625173	2.13904	.
B73_chr6	105130598	105143733	LTRRT_33481	B73_chr6	105142643	105142922	meth_B73.ref_B73_6:105142643..105142922	14.2857	.
B73_chr6	105279294	105294699	LTRRT_33484	B73_chr6	105281078	105281252	meth_B73.ref_B73_6:105281078..105281252	13.1579	.
B73_chr6	105279294	105294699	LTRRT_33484	B73_chr6	105291879	105292051	meth_B73.ref_B73_6:105291879..105292051	6.45161	.
B73_chr6	106208770	106214533	LTRRT_33506	B73_chr6	106208331	106208798	meth_B73.ref_B73_6:106208331..106208798	4.26829	.
B73_chr6	106208770	106214533	LTRRT_33506	B73_chr6	106214531	106215674	meth_B73.ref_B73_6:106214531..106215674	3.10174	.
B73_chr6	106337438	106351321	LTRRT_33508	B73_chr6	106339422	106339662	meth_B73.ref_B73_6:106339422..106339662	11.9048	.
B73_chr6	106700370	106711695	LTRRT_33518	B73_chr6	106703177	106704397	meth_B73.ref_B73_6:106703177..106704397	0.802407	.
B73_chr6	106700370	106711695	LTRRT_33518	B73_chr6	106710299	106711418	meth_B73.ref_B73_6:106710299..106711418	0.131234	.
B73_chr6	107472341	107481442	LTRRT_33541	B73_chr6	107472837	107473717	meth_B73.ref_B73_6:107472837..107473717	11.6071	.
B73_chr6	107472341	107481442	LTRRT_33541	B73_chr6	107479448	107479701	meth_B73.ref_B73_6:107479448..107479701	4.91803	.
B73_chr6	107472341	107481442	LTRRT_33541	B73_chr6	107479774	107480294	meth_B73.ref_B73_6:107479774..107480294	7.30594	.
B73_chr6	107918191	107925572	LTRRT_33557	B73_chr6	107916231	107918203	meth_B73.ref_B73_6:107916231..107918203	1.50892	.
B73_chr6	107918191	107925572	LTRRT_33557	B73_chr6	107924373	107925387	meth_B73.ref_B73_6:107924373..107925387	0.605013	.
B73_chr6	108562530	108578085	LTRRT_33575	B73_chr6	108565179	108565353	meth_B73.ref_B73_6:108565179..108565353	18.75	.
B73_chr6	109137649	109154163	LTRRT_33591	B73_chr6	109138681	109139635	meth_B73.ref_B73_6:109138681..109139635	3.87481	.
B73_chr6	109137649	109154163	LTRRT_33591	B73_chr6	109152702	109153809	meth_B73.ref_B73_6:109152702..109153809	5.04673	.
B73_chr6	109342704	109352498	LTRRT_33597	B73_chr6	109343823	109344575	meth_B73.ref_B73_6:109343823..109344575	7.97101	.
B73_chr6	109342704	109352498	LTRRT_33597	B73_chr6	109351208	109352110	meth_B73.ref_B73_6:109351208..109352110	3.82353	.
B73_chr6	109692579	109703952	LTRRT_33602	B73_chr6	109700326	109700506	meth_B73.ref_B73_6:109700326..109700506	3.7037	.
B73_chr6	109956802	109970168	LTRRT_33607	B73_chr6	109957863	109958044	meth_B73.ref_B73_6:109957863..109958044	11.5385	.
B73_chr6	109956802	109970168	LTRRT_33607	B73_chr6	109967632	109967928	meth_B73.ref_B73_6:109967632..109967928	7.14286	.
B73_chr6	111029222	111038435	LTRRT_33633	B73_chr6	111029728	111030390	meth_B73.ref_B73_6:111029728..111030390	4.78261	.
B73_chr6	111029222	111038435	LTRRT_33633	B73_chr6	111036640	111037197	meth_B73.ref_B73_6:111036640..111037197	1.0453	.
B73_chr6	111081584	111095336	LTRRT_33634	B73_chr6	111095330	111095912	meth_B73.ref_B73_6:111095330..111095912	0.930233	.
B73_chr6	111471031	111480865	LTRRT_33641	B73_chr6	111471415	111472361	meth_B73.ref_B73_6:111471415..111472361	3.10559	.
B73_chr6	111471031	111480865	LTRRT_33641	B73_chr6	111479070	111479724	meth_B73.ref_B73_6:111479070..111479724	2.41935	.
B73_chr6	112105100	112114255	LTRRT_33653	B73_chr6	112105441	112106559	meth_B73.ref_B73_6:112105441..112106559	2.34043	.
B73_chr6	112105100	112114255	LTRRT_33653	B73_chr6	112112262	112113218	meth_B73.ref_B73_6:112112262..112113218	5.4902	.
B73_chr6	113880680	113887533	LTRRT_33698	B73_chr6	113878139	113880698	meth_B73.ref_B73_6:113878139..113880698	1.01587	.
B73_chr6	113880680	113887533	LTRRT_33698	B73_chr6	113887495	113890586	meth_B73.ref_B73_6:113887495..113890586	0.417827	.
B73_chr6	115143007	115155018	LTRRT_33725	B73_chr6	115145356	115146593	meth_B73.ref_B73_6:115145356..115146593	0.458716	.
B73_chr6	115143007	115155018	LTRRT_33725	B73_chr6	115152954	115154103	meth_B73.ref_B73_6:115152954..115154103	3.16456	.
B73_chr6	115601698	115617102	LTRRT_33733	B73_chr6	115603480	115603652	meth_B73.ref_B73_6:115603480..115603652	11.5789	.
B73_chr6	115601698	115617102	LTRRT_33733	B73_chr6	115614013	115614452	meth_B73.ref_B73_6:115614013..115614452	10.1124	.
B73_chr6	115876654	115883838	LTRRT_33739	B73_chr6	115881986	115884174	meth_B73.ref_B73_6:115881986..115884174	2.64778	.
B73_chr6	116051081	116058292	LTRRT_33742	B73_chr6	116050482	116051163	meth_B73.ref_B73_6:116050482..116051163	0.974026	.
B73_chr6	116661223	116664100	LTRRT_33759	B73_chr6	116663993	116665423	meth_B73.ref_B73_6:116663993..116665423	2.9361	.
B73_chr6	117957872	117963030	LTRRT_33791	B73_chr6	117957522	117957900	meth_B73.ref_B73_6:117957522..117957900	0.512821	.
B73_chr6	118088088	118099149	LTRRT_33792	B73_chr6	118098363	118098808	meth_B73.ref_B73_6:118098363..118098808	3.77358	.
B73_chr6	118863405	118872680	LTRRT_33811	B73_chr6	118870621	118870776	meth_B73.ref_B73_6:118870621..118870776	7.14286	.
B73_chr6	119130076	119142221	LTRRT_33819	B73_chr6	119138943	119139168	meth_B73.ref_B73_6:119138943..119139168	0	.
B73_chr6	119608906	119615100	LTRRT_33832	B73_chr6	119613890	119614617	meth_B73.ref_B73_6:119613890..119614617	2.77108	.
B73_chr6	120382157	120392774	LTRRT_33850	B73_chr6	120382427	120383623	meth_B73.ref_B73_6:120382427..120383623	1.42857	.
B73_chr6	120627796	120633796	LTRRT_33856	B73_chr6	120632763	120633395	meth_B73.ref_B73_6:120632763..120633395	1.14679	.
B73_chr6	121198050	121204730	LTRRT_33868	B73_chr6	121204701	121205779	meth_B73.ref_B73_6:121204701..121205779	4.6729	.
B73_chr6	122384255	122390038	LTRRT_33898	B73_chr6	122376675	122384470	meth_B73.ref_B73_6:122376675..122384470	0.69077	.
B73_chr6	122384255	122390038	LTRRT_33898	B73_chr6	122390010	122394038	meth_B73.ref_B73_6:122390010..122394038	0.827626	.
B73_chr6	122571198	122586569	LTRRT_33900	B73_chr6	122573846	122574020	meth_B73.ref_B73_6:122573846..122574020	5	.
B73_chr6	122571198	122586569	LTRRT_33900	B73_chr6	122584598	122584772	meth_B73.ref_B73_6:122584598..122584772	3.27869	.
B73_chr6	123285708	123290588	LTRRT_33918	B73_chr6	123287277	123287628	meth_B73.ref_B73_6:123287277..123287628	5.03597	.
B73_chr6	123485990	123492161	LTRRT_33922	B73_chr6	123492127	123493502	meth_B73.ref_B73_6:123492127..123493502	2.14797	.
B73_chr6	124267719	124276872	LTRRT_33943	B73_chr6	124269055	124269668	meth_B73.ref_B73_6:124269055..124269668	0	.
B73_chr6	124267719	124276872	LTRRT_33943	B73_chr6	124275754	124276379	meth_B73.ref_B73_6:124275754..124276379	3.09278	.
B73_chr6	125488956	125500545	LTRRT_33977	B73_chr6	125489466	125489811	meth_B73.ref_B73_6:125489466..125489811	2.7027	.
B73_chr6	125488956	125500545	LTRRT_33977	B73_chr6	125496499	125496839	meth_B73.ref_B73_6:125496499..125496839	1.69492	.
B73_chr6	125524602	125540183	LTRRT_33979	B73_chr6	125538135	125538297	meth_B73.ref_B73_6:125538135..125538297	9.28962	.
B73_chr6	126166094	126182621	LTRRT_33995	B73_chr6	126166433	126166678	meth_B73.ref_B73_6:126166433..126166678	11.8519	.
B73_chr6	126365129	126374575	LTRRT_33998	B73_chr6	126366505	126366991	meth_B73.ref_B73_6:126366505..126366991	6.77966	.
B73_chr6	126365129	126374575	LTRRT_33998	B73_chr6	126373337	126374086	meth_B73.ref_B73_6:126373337..126374086	1.36986	.
B73_chr6	128928163	128938984	LTRRT_34057	B73_chr6	128937295	128937877	meth_B73.ref_B73_6:128937295..128937877	13.0268	.
B73_chr6	129897564	129906343	LTRRT_34082	B73_chr6	129905557	129905755	meth_B73.ref_B73_6:129905557..129905755	9.52381	.
B73_chr6	130047437	130063001	LTRRT_34085	B73_chr6	130049898	130050260	meth_B73.ref_B73_6:130049898..130050260	16.6667	.
B73_chr6	130801609	130811895	LTRRT_34104	B73_chr6	130808704	130808945	meth_B73.ref_B73_6:130808704..130808945	11.4286	.
B73_chr6	130834598	130846921	LTRRT_34106	B73_chr6	130838953	130839109	meth_B73.ref_B73_6:130838953..130839109	5.43478	.
B73_chr6	130834598	130846921	LTRRT_34106	B73_chr6	130843400	130843574	meth_B73.ref_B73_6:130843400..130843574	14.6465	.
B73_chr6	130834598	130846921	LTRRT_34106	B73_chr6	130846903	130847148	meth_B73.ref_B73_6:130846903..130847148	1.03093	.
B73_chr6	131731189	131740398	LTRRT_34128	B73_chr6	131733614	131733830	meth_B73.ref_B73_6:131733614..131733830	17.0213	.
B73_chr6	133169257	133173665	LTRRT_34160	B73_chr6	133173653	133176715	meth_B73.ref_B73_6:133173653..133176715	0.407257	.
B73_chr6	133169257	133173665	LTRRT_34160	B73_chr6	133167794	133169587	meth_B73.ref_B73_6:133167794..133169587	2.30665	.
B73_chr6	134696042	134705361	LTRRT_34194	B73_chr6	134705019	134705275	meth_B73.ref_B73_6:134705019..134705275	17.5258	.
B73_chr6	134962930	134974947	LTRRT_34199	B73_chr6	134969667	134969857	meth_B73.ref_B73_6:134969667..134969857	12.5	.
B73_chr6	136475861	136480920	LTRRT_34238	B73_chr6	136480360	136480598	meth_B73.ref_B73_6:136480360..136480598	18.6275	.
B73_chr6	137085126	137100152	LTRRT_34254	B73_chr6	137086996	137087148	meth_B73.ref_B73_6:137086996..137087148	16.6667	.
B73_chr6	137465339	137475725	LTRRT_34264	B73_chr6	137468196	137468696	meth_B73.ref_B73_6:137468196..137468696	5.88235	.
B73_chr6	138061185	138082477	LTRRT_34284	B73_chr6	138063688	138064504	meth_B73.ref_B73_6:138063688..138064504	0	.
B73_chr6	138061185	138082477	LTRRT_34284	B73_chr6	138064685	138064854	meth_B73.ref_B73_6:138064685..138064854	0	.
B73_chr6	138061185	138082477	LTRRT_34284	B73_chr6	138073935	138074154	meth_B73.ref_B73_6:138073935..138074154	15.3846	.
B73_chr6	138061185	138082477	LTRRT_34284	B73_chr6	138080521	138081497	meth_B73.ref_B73_6:138080521..138081497	0.490196	.
B73_chr6	138394208	138399390	LTRRT_34295	B73_chr6	138391955	138394428	meth_B73.ref_B73_6:138391955..138394428	1.15607	.
B73_chr6	138394208	138399390	LTRRT_34295	B73_chr6	138399342	138400535	meth_B73.ref_B73_6:138399342..138400535	2.18295	.
B73_chr6	139578617	139593581	LTRRT_34315	B73_chr6	139580504	139580743	meth_B73.ref_B73_6:139580504..139580743	6.77966	.
B73_chr6	141454996	141461942	LTRRT_34349	B73_chr6	141461314	141461637	meth_B73.ref_B73_6:141461314..141461637	8.84956	.
B73_chr6	141614429	141623976	LTRRT_34354	B73_chr6	141614938	141616123	meth_B73.ref_B73_6:141614938..141616123	3.25048	.
B73_chr6	141614429	141623976	LTRRT_34354	B73_chr6	141621836	141622808	meth_B73.ref_B73_6:141621836..141622808	0.609756	.
B73_chr6	141867022	141872350	LTRRT_34360	B73_chr6	141862402	141867204	meth_B73.ref_B73_6:141862402..141867204	0.930742	.
B73_chr6	141867022	141872350	LTRRT_34360	B73_chr6	141872337	141874445	meth_B73.ref_B73_6:141872337..141874445	1.2987	.
B73_chr6	144616063	144623450	LTRRT_34425	B73_chr6	144621795	144622768	meth_B73.ref_B73_6:144621795..144622768	3.74065	.
B73_chr6	144616063	144623450	LTRRT_34425	B73_chr6	144623294	144624069	meth_B73.ref_B73_6:144623294..144624069	5.59284	.
B73_chr6	145344407	145346313	LTRRT_34448	B73_chr6	145343707	145344449	meth_B73.ref_B73_6:145343707..145344449	6.81234	.
B73_chr6	145683480	145695865	LTRRT_34457	B73_chr6	145695039	145695247	meth_B73.ref_B73_6:145695039..145695247	2.12766	.
B73_chr6	146685888	146697279	LTRRT_34474	B73_chr6	146695506	146696597	meth_B73.ref_B73_6:146695506..146696597	0.956284	.
B73_chr6	147691771	147707068	LTRRT_34496	B73_chr6	147694021	147695308	meth_B73.ref_B73_6:147694021..147695308	1.47679	.
B73_chr6	147965933	147981326	LTRRT_34502	B73_chr6	147967711	147967885	meth_B73.ref_B73_6:147967711..147967885	6.07735	.
B73_chr6	147965933	147981326	LTRRT_34502	B73_chr6	147978500	147978862	meth_B73.ref_B73_6:147978500..147978862	2.15827	.
B73_chr6	148102986	148109829	LTRRT_34506	B73_chr6	148104529	148104716	meth_B73.ref_B73_6:148104529..148104716	0	.
B73_chr6	148102986	148109829	LTRRT_34506	B73_chr6	148104809	148105024	meth_B73.ref_B73_6:148104809..148105024	11.1111	.
B73_chr6	148102986	148109829	LTRRT_34506	B73_chr6	148109098	148109351	meth_B73.ref_B73_6:148109098..148109351	0	.
B73_chr6	148626893	148638981	LTRRT_34523	B73_chr6	148637063	148637320	meth_B73.ref_B73_6:148637063..148637320	0	.
B73_chr6	148656966	148665075	LTRRT_34524	B73_chr6	148657771	148657930	meth_B73.ref_B73_6:148657771..148657930	5.40541	.
B73_chr6	149194285	149203587	LTRRT_34540	B73_chr6	149203505	149204378	meth_B73.ref_B73_6:149203505..149204378	0.666667	.
B73_chr6	149398887	149403499	LTRRT_34545	B73_chr6	149403435	149404296	meth_B73.ref_B73_6:149403435..149404296	1.5894	.
B73_chr6	149480827	149485529	LTRRT_34548	B73_chr6	149485406	149486120	meth_B73.ref_B73_6:149485406..149486120	4.2623	.
B73_chr6	149520655	149541393	LTRRT_34549	B73_chr6	149521398	149522383	meth_B73.ref_B73_6:149521398..149522383	0	.
B73_chr6	149520655	149541393	LTRRT_34549	B73_chr6	149537750	149538757	meth_B73.ref_B73_6:149537750..149538757	3.1746	.
B73_chr6	149799482	149811440	LTRRT_34553	B73_chr6	149798129	149799499	meth_B73.ref_B73_6:149798129..149799499	2.11132	.
B73_chr6	151008475	151010452	LTRRT_34582	B73_chr6	151010371	151012304	meth_B73.ref_B73_6:151010371..151012304	1.61054	.
B73_chr6	151065092	151074361	LTRRT_34585	B73_chr6	151064192	151065280	meth_B73.ref_B73_6:151064192..151065280	4.37788	.
B73_chr6	151203187	151212752	LTRRT_34587	B73_chr6	151209885	151210048	meth_B73.ref_B73_6:151209885..151210048	16.6667	.
B73_chr6	151447178	151453665	LTRRT_34596	B73_chr6	151445509	151447203	meth_B73.ref_B73_6:151445509..151447203	0.585138	.
B73_chr6	151930337	151939675	LTRRT_34609	B73_chr6	151939668	151940260	meth_B73.ref_B73_6:151939668..151940260	1.15942	.
B73_chr6	153050927	153061133	LTRRT_34634	B73_chr6	153050298	153050939	meth_B73.ref_B73_6:153050298..153050939	4.72637	.
B73_chr6	153282910	153298308	LTRRT_34637	B73_chr6	153296219	153296530	meth_B73.ref_B73_6:153296219..153296530	13.3333	.
B73_chr6	153634695	153637562	LTRRT_34648	B73_chr6	153634542	153634831	meth_B73.ref_B73_6:153634542..153634831	17.4242	.
B73_chr6	153634695	153637562	LTRRT_34648	B73_chr6	153635222	153635459	meth_B73.ref_B73_6:153635222..153635459	9.94475	.
B73_chr6	153634695	153637562	LTRRT_34648	B73_chr6	153637476	153640380	meth_B73.ref_B73_6:153637476..153640380	0.878349	.
B73_chr6	153785068	153790210	LTRRT_34650	B73_chr6	153790161	153793255	meth_B73.ref_B73_6:153790161..153793255	0.41632	.
B73_chr6	154808998	154820747	LTRRT_34680	B73_chr6	154820741	154825061	meth_B73.ref_B73_6:154820741..154825061	1.15661	.
B73_chr6	155398114	155411685	LTRRT_34692	B73_chr6	155409548	155409711	meth_B73.ref_B73_6:155409548..155409711	13.0435	.
B73_chr6	155988663	155993748	LTRRT_34711	B73_chr6	155989246	155989663	meth_B73.ref_B73_6:155989246..155989663	2.0979	.
B73_chr6	156226675	156236027	LTRRT_34716	B73_chr6	156235123	156235309	meth_B73.ref_B73_6:156235123..156235309	15.3846	.
B73_chr6	156425693	156440486	LTRRT_34718	B73_chr6	156424421	156425774	meth_B73.ref_B73_6:156424421..156425774	0.407332	.
B73_chr6	158137139	158143121	LTRRT_34761	B73_chr6	158134561	158137180	meth_B73.ref_B73_6:158134561..158137180	1.60514	.
B73_chr6	159330241	159346479	LTRRT_34793	B73_chr6	159329088	159330415	meth_B73.ref_B73_6:159329088..159330415	1.45068	.
B73_chr6	160163260	160172497	LTRRT_34811	B73_chr6	160170859	160171107	meth_B73.ref_B73_6:160170859..160171107	12.5	.
B73_chr6	160211466	160217676	LTRRT_34813	B73_chr6	160217653	160218383	meth_B73.ref_B73_6:160217653..160218383	1.70828	.
B73_chr6	161381323	161386472	LTRRT_34849	B73_chr6	161379120	161381488	meth_B73.ref_B73_6:161379120..161381488	2.1148	.
B73_chr6	161490622	161499958	LTRRT_34855	B73_chr6	161495388	161495647	meth_B73.ref_B73_6:161495388..161495647	17.0732	.
B73_chr6	161626117	161639536	LTRRT_34859	B73_chr6	161626327	161626709	meth_B73.ref_B73_6:161626327..161626709	16.129	.
B73_chr6	161626117	161639536	LTRRT_34859	B73_chr6	161638472	161638646	meth_B73.ref_B73_6:161638472..161638646	17.3913	.
B73_chr6	161778461	161787796	LTRRT_34865	B73_chr6	161786376	161786537	meth_B73.ref_B73_6:161786376..161786537	11.9048	.
B73_chr6	162864554	162866613	LTRRT_34897	B73_chr6	162866523	162870518	meth_B73.ref_B73_6:162866523..162870518	1.12518	.
B73_chr6	163133135	163144562	LTRRT_34907	B73_chr6	163143722	163143877	meth_B73.ref_B73_6:163143722..163143877	15.1515	.
B73_chr6	163341813	163343630	LTRRT_34914	B73_chr6	163333495	163341858	meth_B73.ref_B73_6:163333495..163341858	0.382729	.
B73_chr6	164143173	164157064	LTRRT_34936	B73_chr6	164144927	164145463	meth_B73.ref_B73_6:164144927..164145463	0	.
B73_chr6	164143173	164157064	LTRRT_34936	B73_chr6	164153133	164153745	meth_B73.ref_B73_6:164153133..164153745	0	.
B73_chr6	164143173	164157064	LTRRT_34936	B73_chr6	164154808	164154993	meth_B73.ref_B73_6:164154808..164154993	0	.
B73_chr6	164683562	164688679	LTRRT_34951	B73_chr6	164688425	164698515	meth_B73.ref_B73_6:164688425..164698515	0.759406	.
B73_chr6	167685123	167695902	LTRRT_35008	B73_chr6	167685291	167685831	meth_B73.ref_B73_6:167685291..167685831	0	.
B73_chr6	167685123	167695902	LTRRT_35008	B73_chr6	167692139	167692633	meth_B73.ref_B73_6:167692139..167692633	0	.
B73_chr6	168606976	168611186	LTRRT_35030	B73_chr6	168604790	168607003	meth_B73.ref_B73_6:168604790..168607003	2.75182	.
B73_chr6	168685892	168693098	LTRRT_35032	B73_chr6	168692982	168693518	meth_B73.ref_B73_6:168692982..168693518	4.97382	.
B73_chr6	169183367	169196698	LTRRT_35046	B73_chr6	169186456	169186614	meth_B73.ref_B73_6:169186456..169186614	0	.
B73_chr6	170443978	170457742	LTRRT_35076	B73_chr6	170456975	170457136	meth_B73.ref_B73_6:170456975..170457136	0	.
B73_chr6	170711648	170716794	LTRRT_35082	B73_chr6	170711385	170711697	meth_B73.ref_B73_6:170711385..170711697	3.125	.
B73_chr6	170711648	170716794	LTRRT_35082	B73_chr6	170716741	170717042	meth_B73.ref_B73_6:170716741..170717042	4.72973	.
B73_chr6	171139136	171153276	LTRRT_35091	B73_chr6	171146088	171147317	meth_B73.ref_B73_6:171146088..171147317	1.868	.
B73_chr6	172188578	172202020	LTRRT_35120	B73_chr6	172201430	172205992	meth_B73.ref_B73_6:172201430..172205992	1.21481	.
B73_chr6	172808227	172823635	LTRRT_35140	B73_chr6	172810878	172811052	meth_B73.ref_B73_6:172810878..172811052	7.87402	.
B73_chr6	172808227	172823635	LTRRT_35140	B73_chr6	172821679	172821851	meth_B73.ref_B73_6:172821679..172821851	10.7143	.
B73_chr6	173122727	173126019	LTRRT_35148	B73_chr6	173121968	173122758	meth_B73.ref_B73_6:173121968..173122758	5.81818	.
B73_chr6	173126474	173132078	LTRRT_35149	B73_chr6	173132005	173132776	meth_B73.ref_B73_6:173132005..173132776	2.98851	.
B73_chr6	173927520	173939942	LTRRT_35165	B73_chr6	173933716	173933873	meth_B73.ref_B73_6:173933716..173933873	7.46269	.
B73_chr6	174533927	174538685	LTRRT_35181	B73_chr6	174530860	174533946	meth_B73.ref_B73_6:174530860..174533946	0.79466	.
B73_chr6	175835789	175841873	LTRRT_35214	B73_chr6	175840560	175841606	meth_B73.ref_B73_6:175840560..175841606	1.0661	.
B73_chr6	175835789	175841873	LTRRT_35214	B73_chr6	175841849	175842342	meth_B73.ref_B73_6:175841849..175842342	5.17241	.
B73_chr6	176019009	176020824	LTRRT_35219	B73_chr6	176012541	176019029	meth_B73.ref_B73_6:176012541..176019029	0.988722	.
B73_chr6	177017738	177022596	LTRRT_35238	B73_chr6	177017050	177017776	meth_B73.ref_B73_6:177017050..177017776	2.5974	.
B73_chr6	177544304	177556017	LTRRT_35252	B73_chr6	177540694	177544351	meth_B73.ref_B73_6:177540694..177544351	0.624783	.
B73_chr6	178027166	178029048	LTRRT_35268	B73_chr6	178028845	178029691	meth_B73.ref_B73_6:178028845..178029691	1.65441	.
B73_chr6	178035377	178050200	LTRRT_35269	B73_chr6	178050101	178057926	meth_B73.ref_B73_6:178050101..178057926	0.511001	.
B73_chr6	178062281	178067302	LTRRT_35271	B73_chr6	178066557	178068121	meth_B73.ref_B73_6:178066557..178068121	2.82209	.
B73_chr6	178274104	178279869	LTRRT_35277	B73_chr6	178271661	178274121	meth_B73.ref_B73_6:178271661..178274121	0.597907	.
B73_chr6	178274104	178279869	LTRRT_35277	B73_chr6	178277984	178278758	meth_B73.ref_B73_6:178277984..178278758	1.61663	.
B73_chr6	178274104	178279869	LTRRT_35277	B73_chr6	178279284	178279678	meth_B73.ref_B73_6:178279284..178279678	3.10345	.
B73_chr6	178274104	178279869	LTRRT_35277	B73_chr6	178279825	178281294	meth_B73.ref_B73_6:178279825..178281294	1.53928	.
B73_chr6	178487373	178495216	LTRRT_35283	B73_chr6	178481319	178487375	meth_B73.ref_B73_6:178481319..178487375	0.492424	.
B73_chr6	178740886	178746126	LTRRT_35290	B73_chr6	178739775	178741057	meth_B73.ref_B73_6:178739775..178741057	5.11296	.
B73_chr6	179202078	179207231	LTRRT_35301	B73_chr6	179201529	179202120	meth_B73.ref_B73_6:179201529..179202120	2.84153	.
B73_chr6	180668601	180679872	LTRRT_35331	B73_chr6	180669476	180670285	meth_B73.ref_B73_6:180669476..180670285	1.7991	.
B73_chr6	180668601	180679872	LTRRT_35331	B73_chr6	180676602	180677515	meth_B73.ref_B73_6:180676602..180677515	1.49477	.
B73_chr7	668551	675581	LTRRT_35362	B73_chr7	674915	675066	meth_B73.ref_B73_7:674915..675066	9.2437	.
B73_chr7	1151047	1159101	LTRRT_35374	B73_chr7	1147659	1151059	meth_B73.ref_B73_7:1147659..1151059	0.884376	.
B73_chr7	1151047	1159101	LTRRT_35374	B73_chr7	1158264	1158473	meth_B73.ref_B73_7:1158264..1158473	8.33333	.
B73_chr7	1546179	1553783	LTRRT_35383	B73_chr7	1544193	1546213	meth_B73.ref_B73_7:1544193..1546213	1.00358	.
B73_chr7	1889568	1905149	LTRRT_35394	B73_chr7	1903106	1903264	meth_B73.ref_B73_7:1903106..1903264	8.88889	.
B73_chr7	1889568	1905149	LTRRT_35394	B73_chr7	1900465	1900856	meth_B73.ref_B73_7:1900465..1900856	7.5	.
B73_chr7	2625535	2631063	LTRRT_35416	B73_chr7	2624055	2629778	meth_B73.ref_B73_7:2624055..2629778	2.70658	.
B73_chr7	2625535	2631063	LTRRT_35416	B73_chr7	2630876	2634865	meth_B73.ref_B73_7:2630876..2634865	1.10406	.
B73_chr7	2788052	2798608	LTRRT_35420	B73_chr7	2796491	2801487	meth_B73.ref_B73_7:2796491..2801487	0.628759	.
B73_chr7	3010111	3017037	LTRRT_35429	B73_chr7	3016407	3016734	meth_B73.ref_B73_7:3016407..3016734	12.381	.
B73_chr7	4579806	4588481	LTRRT_35460	B73_chr7	4580814	4581795	meth_B73.ref_B73_7:4580814..4581795	2.78373	.
B73_chr7	4579806	4588481	LTRRT_35460	B73_chr7	4587139	4588114	meth_B73.ref_B73_7:4587139..4588114	1.38249	.
B73_chr7	4943576	4956014	LTRRT_35467	B73_chr7	4946240	4946459	meth_B73.ref_B73_7:4946240..4946459	5.88235	.
B73_chr7	4943576	4956014	LTRRT_35467	B73_chr7	4954530	4954702	meth_B73.ref_B73_7:4954530..4954702	17.3913	.
B73_chr7	5600292	5609643	LTRRT_35483	B73_chr7	5609420	5609725	meth_B73.ref_B73_7:5609420..5609725	6.46154	.
B73_chr7	5638253	5643448	LTRRT_35485	B73_chr7	5637299	5638318	meth_B73.ref_B73_7:5637299..5638318	3.05011	.
B73_chr7	6630390	6633438	LTRRT_35506	B73_chr7	6630017	6634145	meth_B73.ref_B73_7:6630017..6634145	0.792896	.
B73_chr7	6700552	6708371	LTRRT_35507	B73_chr7	6708216	6712246	meth_B73.ref_B73_7:6708216..6712246	0.327373	.
B73_chr7	7736353	7738236	LTRRT_35539	B73_chr7	7738204	7745059	meth_B73.ref_B73_7:7738204..7745059	0.453172	.
B73_chr7	7835769	7849702	LTRRT_35542	B73_chr7	7839382	7840998	meth_B73.ref_B73_7:7839382..7840998	2.14395	.
B73_chr7	7872812	7875985	LTRRT_35543	B73_chr7	7872369	7872846	meth_B73.ref_B73_7:7872369..7872846	3.39426	.
B73_chr7	8054873	8065052	LTRRT_35549	B73_chr7	8055382	8056367	meth_B73.ref_B73_7:8055382..8056367	3.94737	.
B73_chr7	8054873	8065052	LTRRT_35549	B73_chr7	8063060	8063997	meth_B73.ref_B73_7:8063060..8063997	1.77165	.
B73_chr7	8367187	8372375	LTRRT_35559	B73_chr7	8362073	8367220	meth_B73.ref_B73_7:8362073..8367220	0.870536	.
B73_chr7	9351238	9360515	LTRRT_35586	B73_chr7	9356532	9356690	meth_B73.ref_B73_7:9356532..9356690	11.1111	.
B73_chr7	9434292	9442373	LTRRT_35589	B73_chr7	9434120	9434294	meth_B73.ref_B73_7:9434120..9434294	0	.
B73_chr7	9483839	9498191	LTRRT_35591	B73_chr7	9482848	9483841	meth_B73.ref_B73_7:9482848..9483841	0	.
B73_chr7	9508035	9513491	LTRRT_35593	B73_chr7	9507561	9508100	meth_B73.ref_B73_7:9507561..9508100	2.50329	.
B73_chr7	9508035	9513491	LTRRT_35593	B73_chr7	9513384	9514537	meth_B73.ref_B73_7:9513384..9514537	2.04415	.
B73_chr7	9635896	9645031	LTRRT_35595	B73_chr7	9636944	9637886	meth_B73.ref_B73_7:9636944..9637886	2.98013	.
B73_chr7	9635896	9645031	LTRRT_35595	B73_chr7	9643648	9644482	meth_B73.ref_B73_7:9643648..9644482	7.1618	.
B73_chr7	12374055	12389013	LTRRT_35656	B73_chr7	12376021	12376553	meth_B73.ref_B73_7:12376021..12376553	12	.
B73_chr7	13453434	13460278	LTRRT_35670	B73_chr7	13459224	13459845	meth_B73.ref_B73_7:13459224..13459845	5.62701	.
B73_chr7	14669147	14672767	LTRRT_35694	B73_chr7	14667506	14669175	meth_B73.ref_B73_7:14667506..14669175	0.755124	.
B73_chr7	14824049	14835997	LTRRT_35699	B73_chr7	14825790	14826356	meth_B73.ref_B73_7:14825790..14826356	3.94089	.
B73_chr7	14824049	14835997	LTRRT_35699	B73_chr7	14833334	14833932	meth_B73.ref_B73_7:14833334..14833932	6.54206	.
B73_chr7	15325026	15338557	LTRRT_35711	B73_chr7	15337020	15337213	meth_B73.ref_B73_7:15337020..15337213	8.57143	.
B73_chr7	16243855	16253658	LTRRT_35732	B73_chr7	16244957	16245807	meth_B73.ref_B73_7:16244957..16245807	6.05505	.
B73_chr7	16243855	16253658	LTRRT_35732	B73_chr7	16252386	16253261	meth_B73.ref_B73_7:16252386..16253261	8.46457	.
B73_chr7	16316863	16326389	LTRRT_35735	B73_chr7	16324925	16326043	meth_B73.ref_B73_7:16324925..16326043	1.28755	.
B73_chr7	16316863	16326389	LTRRT_35735	B73_chr7	16317994	16319036	meth_B73.ref_B73_7:16317994..16319036	3.68509	.
B73_chr7	16551343	16565480	LTRRT_35739	B73_chr7	16564348	16565080	meth_B73.ref_B73_7:16564348..16565080	0.961538	.
B73_chr7	16565937	16577450	LTRRT_35741	B73_chr7	16565480	16565957	meth_B73.ref_B73_7:16565480..16565957	1.19048	.
B73_chr7	16614209	16629609	LTRRT_35742	B73_chr7	16616723	16617021	meth_B73.ref_B73_7:16616723..16617021	11.8881	.
B73_chr7	16673092	16686842	LTRRT_35744	B73_chr7	16685801	16685975	meth_B73.ref_B73_7:16685801..16685975	8.33333	.
B73_chr7	17210431	17217280	LTRRT_35758	B73_chr7	17211323	17211655	meth_B73.ref_B73_7:17211323..17211655	16.0714	.
B73_chr7	17210431	17217280	LTRRT_35758	B73_chr7	17215551	17215934	meth_B73.ref_B73_7:17215551..17215934	10.9091	.
B73_chr7	17229396	17245252	LTRRT_35759	B73_chr7	17232609	17232870	meth_B73.ref_B73_7:17232609..17232870	12.069	.
B73_chr7	17229396	17245252	LTRRT_35759	B73_chr7	17236725	17236913	meth_B73.ref_B73_7:17236725..17236913	7.89474	.
B73_chr7	17229396	17245252	LTRRT_35759	B73_chr7	17236985	17237287	meth_B73.ref_B73_7:17236985..17237287	7.54717	.
B73_chr7	18165453	18176215	LTRRT_35781	B73_chr7	18174950	18175106	meth_B73.ref_B73_7:18174950..18175106	15.6863	.
B73_chr7	20505288	20510497	LTRRT_35830	B73_chr7	20505533	20505722	meth_B73.ref_B73_7:20505533..20505722	12.6667	.
B73_chr7	20505288	20510497	LTRRT_35830	B73_chr7	20506742	20506967	meth_B73.ref_B73_7:20506742..20506967	17.6471	.
B73_chr7	20505288	20510497	LTRRT_35830	B73_chr7	20509901	20510061	meth_B73.ref_B73_7:20509901..20510061	14.5455	.
B73_chr7	20665586	20670776	LTRRT_35837	B73_chr7	20663486	20665905	meth_B73.ref_B73_7:20663486..20665905	1.5634	.
B73_chr7	20665586	20670776	LTRRT_35837	B73_chr7	20665914	20669864	meth_B73.ref_B73_7:20665914..20669864	4.34298	.
B73_chr7	20665586	20670776	LTRRT_35837	B73_chr7	20670121	20673613	meth_B73.ref_B73_7:20670121..20673613	1.88679	.
B73_chr7	21855103	21864327	LTRRT_35864	B73_chr7	21862532	21863322	meth_B73.ref_B73_7:21862532..21863322	6.8323	.
B73_chr7	21855103	21864327	LTRRT_35864	B73_chr7	21855611	21856394	meth_B73.ref_B73_7:21855611..21856394	8.67347	.
B73_chr7	22398019	22410838	LTRRT_35874	B73_chr7	22398534	22399446	meth_B73.ref_B73_7:22398534..22399446	1.73913	.
B73_chr7	22398019	22410838	LTRRT_35874	B73_chr7	22405419	22406275	meth_B73.ref_B73_7:22405419..22406275	0	.
B73_chr7	22398019	22410838	LTRRT_35874	B73_chr7	22406878	22407049	meth_B73.ref_B73_7:22406878..22407049	0	.
B73_chr7	22828391	22833985	LTRRT_35888	B73_chr7	22833885	22834976	meth_B73.ref_B73_7:22833885..22834976	1.58582	.
B73_chr7	22835032	22845753	LTRRT_35889	B73_chr7	22837731	22839402	meth_B73.ref_B73_7:22837731..22839402	1.22249	.
B73_chr7	22917900	22941232	LTRRT_35892	B73_chr7	22919749	22919934	meth_B73.ref_B73_7:22919749..22919934	6.86275	.
B73_chr7	22973639	22987907	LTRRT_35894	B73_chr7	22977124	22977316	meth_B73.ref_B73_7:22977124..22977316	10	.
B73_chr7	22973639	22987907	LTRRT_35894	B73_chr7	22977746	22977917	meth_B73.ref_B73_7:22977746..22977917	8.88889	.
B73_chr7	22973639	22987907	LTRRT_35894	B73_chr7	22984973	22985392	meth_B73.ref_B73_7:22984973..22985392	10.7345	.
B73_chr7	22973639	22987907	LTRRT_35894	B73_chr7	22985535	22985738	meth_B73.ref_B73_7:22985535..22985738	9.7561	.
B73_chr7	23201670	23213579	LTRRT_35901	B73_chr7	23202536	23203472	meth_B73.ref_B73_7:23202536..23203472	1.14548	.
B73_chr7	23201670	23213579	LTRRT_35901	B73_chr7	23210104	23211054	meth_B73.ref_B73_7:23210104..23211054	0.598802	.
B73_chr7	23883322	23890218	LTRRT_35919	B73_chr7	23884656	23885528	meth_B73.ref_B73_7:23884656..23885528	4.36187	.
B73_chr7	23883322	23890218	LTRRT_35919	B73_chr7	23888967	23889791	meth_B73.ref_B73_7:23888967..23889791	9.00763	.
B73_chr7	24356399	24371379	LTRRT_35927	B73_chr7	24369349	24369521	meth_B73.ref_B73_7:24369349..24369521	15.7895	.
B73_chr7	24506609	24516434	LTRRT_35932	B73_chr7	24508303	24509363	meth_B73.ref_B73_7:24508303..24509363	2.89179	.
B73_chr7	24506609	24516434	LTRRT_35932	B73_chr7	24514874	24516090	meth_B73.ref_B73_7:24514874..24516090	1.02326	.
B73_chr7	24620010	24628289	LTRRT_35936	B73_chr7	24628221	24629406	meth_B73.ref_B73_7:24628221..24629406	0.903862	.
B73_chr7	24944206	24955723	LTRRT_35946	B73_chr7	24944930	24945985	meth_B73.ref_B73_7:24944930..24945985	2.77136	.
B73_chr7	24944206	24955723	LTRRT_35946	B73_chr7	24952333	24953315	meth_B73.ref_B73_7:24952333..24953315	2.8866	.
B73_chr7	25333306	25343770	LTRRT_35961	B73_chr7	25342087	25343492	meth_B73.ref_B73_7:25342087..25343492	0.309119	.
B73_chr7	26238447	26245294	LTRRT_35991	B73_chr7	26238204	26238488	meth_B73.ref_B73_7:26238204..26238488	0	.
B73_chr7	26238447	26245294	LTRRT_35991	B73_chr7	26239052	26239671	meth_B73.ref_B73_7:26239052..26239671	9.26829	.
B73_chr7	26238447	26245294	LTRRT_35991	B73_chr7	26243216	26243793	meth_B73.ref_B73_7:26243216..26243793	5.82011	.
B73_chr7	26487354	26502342	LTRRT_35998	B73_chr7	26497990	26498434	meth_B73.ref_B73_7:26497990..26498434	15.3846	.
B73_chr7	26822587	26832014	LTRRT_36008	B73_chr7	26831978	26832236	meth_B73.ref_B73_7:26831978..26832236	12.2449	.
B73_chr7	27480654	27494175	LTRRT_36027	B73_chr7	27483029	27484000	meth_B73.ref_B73_7:27483029..27484000	3.39893	.
B73_chr7	27480654	27494175	LTRRT_36027	B73_chr7	27491277	27492248	meth_B73.ref_B73_7:27491277..27492248	5.74018	.
B73_chr7	27731612	27747698	LTRRT_36032	B73_chr7	27739299	27740016	meth_B73.ref_B73_7:27739299..27740016	15.2096	.
B73_chr7	29092968	29101376	LTRRT_36054	B73_chr7	29098046	29099556	meth_B73.ref_B73_7:29098046..29099556	0.862895	.
B73_chr7	30828463	30837902	LTRRT_36092	B73_chr7	30835142	30835320	meth_B73.ref_B73_7:30835142..30835320	9.67742	.
B73_chr7	30864527	30871534	LTRRT_36093	B73_chr7	30866032	30866413	meth_B73.ref_B73_7:30866032..30866413	9.97191	.
B73_chr7	30864527	30871534	LTRRT_36093	B73_chr7	30870420	30870576	meth_B73.ref_B73_7:30870420..30870576	9.70149	.
B73_chr7	30880718	30897484	LTRRT_36094	B73_chr7	30888242	30888458	meth_B73.ref_B73_7:30888242..30888458	19.2771	.
B73_chr7	30987886	31002014	LTRRT_36098	B73_chr7	30991284	30992196	meth_B73.ref_B73_7:30991284..30992196	17.5751	.
B73_chr7	30987886	31002014	LTRRT_36098	B73_chr7	30998939	31000110	meth_B73.ref_B73_7:30998939..31000110	11.2717	.
B73_chr7	31553797	31568071	LTRRT_36112	B73_chr7	31568040	31568762	meth_B73.ref_B73_7:31568040..31568762	1.18694	.
B73_chr7	31765029	31774968	LTRRT_36118	B73_chr7	31772011	31772558	meth_B73.ref_B73_7:31772011..31772558	10.9015	.
B73_chr7	32695491	32704995	LTRRT_36142	B73_chr7	32700377	32700557	meth_B73.ref_B73_7:32700377..32700557	13.6364	.
B73_chr7	33390231	33399370	LTRRT_36158	B73_chr7	33391399	33392384	meth_B73.ref_B73_7:33391399..33392384	3.37079	.
B73_chr7	33390231	33399370	LTRRT_36158	B73_chr7	33398120	33398822	meth_B73.ref_B73_7:33398120..33398822	3.1746	.
B73_chr7	33701459	33716857	LTRRT_36167	B73_chr7	33704200	33704549	meth_B73.ref_B73_7:33704200..33704549	0	.
B73_chr7	33701459	33716857	LTRRT_36167	B73_chr7	33714905	33715079	meth_B73.ref_B73_7:33714905..33715079	2.98507	.
B73_chr7	33922440	33938017	LTRRT_36172	B73_chr7	33925091	33925253	meth_B73.ref_B73_7:33925091..33925253	7.37705	.
B73_chr7	34491992	34495610	LTRRT_36187	B73_chr7	34495588	34503878	meth_B73.ref_B73_7:34495588..34503878	0.339452	.
B73_chr7	35681302	35690756	LTRRT_36220	B73_chr7	35689623	35690042	meth_B73.ref_B73_7:35689623..35690042	16.6667	.
B73_chr7	35743322	35758723	LTRRT_36222	B73_chr7	35745102	35745274	meth_B73.ref_B73_7:35745102..35745274	2.63158	.
B73_chr7	36283035	36297370	LTRRT_36235	B73_chr7	36296081	36296552	meth_B73.ref_B73_7:36296081..36296552	0	.
B73_chr7	36967470	36974294	LTRRT_36248	B73_chr7	36967945	36968293	meth_B73.ref_B73_7:36967945..36968293	0	.
B73_chr7	36967470	36974294	LTRRT_36248	B73_chr7	36972219	36972481	meth_B73.ref_B73_7:36972219..36972481	0	.
B73_chr7	37300725	37309874	LTRRT_36260	B73_chr7	37301230	37302188	meth_B73.ref_B73_7:37301230..37302188	3.39213	.
B73_chr7	37300725	37309874	LTRRT_36260	B73_chr7	37306148	37306310	meth_B73.ref_B73_7:37306148..37306310	3.44828	.
B73_chr7	37300725	37309874	LTRRT_36260	B73_chr7	37307880	37308865	meth_B73.ref_B73_7:37307880..37308865	4.16667	.
B73_chr7	37633029	37637768	LTRRT_36267	B73_chr7	37637742	37641750	meth_B73.ref_B73_7:37637742..37641750	0.580322	.
B73_chr7	38183587	38198981	LTRRT_36282	B73_chr7	38186100	38186411	meth_B73.ref_B73_7:38186100..38186411	5.83333	.
B73_chr7	38183587	38198981	LTRRT_36282	B73_chr7	38197028	38197202	meth_B73.ref_B73_7:38197028..38197202	11.25	.
B73_chr7	39360808	39380456	LTRRT_36312	B73_chr7	39376691	39377655	meth_B73.ref_B73_7:39376691..39377655	4.92308	.
B73_chr7	39360808	39380456	LTRRT_36312	B73_chr7	39378070	39378637	meth_B73.ref_B73_7:39378070..39378637	9.23077	.
B73_chr7	39360808	39380456	LTRRT_36312	B73_chr7	39379323	39379519	meth_B73.ref_B73_7:39379323..39379519	4.5977	.
B73_chr7	39616938	39623779	LTRRT_36317	B73_chr7	39617376	39618002	meth_B73.ref_B73_7:39617376..39618002	10.3611	.
B73_chr7	39616938	39623779	LTRRT_36317	B73_chr7	39621658	39622266	meth_B73.ref_B73_7:39621658..39622266	8.22981	.
B73_chr7	39850954	39856125	LTRRT_36322	B73_chr7	39851291	39851580	meth_B73.ref_B73_7:39851291..39851580	16.4835	.
B73_chr7	39850954	39856125	LTRRT_36322	B73_chr7	39855572	39855880	meth_B73.ref_B73_7:39855572..39855880	17.757	.
B73_chr7	39968596	39976289	LTRRT_36325	B73_chr7	39976197	39976955	meth_B73.ref_B73_7:39976197..39976955	3.66972	.
B73_chr7	40317984	40331857	LTRRT_36330	B73_chr7	40322100	40322265	meth_B73.ref_B73_7:40322100..40322265	9.67742	.
B73_chr7	40367609	40371878	LTRRT_36331	B73_chr7	40371859	40375158	meth_B73.ref_B73_7:40371859..40375158	0.501623	.
B73_chr7	40481731	40488648	LTRRT_36335	B73_chr7	40482033	40482377	meth_B73.ref_B73_7:40482033..40482377	6.86275	.
B73_chr7	40481731	40488648	LTRRT_36335	B73_chr7	40487287	40487639	meth_B73.ref_B73_7:40487287..40487639	8.69565	.
B73_chr7	40514999	40522029	LTRRT_36336	B73_chr7	40521265	40521441	meth_B73.ref_B73_7:40521265..40521441	9.6	.
B73_chr7	40563468	40581300	LTRRT_36338	B73_chr7	40566688	40567682	meth_B73.ref_B73_7:40566688..40567682	2.0284	.
B73_chr7	40917858	40933255	LTRRT_36346	B73_chr7	40931301	40931475	meth_B73.ref_B73_7:40931301..40931475	10.5263	.
B73_chr7	41374690	41383856	LTRRT_36356	B73_chr7	41375247	41376159	meth_B73.ref_B73_7:41375247..41376159	6.88202	.
B73_chr7	41374690	41383856	LTRRT_36356	B73_chr7	41381955	41382849	meth_B73.ref_B73_7:41381955..41382849	5.62061	.
B73_chr7	42560534	42575932	LTRRT_36380	B73_chr7	42563183	42563357	meth_B73.ref_B73_7:42563183..42563357	5.95238	.
B73_chr7	43527199	43536725	LTRRT_36400	B73_chr7	43527191	43528659	meth_B73.ref_B73_7:43527191..43528659	0.131062	.
B73_chr7	43527199	43536725	LTRRT_36400	B73_chr7	43533943	43535089	meth_B73.ref_B73_7:43533943..43535089	0.260078	.
B73_chr7	46484012	46489078	LTRRT_36468	B73_chr7	46481984	46484056	meth_B73.ref_B73_7:46481984..46484056	1.20192	.
B73_chr7	46748576	46759054	LTRRT_36477	B73_chr7	46748667	46749320	meth_B73.ref_B73_7:46748667..46749320	0.813008	.
B73_chr7	47146081	47158596	LTRRT_36484	B73_chr7	47146689	47147971	meth_B73.ref_B73_7:47146689..47147971	0.518135	.
B73_chr7	47252252	47263930	LTRRT_36487	B73_chr7	47260843	47261030	meth_B73.ref_B73_7:47260843..47261030	18.75	.
B73_chr7	47416684	47426880	LTRRT_36491	B73_chr7	47417208	47418161	meth_B73.ref_B73_7:47417208..47418161	1.40127	.
B73_chr7	47416684	47426880	LTRRT_36491	B73_chr7	47424838	47425788	meth_B73.ref_B73_7:47424838..47425788	4.16667	.
B73_chr7	47487468	47496546	LTRRT_36494	B73_chr7	47487891	47488854	meth_B73.ref_B73_7:47487891..47488854	1.417	.
B73_chr7	47487468	47496546	LTRRT_36494	B73_chr7	47494340	47495454	meth_B73.ref_B73_7:47494340..47495454	5.11945	.
B73_chr7	47789170	47794356	LTRRT_36500	B73_chr7	47786208	47789203	meth_B73.ref_B73_7:47786208..47789203	1.12923	.
B73_chr7	47855454	47869716	LTRRT_36502	B73_chr7	47865448	47866675	meth_B73.ref_B73_7:47865448..47866675	2.70833	.
B73_chr7	47855454	47869716	LTRRT_36502	B73_chr7	47857473	47858404	meth_B73.ref_B73_7:47857473..47858404	2.60586	.
B73_chr7	48565020	48567086	LTRRT_36519	B73_chr7	48566839	48569422	meth_B73.ref_B73_7:48566839..48569422	1.93798	.
B73_chr7	48565020	48567086	LTRRT_36519	B73_chr7	48556859	48565957	meth_B73.ref_B73_7:48556859..48565957	1.66122	.
B73_chr7	48733157	48740410	LTRRT_36525	B73_chr7	48732040	48733228	meth_B73.ref_B73_7:48732040..48733228	1.04322	.
B73_chr7	49443510	49458543	LTRRT_36539	B73_chr7	49445382	49445533	meth_B73.ref_B73_7:49445382..49445533	17.3913	.
B73_chr7	49531304	49544870	LTRRT_36542	B73_chr7	49534235	49534449	meth_B73.ref_B73_7:49534235..49534449	13.2353	.
B73_chr7	49531304	49544870	LTRRT_36542	B73_chr7	49534643	49535356	meth_B73.ref_B73_7:49534643..49535356	12.4842	.
B73_chr7	49531304	49544870	LTRRT_36542	B73_chr7	49541942	49542976	meth_B73.ref_B73_7:49541942..49542976	6.4693	.
B73_chr7	49562997	49574206	LTRRT_36543	B73_chr7	49572181	49572395	meth_B73.ref_B73_7:49572181..49572395	17.5781	.
B73_chr7	49673115	49682055	LTRRT_36544	B73_chr7	49675749	49675911	meth_B73.ref_B73_7:49675749..49675911	17.0732	.
B73_chr7	50853867	50863642	LTRRT_36569	B73_chr7	50854938	50855878	meth_B73.ref_B73_7:50854938..50855878	5.86667	.
B73_chr7	50853867	50863642	LTRRT_36569	B73_chr7	50862351	50863138	meth_B73.ref_B73_7:50862351..50863138	4.09982	.
B73_chr7	51463937	51477380	LTRRT_36585	B73_chr7	51469699	51469858	meth_B73.ref_B73_7:51469699..51469858	4.54545	.
B73_chr7	51481008	51497239	LTRRT_36586	B73_chr7	51486521	51487252	meth_B73.ref_B73_7:51486521..51487252	7.84314	.
B73_chr7	51481008	51497239	LTRRT_36586	B73_chr7	51490748	51491531	meth_B73.ref_B73_7:51490748..51491531	8.06794	.
B73_chr7	51866536	51881376	LTRRT_36594	B73_chr7	51878403	51878566	meth_B73.ref_B73_7:51878403..51878566	9.375	.
B73_chr7	51891137	51902720	LTRRT_36595	B73_chr7	51892512	51894033	meth_B73.ref_B73_7:51892512..51894033	0.818713	.
B73_chr7	52371312	52378209	LTRRT_36606	B73_chr7	52371608	52372554	meth_B73.ref_B73_7:52371608..52372554	4.5977	.
B73_chr7	52371312	52378209	LTRRT_36606	B73_chr7	52376051	52376832	meth_B73.ref_B73_7:52376051..52376832	7.08333	.
B73_chr7	52432602	52441202	LTRRT_36608	B73_chr7	52441193	52442051	meth_B73.ref_B73_7:52441193..52442051	2.31959	.
B73_chr7	54248530	54258717	LTRRT_36655	B73_chr7	54249053	54249707	meth_B73.ref_B73_7:54249053..54249707	0.289855	.
B73_chr7	54248530	54258717	LTRRT_36655	B73_chr7	54249800	54250029	meth_B73.ref_B73_7:54249800..54250029	4.93827	.
B73_chr7	54248530	54258717	LTRRT_36655	B73_chr7	54256683	54257613	meth_B73.ref_B73_7:54256683..54257613	6.31229	.
B73_chr7	54453728	54467967	LTRRT_36660	B73_chr7	54457028	54457362	meth_B73.ref_B73_7:54457028..54457362	9.12698	.
B73_chr7	54453728	54467967	LTRRT_36660	B73_chr7	54457668	54457962	meth_B73.ref_B73_7:54457668..54457962	15.5125	.
B73_chr7	54453728	54467967	LTRRT_36660	B73_chr7	54464988	54465324	meth_B73.ref_B73_7:54464988..54465324	10.3448	.
B73_chr7	54453728	54467967	LTRRT_36660	B73_chr7	54465381	54465841	meth_B73.ref_B73_7:54465381..54465841	17.6923	.
B73_chr7	54685963	54695251	LTRRT_36666	B73_chr7	54687002	54687952	meth_B73.ref_B73_7:54687002..54687952	3.8817	.
B73_chr7	54685963	54695251	LTRRT_36666	B73_chr7	54693915	54694674	meth_B73.ref_B73_7:54693915..54694674	3.55731	.
B73_chr7	54906698	54914344	LTRRT_36672	B73_chr7	54913913	54914077	meth_B73.ref_B73_7:54913913..54914077	8.60215	.
B73_chr7	54949886	54972019	LTRRT_36673	B73_chr7	54952228	54952387	meth_B73.ref_B73_7:54952228..54952387	18.5567	.
B73_chr7	54949886	54972019	LTRRT_36673	B73_chr7	54970004	54970162	meth_B73.ref_B73_7:54970004..54970162	14.1176	.
B73_chr7	55069157	55081355	LTRRT_36679	B73_chr7	55069809	55070829	meth_B73.ref_B73_7:55069809..55070829	0.19685	.
B73_chr7	55069157	55081355	LTRRT_36679	B73_chr7	55077143	55078190	meth_B73.ref_B73_7:55077143..55078190	1.88383	.
B73_chr7	56147335	56162938	LTRRT_36709	B73_chr7	56159294	56159454	meth_B73.ref_B73_7:56159294..56159454	6.45161	.
B73_chr7	56708652	56717383	LTRRT_36737	B73_chr7	56716970	56717158	meth_B73.ref_B73_7:56716970..56717158	12.1951	.
B73_chr7	56757660	56766798	LTRRT_36741	B73_chr7	56758208	56759018	meth_B73.ref_B73_7:56758208..56759018	4.85437	.
B73_chr7	56757660	56766798	LTRRT_36741	B73_chr7	56764695	56765483	meth_B73.ref_B73_7:56764695..56765483	8.98876	.
B73_chr7	56975201	56982763	LTRRT_36752	B73_chr7	56982100	56982320	meth_B73.ref_B73_7:56982100..56982320	0	.
B73_chr7	57032269	57039839	LTRRT_36753	B73_chr7	57039392	57039594	meth_B73.ref_B73_7:57039392..57039594	11.6279	.
B73_chr7	57155895	57160437	LTRRT_36756	B73_chr7	57156159	57156443	meth_B73.ref_B73_7:57156159..57156443	14.1026	.
B73_chr7	57155895	57160437	LTRRT_36756	B73_chr7	57157093	57157525	meth_B73.ref_B73_7:57157093..57157525	9.34579	.
B73_chr7	57155895	57160437	LTRRT_36756	B73_chr7	57159601	57159992	meth_B73.ref_B73_7:57159601..57159992	6.09756	.
B73_chr7	57458557	57471882	LTRRT_36766	B73_chr7	57471488	57471657	meth_B73.ref_B73_7:57471488..57471657	17.5676	.
B73_chr7	57780222	57794650	LTRRT_36778	B73_chr7	57782615	57782787	meth_B73.ref_B73_7:57782615..57782787	13.6364	.
B73_chr7	58270377	58277233	LTRRT_36793	B73_chr7	58277028	58277210	meth_B73.ref_B73_7:58277028..58277210	11.3208	.
B73_chr7	58291260	58305402	LTRRT_36794	B73_chr7	58301591	58302316	meth_B73.ref_B73_7:58301591..58302316	10.2178	.
B73_chr7	58291260	58305402	LTRRT_36794	B73_chr7	58293728	58294445	meth_B73.ref_B73_7:58293728..58294445	6.62768	.
B73_chr7	59768801	59777927	LTRRT_36826	B73_chr7	59769363	59770111	meth_B73.ref_B73_7:59769363..59770111	3.31126	.
B73_chr7	59768801	59777927	LTRRT_36826	B73_chr7	59776140	59776879	meth_B73.ref_B73_7:59776140..59776879	2.62295	.
B73_chr7	59786527	59799037	LTRRT_36827	B73_chr7	59796615	59796813	meth_B73.ref_B73_7:59796615..59796813	0	.
B73_chr7	60042303	60055622	LTRRT_36837	B73_chr7	60054782	60055110	meth_B73.ref_B73_7:60054782..60055110	10.1449	.
B73_chr7	60309188	60318511	LTRRT_36843	B73_chr7	60317500	60317663	meth_B73.ref_B73_7:60317500..60317663	18.4211	.
B73_chr7	60621152	60627661	LTRRT_36847	B73_chr7	60627621	60628415	meth_B73.ref_B73_7:60627621..60628415	0.991736	.
B73_chr7	61025186	61037335	LTRRT_36857	B73_chr7	61030688	61031840	meth_B73.ref_B73_7:61030688..61031840	4.88215	.
B73_chr7	61204518	61214113	LTRRT_36861	B73_chr7	61214091	61216504	meth_B73.ref_B73_7:61214091..61216504	1.59574	.
B73_chr7	62313799	62328133	LTRRT_36884	B73_chr7	62316975	62318227	meth_B73.ref_B73_7:62316975..62318227	3.10945	.
B73_chr7	62313799	62328133	LTRRT_36884	B73_chr7	62324991	62326245	meth_B73.ref_B73_7:62324991..62326245	3.7182	.
B73_chr7	62379105	62392151	LTRRT_36886	B73_chr7	62380544	62382340	meth_B73.ref_B73_7:62380544..62382340	3.98406	.
B73_chr7	62379105	62392151	LTRRT_36886	B73_chr7	62387761	62388213	meth_B73.ref_B73_7:62387761..62388213	1.71674	.
B73_chr7	62379105	62392151	LTRRT_36886	B73_chr7	62388385	62388538	meth_B73.ref_B73_7:62388385..62388538	3.7037	.
B73_chr7	62379105	62392151	LTRRT_36886	B73_chr7	62388777	62389789	meth_B73.ref_B73_7:62388777..62389789	4.1225	.
B73_chr7	63416766	63426564	LTRRT_36911	B73_chr7	63417849	63418753	meth_B73.ref_B73_7:63417849..63418753	5.84416	.
B73_chr7	63416766	63426564	LTRRT_36911	B73_chr7	63425274	63426064	meth_B73.ref_B73_7:63425274..63426064	5.19231	.
B73_chr7	63891537	63903252	LTRRT_36922	B73_chr7	63892485	63893083	meth_B73.ref_B73_7:63892485..63893083	3.41463	.
B73_chr7	63891537	63903252	LTRRT_36922	B73_chr7	63899940	63900574	meth_B73.ref_B73_7:63899940..63900574	5.00715	.
B73_chr7	64544656	64551500	LTRRT_36935	B73_chr7	64546040	64546817	meth_B73.ref_B73_7:64546040..64546817	8.54871	.
B73_chr7	64544656	64551500	LTRRT_36935	B73_chr7	64550290	64550971	meth_B73.ref_B73_7:64550290..64550971	6.69643	.
B73_chr7	65489906	65506371	LTRRT_36956	B73_chr7	65490297	65491370	meth_B73.ref_B73_7:65490297..65491370	3.71846	.
B73_chr7	65489906	65506371	LTRRT_36956	B73_chr7	65504300	65505370	meth_B73.ref_B73_7:65504300..65505370	2.70636	.
B73_chr7	66892988	66899817	LTRRT_36990	B73_chr7	66893630	66893818	meth_B73.ref_B73_7:66893630..66893818	9.375	.
B73_chr7	66892988	66899817	LTRRT_36990	B73_chr7	66893856	66894153	meth_B73.ref_B73_7:66893856..66894153	19.3966	.
B73_chr7	66892988	66899817	LTRRT_36990	B73_chr7	66897655	66898620	meth_B73.ref_B73_7:66897655..66898620	6.98577	.
B73_chr7	67587097	67602500	LTRRT_37001	B73_chr7	67600359	67600658	meth_B73.ref_B73_7:67600359..67600658	16.2162	.
B73_chr7	68200644	68209664	LTRRT_37013	B73_chr7	68201069	68201233	meth_B73.ref_B73_7:68201069..68201233	14.2857	.
B73_chr7	68714663	68721486	LTRRT_37023	B73_chr7	68716431	68716822	meth_B73.ref_B73_7:68716431..68716822	1.23457	.
B73_chr7	68714663	68721486	LTRRT_37023	B73_chr7	68720520	68721094	meth_B73.ref_B73_7:68720520..68721094	3.33333	.
B73_chr7	68753446	68762723	LTRRT_37025	B73_chr7	68754025	68754209	meth_B73.ref_B73_7:68754025..68754209	8	.
B73_chr7	68753446	68762723	LTRRT_37025	B73_chr7	68754273	68754522	meth_B73.ref_B73_7:68754273..68754522	12.1019	.
B73_chr7	68753446	68762723	LTRRT_37025	B73_chr7	68760929	68761686	meth_B73.ref_B73_7:68760929..68761686	3.79747	.
B73_chr7	68789781	68805513	LTRRT_37026	B73_chr7	68801696	68802026	meth_B73.ref_B73_7:68801696..68802026	11.7647	.
B73_chr7	68975125	68982025	LTRRT_37033	B73_chr7	68975939	68976374	meth_B73.ref_B73_7:68975939..68976374	10.1382	.
B73_chr7	68975125	68982025	LTRRT_37033	B73_chr7	68980161	68980570	meth_B73.ref_B73_7:68980161..68980570	11.0236	.
B73_chr7	69136450	69151555	LTRRT_37038	B73_chr7	69140857	69141195	meth_B73.ref_B73_7:69140857..69141195	9.00621	.
B73_chr7	69136450	69151555	LTRRT_37038	B73_chr7	69141622	69142172	meth_B73.ref_B73_7:69141622..69142172	2.89017	.
B73_chr7	69390633	69400449	LTRRT_37044	B73_chr7	69392120	69393426	meth_B73.ref_B73_7:69392120..69393426	0	.
B73_chr7	70070096	70082689	LTRRT_37059	B73_chr7	70082138	70082529	meth_B73.ref_B73_7:70082138..70082529	16.6667	.
B73_chr7	70569821	70581359	LTRRT_37069	B73_chr7	70580527	70580873	meth_B73.ref_B73_7:70580527..70580873	10.6796	.
B73_chr7	70657590	70672233	LTRRT_37073	B73_chr7	70659502	70660848	meth_B73.ref_B73_7:70659502..70660848	7.96748	.
B73_chr7	70657590	70672233	LTRRT_37073	B73_chr7	70661880	70662335	meth_B73.ref_B73_7:70661880..70662335	15.5844	.
B73_chr7	70657590	70672233	LTRRT_37073	B73_chr7	70667965	70668530	meth_B73.ref_B73_7:70667965..70668530	11.8976	.
B73_chr7	70657590	70672233	LTRRT_37073	B73_chr7	70668600	70668964	meth_B73.ref_B73_7:70668600..70668964	9.63855	.
B73_chr7	72732753	72738221	LTRRT_37122	B73_chr7	72732362	72737100	meth_B73.ref_B73_7:72732362..72737100	3.93097	.
B73_chr7	72732753	72738221	LTRRT_37122	B73_chr7	72737679	72738619	meth_B73.ref_B73_7:72737679..72738619	3.61446	.
B73_chr7	73351852	73365367	LTRRT_37141	B73_chr7	73353995	73355036	meth_B73.ref_B73_7:73353995..73355036	12.3907	.
B73_chr7	73351852	73365367	LTRRT_37141	B73_chr7	73355925	73356085	meth_B73.ref_B73_7:73355925..73356085	0	.
B73_chr7	73351852	73365367	LTRRT_37141	B73_chr7	73361749	73362799	meth_B73.ref_B73_7:73361749..73362799	13.4087	.
B73_chr7	73351852	73365367	LTRRT_37141	B73_chr7	73363525	73363768	meth_B73.ref_B73_7:73363525..73363768	0	.
B73_chr7	73666538	73677613	LTRRT_37145	B73_chr7	73676986	73677253	meth_B73.ref_B73_7:73676986..73677253	10.3093	.
B73_chr7	75400153	75403347	LTRRT_37188	B73_chr7	75399093	75400376	meth_B73.ref_B73_7:75399093..75400376	0.486111	.
B73_chr7	75663922	75681185	LTRRT_37194	B73_chr7	75664419	75664975	meth_B73.ref_B73_7:75664419..75664975	3.125	.
B73_chr7	75663922	75681185	LTRRT_37194	B73_chr7	75679323	75680009	meth_B73.ref_B73_7:75679323..75680009	2.32558	.
B73_chr7	75709042	75723065	LTRRT_37197	B73_chr7	75712079	75712639	meth_B73.ref_B73_7:75712079..75712639	15.5462	.
B73_chr7	75709042	75723065	LTRRT_37197	B73_chr7	75712661	75713295	meth_B73.ref_B73_7:75712661..75713295	7.42358	.
B73_chr7	75709042	75723065	LTRRT_37197	B73_chr7	75719931	75721049	meth_B73.ref_B73_7:75719931..75721049	9.15222	.
B73_chr7	77088956	77100266	LTRRT_37227	B73_chr7	77100239	77100636	meth_B73.ref_B73_7:77100239..77100636	1.12994	.
B73_chr7	78182826	78189791	LTRRT_37248	B73_chr7	78183833	78184204	meth_B73.ref_B73_7:78183833..78184204	7.5	.
B73_chr7	78182826	78189791	LTRRT_37248	B73_chr7	78189083	78189489	meth_B73.ref_B73_7:78189083..78189489	5.64516	.
B73_chr7	78541077	78559713	LTRRT_37252	B73_chr7	78542048	78543020	meth_B73.ref_B73_7:78542048..78543020	3.14685	.
B73_chr7	78541077	78559713	LTRRT_37252	B73_chr7	78558268	78559162	meth_B73.ref_B73_7:78558268..78559162	4.64602	.
B73_chr7	78843462	78850309	LTRRT_37262	B73_chr7	78843942	78844560	meth_B73.ref_B73_7:78843942..78844560	3.59897	.
B73_chr7	78843462	78850309	LTRRT_37262	B73_chr7	78848244	78848802	meth_B73.ref_B73_7:78848244..78848802	3.07329	.
B73_chr7	78941910	78951109	LTRRT_37266	B73_chr7	78942960	78944059	meth_B73.ref_B73_7:78942960..78944059	2.08768	.
B73_chr7	78941910	78951109	LTRRT_37266	B73_chr7	78949624	78950520	meth_B73.ref_B73_7:78949624..78950520	3.24675	.
B73_chr7	81309793	81322689	LTRRT_37315	B73_chr7	81310717	81310869	meth_B73.ref_B73_7:81310717..81310869	0	.
B73_chr7	81309793	81322689	LTRRT_37315	B73_chr7	81311004	81312066	meth_B73.ref_B73_7:81311004..81312066	1.95312	.
B73_chr7	81309793	81322689	LTRRT_37315	B73_chr7	81318767	81319386	meth_B73.ref_B73_7:81318767..81319386	5.95238	.
B73_chr7	81309793	81322689	LTRRT_37315	B73_chr7	81319495	81320082	meth_B73.ref_B73_7:81319495..81320082	0	.
B73_chr7	81370029	81385033	LTRRT_37316	B73_chr7	81371895	81372111	meth_B73.ref_B73_7:81371895..81372111	11.7241	.
B73_chr7	81398073	81403839	LTRRT_37317	B73_chr7	81396488	81398075	meth_B73.ref_B73_7:81396488..81398075	2.98507	.
B73_chr7	81398073	81403839	LTRRT_37317	B73_chr7	81403676	81404441	meth_B73.ref_B73_7:81403676..81404441	6.09481	.
B73_chr7	81827078	81834789	LTRRT_37327	B73_chr7	81834194	81834349	meth_B73.ref_B73_7:81834194..81834349	5.26316	.
B73_chr7	82025550	82028565	LTRRT_37334	B73_chr7	82028517	82028999	meth_B73.ref_B73_7:82028517..82028999	8.20312	.
B73_chr7	82036589	82042066	LTRRT_37336	B73_chr7	82036194	82036841	meth_B73.ref_B73_7:82036194..82036841	0.85034	.
B73_chr7	82422672	82427925	LTRRT_37346	B73_chr7	82422864	82423057	meth_B73.ref_B73_7:82422864..82423057	6.52174	.
B73_chr7	82422672	82427925	LTRRT_37346	B73_chr7	82427560	82428246	meth_B73.ref_B73_7:82427560..82428246	7.69231	.
B73_chr7	82882962	82897814	LTRRT_37352	B73_chr7	82887007	82887939	meth_B73.ref_B73_7:82887007..82887939	12.6382	.
B73_chr7	82882962	82897814	LTRRT_37352	B73_chr7	82891197	82892068	meth_B73.ref_B73_7:82891197..82892068	7.14286	.
B73_chr7	83438476	83449777	LTRRT_37368	B73_chr7	83440409	83440617	meth_B73.ref_B73_7:83440409..83440617	10.3448	.
B73_chr7	84389745	84398458	LTRRT_37389	B73_chr7	84390245	84390991	meth_B73.ref_B73_7:84390245..84390991	9.45626	.
B73_chr7	84389745	84398458	LTRRT_37389	B73_chr7	84394943	84395117	meth_B73.ref_B73_7:84394943..84395117	16.1616	.
B73_chr7	84389745	84398458	LTRRT_37389	B73_chr7	84396674	84397455	meth_B73.ref_B73_7:84396674..84397455	6.64137	.
B73_chr7	84468346	84471586	LTRRT_37390	B73_chr7	84461057	84468564	meth_B73.ref_B73_7:84461057..84468564	0.876644	.
B73_chr7	84612012	84617570	LTRRT_37394	B73_chr7	84610444	84612184	meth_B73.ref_B73_7:84610444..84612184	1.91972	.
B73_chr7	84612012	84617570	LTRRT_37394	B73_chr7	84617022	84618368	meth_B73.ref_B73_7:84617022..84618368	7.35294	.
B73_chr7	85020198	85035186	LTRRT_37403	B73_chr7	85033125	85033351	meth_B73.ref_B73_7:85033125..85033351	0	.
B73_chr7	85854281	85869283	LTRRT_37427	B73_chr7	85856579	85856819	meth_B73.ref_B73_7:85856579..85856819	13.3333	.
B73_chr7	85920593	85935607	LTRRT_37430	B73_chr7	85933123	85933421	meth_B73.ref_B73_7:85933123..85933421	8.94309	.
B73_chr7	86263520	86269008	LTRRT_37438	B73_chr7	86268932	86270719	meth_B73.ref_B73_7:86268932..86270719	1.80476	.
B73_chr7	86277929	86293431	LTRRT_37439	B73_chr7	86285312	86286128	meth_B73.ref_B73_7:86285312..86286128	5.19187	.
B73_chr7	86277929	86293431	LTRRT_37439	B73_chr7	86289811	86290386	meth_B73.ref_B73_7:86289811..86290386	8.35031	.
B73_chr7	86324658	86331502	LTRRT_37441	B73_chr7	86324905	86325639	meth_B73.ref_B73_7:86324905..86325639	7.9922	.
B73_chr7	86324658	86331502	LTRRT_37441	B73_chr7	86329469	86329984	meth_B73.ref_B73_7:86329469..86329984	9.62025	.
B73_chr7	86376286	86381597	LTRRT_37444	B73_chr7	86381521	86382145	meth_B73.ref_B73_7:86381521..86382145	3.27553	.
B73_chr7	86516460	86523306	LTRRT_37452	B73_chr7	86517377	86517700	meth_B73.ref_B73_7:86517377..86517700	17.0455	.
B73_chr7	86516460	86523306	LTRRT_37452	B73_chr7	86521663	86521968	meth_B73.ref_B73_7:86521663..86521968	13.2353	.
B73_chr7	86586097	86601064	LTRRT_37455	B73_chr7	86587939	86588090	meth_B73.ref_B73_7:86587939..86588090	12.5	.
B73_chr7	86586097	86601064	LTRRT_37455	B73_chr7	86598696	86598858	meth_B73.ref_B73_7:86598696..86598858	7.23684	.
B73_chr7	86676266	86690713	LTRRT_37459	B73_chr7	86678390	86679287	meth_B73.ref_B73_7:86678390..86679287	5.72738	.
B73_chr7	86676266	86690713	LTRRT_37459	B73_chr7	86686433	86687330	meth_B73.ref_B73_7:86686433..86687330	9.61905	.
B73_chr7	87099764	87105941	LTRRT_37467	B73_chr7	87105884	87106237	meth_B73.ref_B73_7:87105884..87106237	0.877193	.
B73_chr7	87311123	87326525	LTRRT_37474	B73_chr7	87323703	87324015	meth_B73.ref_B73_7:87323703..87324015	2.75229	.
B73_chr7	87988871	87996079	LTRRT_37490	B73_chr7	87989980	87990542	meth_B73.ref_B73_7:87989980..87990542	5.7971	.
B73_chr7	90373103	90382245	LTRRT_37547	B73_chr7	90380092	90381209	meth_B73.ref_B73_7:90380092..90381209	4.86009	.
B73_chr7	90373103	90382245	LTRRT_37547	B73_chr7	90373603	90374544	meth_B73.ref_B73_7:90373603..90374544	5.026	.
B73_chr7	90738059	90753049	LTRRT_37555	B73_chr7	90740094	90740406	meth_B73.ref_B73_7:90740094..90740406	11.7647	.
B73_chr7	92464424	92469418	LTRRT_37593	B73_chr7	92469369	92471830	meth_B73.ref_B73_7:92469369..92471830	3.27869	.
B73_chr7	92696892	92710926	LTRRT_37598	B73_chr7	92698717	92699348	meth_B73.ref_B73_7:92698717..92699348	9.05077	.
B73_chr7	92696892	92710926	LTRRT_37598	B73_chr7	92699568	92699869	meth_B73.ref_B73_7:92699568..92699869	15.5515	.
B73_chr7	92696892	92710926	LTRRT_37598	B73_chr7	92706587	92707740	meth_B73.ref_B73_7:92706587..92707740	5.53037	.
B73_chr7	92696892	92710926	LTRRT_37598	B73_chr7	92709375	92709726	meth_B73.ref_B73_7:92709375..92709726	17.3759	.
B73_chr7	93693344	93698819	LTRRT_37622	B73_chr7	93698536	93700241	meth_B73.ref_B73_7:93698536..93700241	1.24224	.
B73_chr7	94217422	94219521	LTRRT_37635	B73_chr7	94218241	94218451	meth_B73.ref_B73_7:94218241..94218451	9.67742	.
B73_chr7	94364014	94381271	LTRRT_37639	B73_chr7	94365047	94366005	meth_B73.ref_B73_7:94365047..94366005	2.9453	.
B73_chr7	94364014	94381271	LTRRT_37639	B73_chr7	94379771	94380878	meth_B73.ref_B73_7:94379771..94380878	3.53982	.
B73_chr7	94402144	94425207	LTRRT_37642	B73_chr7	94403861	94404185	meth_B73.ref_B73_7:94403861..94404185	10.7143	.
B73_chr7	94909468	94916319	LTRRT_37653	B73_chr7	94915099	94915490	meth_B73.ref_B73_7:94915099..94915490	8.16327	.
B73_chr7	95061199	95082234	LTRRT_37656	B73_chr7	95062002	95062199	meth_B73.ref_B73_7:95062002..95062199	7.31707	.
B73_chr7	95061199	95082234	LTRRT_37656	B73_chr7	95071363	95072357	meth_B73.ref_B73_7:95071363..95072357	8.12883	.
B73_chr7	95510257	95520324	LTRRT_37668	B73_chr7	95511553	95512368	meth_B73.ref_B73_7:95511553..95512368	4.52962	.
B73_chr7	95510257	95520324	LTRRT_37668	B73_chr7	95518886	95519759	meth_B73.ref_B73_7:95518886..95519759	10.2244	.
B73_chr7	95748544	95763527	LTRRT_37675	B73_chr7	95761178	95761512	meth_B73.ref_B73_7:95761178..95761512	12.7273	.
B73_chr7	95887416	95896712	LTRRT_37678	B73_chr7	95893018	95893194	meth_B73.ref_B73_7:95893018..95893194	12.5	.
B73_chr7	96212248	96224092	LTRRT_37683	B73_chr7	96214202	96214360	meth_B73.ref_B73_7:96214202..96214360	6.66667	.
B73_chr7	96254929	96269915	LTRRT_37685	B73_chr7	96266333	96266568	meth_B73.ref_B73_7:96266333..96266568	11.8644	.
B73_chr7	96671868	96686438	LTRRT_37694	B73_chr7	96686422	96687744	meth_B73.ref_B73_7:96686422..96687744	1.44928	.
B73_chr7	97134023	97145154	LTRRT_37702	B73_chr7	97134426	97134920	meth_B73.ref_B73_7:97134426..97134920	0	.
B73_chr7	97134023	97145154	LTRRT_37702	B73_chr7	97135662	97135835	meth_B73.ref_B73_7:97135662..97135835	1.96078	.
B73_chr7	97134023	97145154	LTRRT_37702	B73_chr7	97141637	97142233	meth_B73.ref_B73_7:97141637..97142233	0	.
B73_chr7	97134023	97145154	LTRRT_37702	B73_chr7	97142655	97142991	meth_B73.ref_B73_7:97142655..97142991	0	.
B73_chr7	97553758	97568705	LTRRT_37714	B73_chr7	97566217	97566368	meth_B73.ref_B73_7:97566217..97566368	14.5161	.
B73_chr7	97595782	97611181	LTRRT_37715	B73_chr7	97608168	97608959	meth_B73.ref_B73_7:97608168..97608959	10.4825	.
B73_chr7	97595782	97611181	LTRRT_37715	B73_chr7	97599314	97600414	meth_B73.ref_B73_7:97599314..97600414	4.91573	.
B73_chr7	97965584	97980989	LTRRT_37726	B73_chr7	97967366	97967678	meth_B73.ref_B73_7:97967366..97967678	11.7647	.
B73_chr7	97965584	97980989	LTRRT_37726	B73_chr7	97978164	97978338	meth_B73.ref_B73_7:97978164..97978338	8.93855	.
B73_chr7	98176190	98190943	LTRRT_37732	B73_chr7	98188599	98188760	meth_B73.ref_B73_7:98188599..98188760	17.3913	.
B73_chr7	98339383	98354929	LTRRT_37739	B73_chr7	98341252	98341426	meth_B73.ref_B73_7:98341252..98341426	6.66667	.
B73_chr7	98889753	98903397	LTRRT_37752	B73_chr7	98892193	98892553	meth_B73.ref_B73_7:98892193..98892553	6.62651	.
B73_chr7	99117022	99129632	LTRRT_37756	B73_chr7	99127160	99127358	meth_B73.ref_B73_7:99127160..99127358	12.5	.
B73_chr7	99543218	99550077	LTRRT_37763	B73_chr7	99543807	99543959	meth_B73.ref_B73_7:99543807..99543959	0	.
B73_chr7	99543218	99550077	LTRRT_37763	B73_chr7	99548492	99548696	meth_B73.ref_B73_7:99548492..99548696	13.6364	.
B73_chr7	100191849	100201891	LTRRT_37777	B73_chr7	100190791	100191861	meth_B73.ref_B73_7:100190791..100191861	1.53846	.
B73_chr7	100191849	100201891	LTRRT_37777	B73_chr7	100201879	100202614	meth_B73.ref_B73_7:100201879..100202614	0.680272	.
B73_chr7	100437942	100451222	LTRRT_37782	B73_chr7	100438275	100439084	meth_B73.ref_B73_7:100438275..100439084	0	.
B73_chr7	101009478	101024509	LTRRT_37796	B73_chr7	101011345	101011544	meth_B73.ref_B73_7:101011345..101011544	10.2804	.
B73_chr7	101279023	101294413	LTRRT_37803	B73_chr7	101281674	101281846	meth_B73.ref_B73_7:101281674..101281846	19.8582	.
B73_chr7	101423505	101430372	LTRRT_37805	B73_chr7	101429300	101429453	meth_B73.ref_B73_7:101429300..101429453	9.92366	.
B73_chr7	101505203	101515389	LTRRT_37809	B73_chr7	101505712	101506698	meth_B73.ref_B73_7:101505712..101506698	0.548697	.
B73_chr7	101505203	101515389	LTRRT_37809	B73_chr7	101513347	101514228	meth_B73.ref_B73_7:101513347..101514228	1.23967	.
B73_chr7	102192827	102203701	LTRRT_37820	B73_chr7	102200424	102202189	meth_B73.ref_B73_7:102200424..102202189	0.8	.
B73_chr7	102323369	102333615	LTRRT_37821	B73_chr7	102325534	102326699	meth_B73.ref_B73_7:102325534..102326699	0.484653	.
B73_chr7	102323369	102333615	LTRRT_37821	B73_chr7	102332450	102333641	meth_B73.ref_B73_7:102332450..102333641	0.167504	.
B73_chr7	103194069	103209073	LTRRT_37839	B73_chr7	103196093	103196428	meth_B73.ref_B73_7:103196093..103196428	9.44444	.
B73_chr7	103368979	103383913	LTRRT_37843	B73_chr7	103371905	103372149	meth_B73.ref_B73_7:103371905..103372149	15.6863	.
B73_chr7	104458753	104465769	LTRRT_37866	B73_chr7	104459234	104459768	meth_B73.ref_B73_7:104459234..104459768	3.24675	.
B73_chr7	104458753	104465769	LTRRT_37866	B73_chr7	104463603	104464336	meth_B73.ref_B73_7:104463603..104464336	13.7168	.
B73_chr7	105857359	105872392	LTRRT_37905	B73_chr7	105870049	105870318	meth_B73.ref_B73_7:105870049..105870318	9.67742	.
B73_chr7	107711334	107722479	LTRRT_37944	B73_chr7	107721551	107721727	meth_B73.ref_B73_7:107721551..107721727	5.88235	.
B73_chr7	107846510	107857521	LTRRT_37946	B73_chr7	107853247	107853406	meth_B73.ref_B73_7:107853247..107853406	0	.
B73_chr7	107938998	107953209	LTRRT_37950	B73_chr7	107937276	107940021	meth_B73.ref_B73_7:107937276..107940021	0.430416	.
B73_chr7	108528982	108540872	LTRRT_37962	B73_chr7	108540870	108541826	meth_B73.ref_B73_7:108540870..108541826	1.43229	.
B73_chr7	108693103	108699971	LTRRT_37965	B73_chr7	108693587	108694316	meth_B73.ref_B73_7:108693587..108694316	9.28571	.
B73_chr7	108693103	108699971	LTRRT_37965	B73_chr7	108697921	108698394	meth_B73.ref_B73_7:108697921..108698394	6.47182	.
B73_chr7	109166974	109180371	LTRRT_37975	B73_chr7	109178963	109179117	meth_B73.ref_B73_7:109178963..109179117	9.52381	.
B73_chr7	109445847	109452717	LTRRT_37982	B73_chr7	109452130	109452283	meth_B73.ref_B73_7:109452130..109452283	0	.
B73_chr7	109801165	109808011	LTRRT_37991	B73_chr7	109801646	109802137	meth_B73.ref_B73_7:109801646..109802137	0	.
B73_chr7	109801165	109808011	LTRRT_37991	B73_chr7	109805677	109806630	meth_B73.ref_B73_7:109805677..109806630	3.92157	.
B73_chr7	110020253	110025574	LTRRT_37996	B73_chr7	110025553	110026351	meth_B73.ref_B73_7:110025553..110026351	0.504541	.
B73_chr7	110072787	110087007	LTRRT_37997	B73_chr7	110075592	110075798	meth_B73.ref_B73_7:110075592..110075798	13.7255	.
B73_chr7	110091943	110106488	LTRRT_37998	B73_chr7	110093989	110094885	meth_B73.ref_B73_7:110093989..110094885	8.81295	.
B73_chr7	110091943	110106488	LTRRT_37998	B73_chr7	110102072	110102991	meth_B73.ref_B73_7:110102072..110102991	6.29067	.
B73_chr7	110643537	110650394	LTRRT_38013	B73_chr7	110644871	110645590	meth_B73.ref_B73_7:110644871..110645590	8.61057	.
B73_chr7	110643537	110650394	LTRRT_38013	B73_chr7	110649329	110649898	meth_B73.ref_B73_7:110649329..110649898	7.54717	.
B73_chr7	111117012	111127063	LTRRT_38023	B73_chr7	111117606	111118318	meth_B73.ref_B73_7:111117606..111118318	3.43511	.
B73_chr7	111117012	111127063	LTRRT_38023	B73_chr7	111125299	111126028	meth_B73.ref_B73_7:111125299..111126028	3.19361	.
B73_chr7	111281724	111291572	LTRRT_38026	B73_chr7	111285331	111285526	meth_B73.ref_B73_7:111285331..111285526	17.8571	.
B73_chr7	111382924	111390539	LTRRT_38027	B73_chr7	111382209	111382937	meth_B73.ref_B73_7:111382209..111382937	0.741656	.
B73_chr7	111582390	111592306	LTRRT_38032	B73_chr7	111583548	111584429	meth_B73.ref_B73_7:111583548..111584429	1.90024	.
B73_chr7	111582390	111592306	LTRRT_38032	B73_chr7	111591034	111592032	meth_B73.ref_B73_7:111591034..111592032	1.91898	.
B73_chr7	111825215	111840161	LTRRT_38036	B73_chr7	111838003	111838302	meth_B73.ref_B73_7:111838003..111838302	12.4294	.
B73_chr7	112427108	112442665	LTRRT_38048	B73_chr7	112428976	112429150	meth_B73.ref_B73_7:112428976..112429150	5.18135	.
B73_chr7	112576513	112584015	LTRRT_38053	B73_chr7	112583942	112584931	meth_B73.ref_B73_7:112583942..112584931	0.796813	.
B73_chr7	113559137	113568328	LTRRT_38084	B73_chr7	113560241	113561122	meth_B73.ref_B73_7:113560241..113561122	3.18352	.
B73_chr7	113559137	113568328	LTRRT_38084	B73_chr7	113566817	113567802	meth_B73.ref_B73_7:113566817..113567802	3.95833	.
B73_chr7	113608332	113620946	LTRRT_38086	B73_chr7	113609327	113609529	meth_B73.ref_B73_7:113609327..113609529	19.0476	.
B73_chr7	115194625	115201645	LTRRT_38130	B73_chr7	115196050	115196298	meth_B73.ref_B73_7:115196050..115196298	10.6383	.
B73_chr7	115194625	115201645	LTRRT_38130	B73_chr7	115196443	115196874	meth_B73.ref_B73_7:115196443..115196874	3.22581	.
B73_chr7	115194625	115201645	LTRRT_38130	B73_chr7	115200436	115200764	meth_B73.ref_B73_7:115200436..115200764	6.38298	.
B73_chr7	116195203	116207119	LTRRT_38160	B73_chr7	116195946	116197342	meth_B73.ref_B73_7:116195946..116197342	0.595829	.
B73_chr7	116195203	116207119	LTRRT_38160	B73_chr7	116203260	116204625	meth_B73.ref_B73_7:116203260..116204625	0.886525	.
B73_chr7	116303059	116318463	LTRRT_38164	B73_chr7	116304576	116304924	meth_B73.ref_B73_7:116304576..116304924	18.5185	.
B73_chr7	116337588	116347667	LTRRT_38165	B73_chr7	116345727	116346321	meth_B73.ref_B73_7:116345727..116346321	0	.
B73_chr7	116719360	116734372	LTRRT_38176	B73_chr7	116721548	116721887	meth_B73.ref_B73_7:116721548..116721887	7.7381	.
B73_chr7	117043279	117051322	LTRRT_38187	B73_chr7	117051084	117052292	meth_B73.ref_B73_7:117051084..117052292	0.875912	.
B73_chr7	117579286	117585395	LTRRT_38193	B73_chr7	117576498	117579320	meth_B73.ref_B73_7:117576498..117579320	0.943396	.
B73_chr7	118964793	118974150	LTRRT_38225	B73_chr7	118965770	118965921	meth_B73.ref_B73_7:118965770..118965921	11.9048	.
B73_chr7	119862767	119868230	LTRRT_38242	B73_chr7	119858040	119862843	meth_B73.ref_B73_7:119858040..119862843	0.669596	.
B73_chr7	119862767	119868230	LTRRT_38242	B73_chr7	119868199	119870428	meth_B73.ref_B73_7:119868199..119870428	0.226415	.
B73_chr7	119913651	119919844	LTRRT_38244	B73_chr7	119918481	119919430	meth_B73.ref_B73_7:119918481..119919430	1.07399	.
B73_chr7	120424340	120430482	LTRRT_38259	B73_chr7	120423799	120424429	meth_B73.ref_B73_7:120423799..120424429	0.982801	.
B73_chr7	121121016	121127291	LTRRT_38272	B73_chr7	121127268	121127768	meth_B73.ref_B73_7:121127268..121127768	1.38889	.
B73_chr7	121271460	121276686	LTRRT_38275	B73_chr7	121270358	121271561	meth_B73.ref_B73_7:121270358..121271561	2.33333	.
B73_chr7	121625893	121632737	LTRRT_38282	B73_chr7	121626374	121627103	meth_B73.ref_B73_7:121626374..121627103	3.41463	.
B73_chr7	121625893	121632737	LTRRT_38282	B73_chr7	121630718	121631299	meth_B73.ref_B73_7:121630718..121631299	4.22535	.
B73_chr7	123842258	123849660	LTRRT_38325	B73_chr7	123849593	123854510	meth_B73.ref_B73_7:123849593..123854510	0.52356	.
B73_chr7	123940903	123954703	LTRRT_38329	B73_chr7	123942593	123943371	meth_B73.ref_B73_7:123942593..123943371	7.24138	.
B73_chr7	123940903	123954703	LTRRT_38329	B73_chr7	123943628	123944342	meth_B73.ref_B73_7:123943628..123944342	6.52174	.
B73_chr7	123940903	123954703	LTRRT_38329	B73_chr7	123950173	123950509	meth_B73.ref_B73_7:123950173..123950509	8.48485	.
B73_chr7	123940903	123954703	LTRRT_38329	B73_chr7	123950723	123951120	meth_B73.ref_B73_7:123950723..123951120	0	.
B73_chr7	123940903	123954703	LTRRT_38329	B73_chr7	123951419	123952274	meth_B73.ref_B73_7:123951419..123952274	12.1606	.
B73_chr7	126386195	126392308	LTRRT_38390	B73_chr7	126392285	126393269	meth_B73.ref_B73_7:126392285..126393269	1.67224	.
B73_chr7	126554164	126559658	LTRRT_38392	B73_chr7	126553827	126554441	meth_B73.ref_B73_7:126553827..126554441	0	.
B73_chr7	127326179	127333464	LTRRT_38413	B73_chr7	127325488	127326234	meth_B73.ref_B73_7:127325488..127326234	2.65823	.
B73_chr7	127439195	127444310	LTRRT_38415	B73_chr7	127437996	127439257	meth_B73.ref_B73_7:127437996..127439257	2.91174	.
B73_chr7	127439195	127444310	LTRRT_38415	B73_chr7	127444240	127445556	meth_B73.ref_B73_7:127444240..127445556	0.382848	.
B73_chr7	128818602	128825069	LTRRT_38450	B73_chr7	128817653	128818836	meth_B73.ref_B73_7:128817653..128818836	1.98198	.
B73_chr7	130497110	130507254	LTRRT_38492	B73_chr7	130505500	130507106	meth_B73.ref_B73_7:130505500..130507106	0.350263	.
B73_chr7	130616205	130622640	LTRRT_38495	B73_chr7	130621617	130621820	meth_B73.ref_B73_7:130621617..130621820	15	.
B73_chr7	131539995	131545937	LTRRT_38518	B73_chr7	131538463	131540018	meth_B73.ref_B73_7:131538463..131540018	1.05572	.
B73_chr7	131954221	131960381	LTRRT_38529	B73_chr7	131953227	131954255	meth_B73.ref_B73_7:131953227..131954255	1.73053	.
B73_chr7	131954221	131960381	LTRRT_38529	B73_chr7	131959257	131959968	meth_B73.ref_B73_7:131959257..131959968	0.615764	.
B73_chr7	132119591	132125718	LTRRT_38533	B73_chr7	132124708	132125300	meth_B73.ref_B73_7:132124708..132125300	4.21512	.
B73_chr7	132129324	132138580	LTRRT_38534	B73_chr7	132134032	132134247	meth_B73.ref_B73_7:132134032..132134247	0	.
B73_chr7	132870336	132885916	LTRRT_38554	B73_chr7	132872057	132872380	meth_B73.ref_B73_7:132872057..132872380	2.7027	.
B73_chr7	132904848	132910276	LTRRT_38556	B73_chr7	132904490	132906915	meth_B73.ref_B73_7:132904490..132906915	1.34576	.
B73_chr7	132904848	132910276	LTRRT_38556	B73_chr7	132907269	132907603	meth_B73.ref_B73_7:132907269..132907603	1.06383	.
B73_chr7	132904848	132910276	LTRRT_38556	B73_chr7	132907985	132912201	meth_B73.ref_B73_7:132907985..132912201	1.74402	.
B73_chr7	132933157	132941834	LTRRT_38557	B73_chr7	132938643	132938900	meth_B73.ref_B73_7:132938643..132938900	0	.
B73_chr7	134502649	134514364	LTRRT_38593	B73_chr7	134503113	134503299	meth_B73.ref_B73_7:134503113..134503299	10	.
B73_chr7	134517047	134531947	LTRRT_38594	B73_chr7	134518851	134519002	meth_B73.ref_B73_7:134518851..134519002	14	.
B73_chr7	134571163	134583250	LTRRT_38595	B73_chr7	134572080	134572941	meth_B73.ref_B73_7:134572080..134572941	1.02459	.
B73_chr7	134571163	134583250	LTRRT_38595	B73_chr7	134579640	134580572	meth_B73.ref_B73_7:134579640..134580572	0.19685	.
B73_chr7	135240725	135246807	LTRRT_38617	B73_chr7	135237621	135240727	meth_B73.ref_B73_7:135237621..135240727	0.4954	.
B73_chr7	135278129	135291528	LTRRT_38618	B73_chr7	135291504	135293295	meth_B73.ref_B73_7:135291504..135293295	1.64286	.
B73_chr7	135358847	135367182	LTRRT_38622	B73_chr7	135359667	135360424	meth_B73.ref_B73_7:135359667..135360424	0	.
B73_chr7	135358847	135367182	LTRRT_38622	B73_chr7	135365316	135365568	meth_B73.ref_B73_7:135365316..135365568	0	.
B73_chr7	135358847	135367182	LTRRT_38622	B73_chr7	135364225	135364803	meth_B73.ref_B73_7:135364225..135364803	0	.
B73_chr7	135415757	135421934	LTRRT_38626	B73_chr7	135416254	135416944	meth_B73.ref_B73_7:135416254..135416944	1.64425	.
B73_chr7	135415757	135421934	LTRRT_38626	B73_chr7	135421900	135430012	meth_B73.ref_B73_7:135421900..135430012	0.518284	.
B73_chr7	135537954	135551418	LTRRT_38630	B73_chr7	135540061	135541297	meth_B73.ref_B73_7:135540061..135541297	2.01149	.
B73_chr7	136559778	136571426	LTRRT_38645	B73_chr7	136562780	136562943	meth_B73.ref_B73_7:136562780..136562943	0	.
B73_chr7	137377129	137392699	LTRRT_38666	B73_chr7	137390637	137390820	meth_B73.ref_B73_7:137390637..137390820	7.82123	.
B73_chr7	137377129	137392699	LTRRT_38666	B73_chr7	137379756	137379924	meth_B73.ref_B73_7:137379756..137379924	9.58904	.
B73_chr7	137632776	137641692	LTRRT_38670	B73_chr7	137640721	137641033	meth_B73.ref_B73_7:137640721..137641033	14.9533	.
B73_chr7	137766481	137780127	LTRRT_38675	B73_chr7	137768087	137768340	meth_B73.ref_B73_7:137768087..137768340	0	.
B73_chr7	138397566	138403041	LTRRT_38693	B73_chr7	138402979	138404302	meth_B73.ref_B73_7:138402979..138404302	4.1387	.
B73_chr7	138442871	138446043	LTRRT_38697	B73_chr7	138442215	138447900	meth_B73.ref_B73_7:138442215..138447900	0.415282	.
B73_chr7	138792974	138800479	LTRRT_38706	B73_chr7	138792678	138792994	meth_B73.ref_B73_7:138792678..138792994	2.43161	.
B73_chr7	139681614	139686871	LTRRT_38733	B73_chr7	139679101	139684181	meth_B73.ref_B73_7:139679101..139684181	1.8582	.
B73_chr7	139681614	139686871	LTRRT_38733	B73_chr7	139684297	139685228	meth_B73.ref_B73_7:139684297..139685228	4.51977	.
B73_chr7	139681614	139686871	LTRRT_38733	B73_chr7	139685396	139685557	meth_B73.ref_B73_7:139685396..139685557	15.2439	.
B73_chr7	139926461	139935611	LTRRT_38739	B73_chr7	139927597	139927805	meth_B73.ref_B73_7:139927597..139927805	12.963	.
B73_chr7	139926461	139935611	LTRRT_38739	B73_chr7	139927964	139928349	meth_B73.ref_B73_7:139927964..139928349	5	.
B73_chr7	139926461	139935611	LTRRT_38739	B73_chr7	139934631	139935046	meth_B73.ref_B73_7:139934631..139935046	11.0294	.
B73_chr7	140865304	140872288	LTRRT_38760	B73_chr7	140872269	140875041	meth_B73.ref_B73_7:140872269..140875041	3.34572	.
B73_chr7	141133413	141140315	LTRRT_38766	B73_chr7	141133754	141134457	meth_B73.ref_B73_7:141133754..141134457	2.05832	.
B73_chr7	141133413	141140315	LTRRT_38766	B73_chr7	141138204	141138772	meth_B73.ref_B73_7:141138204..141138772	3.31263	.
B73_chr7	141322310	141331609	LTRRT_38773	B73_chr7	141321226	141322358	meth_B73.ref_B73_7:141321226..141322358	1.70394	.
B73_chr7	141322310	141331609	LTRRT_38773	B73_chr7	141322689	141322870	meth_B73.ref_B73_7:141322689..141322870	10	.
B73_chr7	141560635	141568406	LTRRT_38781	B73_chr7	141559570	141560666	meth_B73.ref_B73_7:141559570..141560666	2.58427	.
B73_chr7	142631542	142643479	LTRRT_38807	B73_chr7	142635619	142636363	meth_B73.ref_B73_7:142635619..142636363	0.240385	.
B73_chr7	142824558	142840137	LTRRT_38812	B73_chr7	142826277	142826510	meth_B73.ref_B73_7:142826277..142826510	11.1111	.
B73_chr7	142824558	142840137	LTRRT_38812	B73_chr7	142837314	142837488	meth_B73.ref_B73_7:142837314..142837488	10.3774	.
B73_chr7	143619466	143633803	LTRRT_38835	B73_chr7	143620776	143621005	meth_B73.ref_B73_7:143620776..143621005	6.31579	.
B73_chr7	143894861	143906861	LTRRT_38839	B73_chr7	143902331	143902520	meth_B73.ref_B73_7:143902331..143902520	11.1111	.
B73_chr7	144064957	144069186	LTRRT_38844	B73_chr7	144069116	144071376	meth_B73.ref_B73_7:144069116..144071376	2.00477	.
B73_chr7	144230423	144236451	LTRRT_38847	B73_chr7	144235242	144236080	meth_B73.ref_B73_7:144235242..144236080	0.840336	.
B73_chr7	144776087	144786738	LTRRT_38860	B73_chr7	144782963	144783121	meth_B73.ref_B73_7:144782963..144783121	0	.
B73_chr7	144795185	144809366	LTRRT_38861	B73_chr7	144797203	144798261	meth_B73.ref_B73_7:144797203..144798261	9.29204	.
B73_chr7	144795185	144809366	LTRRT_38861	B73_chr7	144805150	144806195	meth_B73.ref_B73_7:144805150..144806195	8.92473	.
B73_chr7	144795185	144809366	LTRRT_38861	B73_chr7	144807322	144807560	meth_B73.ref_B73_7:144807322..144807560	15.942	.
B73_chr7	144954896	144961743	LTRRT_38868	B73_chr7	144956408	144956749	meth_B73.ref_B73_7:144956408..144956749	11.7871	.
B73_chr7	144954896	144961743	LTRRT_38868	B73_chr7	144960548	144961394	meth_B73.ref_B73_7:144960548..144961394	17.8161	.
B73_chr7	145476725	145494790	LTRRT_38884	B73_chr7	145477163	145478683	meth_B73.ref_B73_7:145477163..145478683	0.521376	.
B73_chr7	145476725	145494790	LTRRT_38884	B73_chr7	145484068	145488008	meth_B73.ref_B73_7:145484068..145488008	1.77215	.
B73_chr7	145476725	145494790	LTRRT_38884	B73_chr7	145491052	145492552	meth_B73.ref_B73_7:145491052..145492552	0.430571	.
B73_chr7	145772445	145781552	LTRRT_38894	B73_chr7	145781540	145781879	meth_B73.ref_B73_7:145781540..145781879	4.58716	.
B73_chr7	146739903	146751763	LTRRT_38920	B73_chr7	146742649	146743066	meth_B73.ref_B73_7:146742649..146743066	0	.
B73_chr7	146739903	146751763	LTRRT_38920	B73_chr7	146750746	146751563	meth_B73.ref_B73_7:146750746..146751563	0	.
B73_chr7	146761001	146772581	LTRRT_38921	B73_chr7	146763541	146763953	meth_B73.ref_B73_7:146763541..146763953	2.26244	.
B73_chr7	146761001	146772581	LTRRT_38921	B73_chr7	146771852	146772298	meth_B73.ref_B73_7:146771852..146772298	0.56338	.
B73_chr7	147367108	147378846	LTRRT_38934	B73_chr7	147367744	147368131	meth_B73.ref_B73_7:147367744..147368131	0	.
B73_chr7	147367108	147378846	LTRRT_38934	B73_chr7	147368233	147368439	meth_B73.ref_B73_7:147368233..147368439	7.89474	.
B73_chr7	147367108	147378846	LTRRT_38934	B73_chr7	147374690	147374869	meth_B73.ref_B73_7:147374690..147374869	0	.
B73_chr7	147367108	147378846	LTRRT_38934	B73_chr7	147375087	147375730	meth_B73.ref_B73_7:147375087..147375730	2.40964	.
B73_chr7	147408902	147417961	LTRRT_38936	B73_chr7	147410800	147412467	meth_B73.ref_B73_7:147410800..147412467	0.229358	.
B73_chr7	147526468	147540604	LTRRT_38938	B73_chr7	147527324	147527507	meth_B73.ref_B73_7:147527324..147527507	15	.
B73_chr7	147526468	147540604	LTRRT_38938	B73_chr7	147529527	147530442	meth_B73.ref_B73_7:147529527..147530442	8.03859	.
B73_chr7	147526468	147540604	LTRRT_38938	B73_chr7	147536200	147536850	meth_B73.ref_B73_7:147536200..147536850	3.09278	.
B73_chr7	147526468	147540604	LTRRT_38938	B73_chr7	147537420	147537977	meth_B73.ref_B73_7:147537420..147537977	6.69014	.
B73_chr7	148138424	148150634	LTRRT_38950	B73_chr7	148149805	148150282	meth_B73.ref_B73_7:148149805..148150282	0	.
B73_chr7	149196757	149202977	LTRRT_38977	B73_chr7	149201886	149202564	meth_B73.ref_B73_7:149201886..149202564	2.53353	.
B73_chr7	150799497	150808800	LTRRT_39014	B73_chr7	150792975	150799687	meth_B73.ref_B73_7:150792975..150799687	0.943561	.
B73_chr7	151073049	151084347	LTRRT_39021	B73_chr7	151073965	151074216	meth_B73.ref_B73_7:151073965..151074216	13.9535	.
B73_chr7	152111127	152116899	LTRRT_39051	B73_chr7	152109806	152111329	meth_B73.ref_B73_7:152109806..152111329	0.828157	.
B73_chr7	152111127	152116899	LTRRT_39051	B73_chr7	152112971	152128828	meth_B73.ref_B73_7:152112971..152128828	2.01097	.
B73_chr7	152245888	152256897	LTRRT_39052	B73_chr7	152249016	152249171	meth_B73.ref_B73_7:152249016..152249171	0	.
B73_chr7	152245888	152256897	LTRRT_39052	B73_chr7	152255222	152255540	meth_B73.ref_B73_7:152255222..152255540	0	.
B73_chr7	152647246	152657876	LTRRT_39063	B73_chr7	152657775	152660327	meth_B73.ref_B73_7:152657775..152660327	2.38095	.
B73_chr7	152723076	152729818	LTRRT_39065	B73_chr7	152727802	152728922	meth_B73.ref_B73_7:152727802..152728922	0.470958	.
B73_chr7	152723076	152729818	LTRRT_39065	B73_chr7	152729700	152731517	meth_B73.ref_B73_7:152729700..152731517	0.726552	.
B73_chr7	152849413	152853678	LTRRT_39070	B73_chr7	152853651	152854574	meth_B73.ref_B73_7:152853651..152854574	0.454545	.
B73_chr7	153346547	153356460	LTRRT_39079	B73_chr7	153346886	153347493	meth_B73.ref_B73_7:153346886..153347493	3.97554	.
B73_chr7	153346547	153356460	LTRRT_39079	B73_chr7	153353405	153353990	meth_B73.ref_B73_7:153353405..153353990	1.75439	.
B73_chr7	153514605	153520141	LTRRT_39085	B73_chr7	153519701	153519929	meth_B73.ref_B73_7:153519701..153519929	8.3151	.
B73_chr7	153514605	153520141	LTRRT_39085	B73_chr7	153520023	153520731	meth_B73.ref_B73_7:153520023..153520731	12.9985	.
B73_chr7	154148504	154160251	LTRRT_39100	B73_chr7	154159372	154159584	meth_B73.ref_B73_7:154159372..154159584	5.12821	.
B73_chr7	154442812	154456457	LTRRT_39107	B73_chr7	154450075	154450252	meth_B73.ref_B73_7:154450075..154450252	11.7647	.
B73_chr7	155424413	155429650	LTRRT_39129	B73_chr7	155428587	155428779	meth_B73.ref_B73_7:155428587..155428779	15.9091	.
B73_chr7	155424413	155429650	LTRRT_39129	B73_chr7	155429225	155433411	meth_B73.ref_B73_7:155429225..155433411	1.73082	.
B73_chr7	155820064	155832749	LTRRT_39136	B73_chr7	155823436	155823676	meth_B73.ref_B73_7:155823436..155823676	0	.
B73_chr7	155820064	155832749	LTRRT_39136	B73_chr7	155823879	155824864	meth_B73.ref_B73_7:155823879..155824864	1.36986	.
B73_chr7	155820064	155832749	LTRRT_39136	B73_chr7	155831041	155832738	meth_B73.ref_B73_7:155831041..155832738	0.403226	.
B73_chr7	160531926	160537132	LTRRT_39218	B73_chr7	160532400	160533002	meth_B73.ref_B73_7:160532400..160533002	0	.
B73_chr7	160531926	160537132	LTRRT_39218	B73_chr7	160534985	160535295	meth_B73.ref_B73_7:160534985..160535295	4.30108	.
B73_chr7	160531926	160537132	LTRRT_39218	B73_chr7	160528421	160532244	meth_B73.ref_B73_7:160528421..160532244	2.39331	.
B73_chr7	160666013	160675884	LTRRT_39224	B73_chr7	160667206	160667367	meth_B73.ref_B73_7:160667206..160667367	10.4167	.
B73_chr7	160898000	160904840	LTRRT_39230	B73_chr7	160899346	160900163	meth_B73.ref_B73_7:160899346..160900163	5.93472	.
B73_chr7	160898000	160904840	LTRRT_39230	B73_chr7	160903603	160903929	meth_B73.ref_B73_7:160903603..160903929	16.1616	.
B73_chr7	160898000	160904840	LTRRT_39230	B73_chr7	160904015	160904448	meth_B73.ref_B73_7:160904015..160904448	0	.
B73_chr7	161478530	161488703	LTRRT_39244	B73_chr7	161479045	161479994	meth_B73.ref_B73_7:161479045..161479994	3.38059	.
B73_chr7	161478530	161488703	LTRRT_39244	B73_chr7	161486665	161487987	meth_B73.ref_B73_7:161486665..161487987	3.12966	.
B73_chr7	162835836	162841168	LTRRT_39272	B73_chr7	162835130	162835880	meth_B73.ref_B73_7:162835130..162835880	0.945946	.
B73_chr7	162835836	162841168	LTRRT_39272	B73_chr7	162841090	162849526	meth_B73.ref_B73_7:162841090..162849526	0.386653	.
B73_chr7	163436234	163441566	LTRRT_39289	B73_chr7	163436920	163437135	meth_B73.ref_B73_7:163436920..163437135	14.7059	.
B73_chr7	163436234	163441566	LTRRT_39289	B73_chr7	163437385	163438550	meth_B73.ref_B73_7:163437385..163438550	1.21212	.
B73_chr7	163436234	163441566	LTRRT_39289	B73_chr7	163441474	163448798	meth_B73.ref_B73_7:163441474..163448798	0.416811	.
B73_chr7	163750387	163763497	LTRRT_39296	B73_chr7	163756494	163756645	meth_B73.ref_B73_7:163756494..163756645	17.5439	.
B73_chr7	163918511	163934082	LTRRT_39300	B73_chr7	163920392	163920565	meth_B73.ref_B73_7:163920392..163920565	15.1685	.
B73_chr7	163990096	163993200	LTRRT_39302	B73_chr7	163988739	163990111	meth_B73.ref_B73_7:163988739..163990111	1.21304	.
B73_chr7	164060380	164072369	LTRRT_39304	B73_chr7	164062611	164062770	meth_B73.ref_B73_7:164062611..164062770	13.9535	.
B73_chr7	164534011	164539341	LTRRT_39311	B73_chr7	164532404	164534190	meth_B73.ref_B73_7:164532404..164534190	0.805153	.
B73_chr7	164886349	164895361	LTRRT_39317	B73_chr7	164893603	164893866	meth_B73.ref_B73_7:164893603..164893866	16	.
B73_chr7	166233556	166242522	LTRRT_39355	B73_chr7	166241540	166241721	meth_B73.ref_B73_7:166241540..166241721	14	.
B73_chr7	166608964	166624013	LTRRT_39363	B73_chr7	166622754	166623611	meth_B73.ref_B73_7:166622754..166623611	0.550964	.
B73_chr7	166811259	166819378	LTRRT_39368	B73_chr7	166806417	166811302	meth_B73.ref_B73_7:166806417..166811302	0.217654	.
B73_chr7	166835288	166850685	LTRRT_39369	B73_chr7	166836802	166837378	meth_B73.ref_B73_7:166836802..166837378	3.40909	.
B73_chr7	166835288	166850685	LTRRT_39369	B73_chr7	166847862	166848036	meth_B73.ref_B73_7:166847862..166848036	3.09735	.
B73_chr7	167172380	167178282	LTRRT_39378	B73_chr7	167171368	167172382	meth_B73.ref_B73_7:167171368..167172382	0.327869	.
B73_chr7	167172380	167178282	LTRRT_39378	B73_chr7	167177092	167178013	meth_B73.ref_B73_7:167177092..167178013	0.210748	.
B73_chr7	168863372	168868783	LTRRT_39419	B73_chr7	168868501	168870187	meth_B73.ref_B73_7:168868501..168870187	1.83121	.
B73_chr7	169589984	169596740	LTRRT_39437	B73_chr7	169595694	169596328	meth_B73.ref_B73_7:169595694..169596328	0	.
B73_chr7	170173552	170179572	LTRRT_39456	B73_chr7	170172986	170173602	meth_B73.ref_B73_7:170172986..170173602	1.03306	.
B73_chr7	170364781	170369043	LTRRT_39459	B73_chr7	170369000	170371037	meth_B73.ref_B73_7:170369000..170371037	0.995733	.
B73_chr7	171786062	171792157	LTRRT_39489	B73_chr7	171790986	171791715	meth_B73.ref_B73_7:171790986..171791715	0.613497	.
B73_chr7	171786062	171792157	LTRRT_39489	B73_chr7	171792118	171793708	meth_B73.ref_B73_7:171792118..171793708	1.05171	.
B73_chr7	172425367	172430492	LTRRT_39501	B73_chr7	172429813	172430280	meth_B73.ref_B73_7:172429813..172430280	12.6126	.
B73_chr7	172425367	172430492	LTRRT_39501	B73_chr7	172430464	172431990	meth_B73.ref_B73_7:172430464..172431990	0.33761	.
B73_chr7	172425367	172430492	LTRRT_39501	B73_chr7	172421126	172425475	meth_B73.ref_B73_7:172421126..172425475	2.4033	.
B73_chr7	172687934	172692732	LTRRT_39510	B73_chr7	172692730	172693166	meth_B73.ref_B73_7:172692730..172693166	1.63265	.
B73_chr7	172687934	172692732	LTRRT_39510	B73_chr7	172685388	172687959	meth_B73.ref_B73_7:172685388..172687959	0.0486381	.
B73_chr7	174609910	174624243	LTRRT_39556	B73_chr7	174607995	174609958	meth_B73.ref_B73_7:174607995..174609958	2.8013	.
B73_chr7	174609910	174624243	LTRRT_39556	B73_chr7	174624022	174634797	meth_B73.ref_B73_7:174624022..174634797	0.791783	.
B73_chr7	175590265	175603878	LTRRT_39576	B73_chr7	175601767	175601966	meth_B73.ref_B73_7:175601767..175601966	9.7561	.
B73_chr7	175827793	175837099	LTRRT_39583	B73_chr7	175819037	175827829	meth_B73.ref_B73_7:175819037..175827829	0.60662	.
B73_chr7	176647007	176657213	LTRRT_39603	B73_chr7	176657201	176659519	meth_B73.ref_B73_7:176657201..176659519	0.673149	.
B73_chr7	177507973	177513267	LTRRT_39625	B73_chr7	177513186	177516918	meth_B73.ref_B73_7:177513186..177516918	0.7724	.
B73_chr7	179619663	179629012	LTRRT_39677	B73_chr7	179619967	179620174	meth_B73.ref_B73_7:179619967..179620174	15	.
B73_chr7	179886587	179898196	LTRRT_39682	B73_chr7	179897279	179897481	meth_B73.ref_B73_7:179897279..179897481	11.1111	.
B73_chr7	180022713	180024857	LTRRT_39686	B73_chr7	180020679	180023299	meth_B73.ref_B73_7:180020679..180023299	1.3915	.
B73_chr7	180022713	180024857	LTRRT_39686	B73_chr7	180024744	180027059	meth_B73.ref_B73_7:180024744..180027059	1.8285	.
B73_chr7	180170206	180177684	LTRRT_39689	B73_chr7	180177603	180186197	meth_B73.ref_B73_7:180177603..180186197	0.733402	.
B73_chr7	180474403	180476499	LTRRT_39699	B73_chr7	180473197	180474702	meth_B73.ref_B73_7:180473197..180474702	2.50169	.
B73_chr7	180538378	180553300	LTRRT_39701	B73_chr7	180552084	180552280	meth_B73.ref_B73_7:180552084..180552280	0	.
B73_chr7	181070771	181080222	LTRRT_39714	B73_chr7	181070984	181071191	meth_B73.ref_B73_7:181070984..181071191	16.6667	.
B73_chr7	181291869	181301121	LTRRT_39720	B73_chr7	181299649	181299858	meth_B73.ref_B73_7:181299649..181299858	13.6364	.
B73_chr7	181892822	181902338	LTRRT_39732	B73_chr7	181893242	181893518	meth_B73.ref_B73_7:181893242..181893518	17.8571	.
B73_chr7	182017547	182023555	LTRRT_39737	B73_chr7	182022531	182023030	meth_B73.ref_B73_7:182022531..182023030	0.892857	.
B73_chr7	182197073	182206575	LTRRT_39741	B73_chr7	182201547	182201761	meth_B73.ref_B73_7:182201547..182201761	18.6047	.
B73_chr7	182209225	182215651	LTRRT_39742	B73_chr7	182208610	182209227	meth_B73.ref_B73_7:182208610..182209227	4.87179	.
B73_chr7	182944854	182952107	LTRRT_39755	B73_chr7	182952040	182952906	meth_B73.ref_B73_7:182952040..182952906	4.97512	.
B73_chr7	182944854	182952107	LTRRT_39755	B73_chr7	182940343	182945077	meth_B73.ref_B73_7:182940343..182945077	1.27907	.
B73_chr7	183176569	183188352	LTRRT_39765	B73_chr7	183183999	183184157	meth_B73.ref_B73_7:183183999..183184157	13.7931	.
B73_chr7	183767347	183773501	LTRRT_39777	B73_chr7	183766326	183767349	meth_B73.ref_B73_7:183766326..183767349	1.67323	.
B73_chr7	183767347	183773501	LTRRT_39777	B73_chr7	183773465	183776761	meth_B73.ref_B73_7:183773465..183776761	0.884173	.
B73_chr7	184070596	184082280	LTRRT_39785	B73_chr7	184077662	184077828	meth_B73.ref_B73_7:184077662..184077828	7.31707	.
B73_chr7	185092947	185104104	LTRRT_39809	B73_chr7	185103300	185103487	meth_B73.ref_B73_7:185103300..185103487	7.31707	.
B73_chr8	278552	295577	LTRRT_39833	B73_chr8	294812	294991	meth_B73.ref_B73_8:294812..294991	13.9037	.
B73_chr8	401539	410893	LTRRT_39836	B73_chr8	400852	401588	meth_B73.ref_B73_8:400852..401588	4.0293	.
B73_chr8	401539	410893	LTRRT_39836	B73_chr8	410803	413038	meth_B73.ref_B73_8:410803..413038	1.86113	.
B73_chr8	654783	659070	LTRRT_39844	B73_chr8	658978	659627	meth_B73.ref_B73_8:658978..659627	1.2987	.
B73_chr8	766865	776120	LTRRT_39846	B73_chr8	775863	776140	meth_B73.ref_B73_8:775863..776140	18.75	.
B73_chr8	1134672	1139546	LTRRT_39852	B73_chr8	1139534	1141419	meth_B73.ref_B73_8:1139534..1141419	3.61967	.
B73_chr8	3142536	3151510	LTRRT_39906	B73_chr8	3145191	3145376	meth_B73.ref_B73_8:3145191..3145376	10.7143	.
B73_chr8	3187505	3193686	LTRRT_39907	B73_chr8	3193652	3194759	meth_B73.ref_B73_8:3193652..3194759	3.95833	.
B73_chr8	4008700	4023724	LTRRT_39931	B73_chr8	4011063	4011215	meth_B73.ref_B73_8:4011063..4011215	8.21918	.
B73_chr8	4161267	4174156	LTRRT_39935	B73_chr8	4172549	4172741	meth_B73.ref_B73_8:4172549..4172741	8.69565	.
B73_chr8	4667526	4676865	LTRRT_39948	B73_chr8	4676810	4679960	meth_B73.ref_B73_8:4676810..4679960	1.02001	.
B73_chr8	4690601	4696140	LTRRT_39949	B73_chr8	4688380	4690798	meth_B73.ref_B73_8:4688380..4690798	1.78394	.
B73_chr8	4903021	4911222	LTRRT_39953	B73_chr8	4911220	4913753	meth_B73.ref_B73_8:4911220..4913753	0.520653	.
B73_chr8	5725215	5738616	LTRRT_39970	B73_chr8	5736719	5736877	meth_B73.ref_B73_8:5736719..5736877	4.16667	.
B73_chr8	5784290	5796571	LTRRT_39972	B73_chr8	5788138	5788843	meth_B73.ref_B73_8:5788138..5788843	1.15894	.
B73_chr8	7301067	7315179	LTRRT_40008	B73_chr8	7311854	7312040	meth_B73.ref_B73_8:7311854..7312040	12.9032	.
B73_chr8	7759437	7766283	LTRRT_40020	B73_chr8	7760875	7761515	meth_B73.ref_B73_8:7760875..7761515	3.44828	.
B73_chr8	7759437	7766283	LTRRT_40020	B73_chr8	7765495	7765803	meth_B73.ref_B73_8:7765495..7765803	0	.
B73_chr8	8517482	8522720	LTRRT_40038	B73_chr8	8514200	8518152	meth_B73.ref_B73_8:8514200..8518152	1.905	.
B73_chr8	8517482	8522720	LTRRT_40038	B73_chr8	8518220	8520389	meth_B73.ref_B73_8:8518220..8520389	5.76923	.
B73_chr8	9062952	9071935	LTRRT_40050	B73_chr8	9063654	9063851	meth_B73.ref_B73_8:9063654..9063851	7.14286	.
B73_chr8	9301841	9311311	LTRRT_40055	B73_chr8	9302959	9303136	meth_B73.ref_B73_8:9302959..9303136	16.2791	.
B73_chr8	10364160	10368970	LTRRT_40085	B73_chr8	10363289	10364186	meth_B73.ref_B73_8:10363289..10364186	1.76849	.
B73_chr8	10364160	10368970	LTRRT_40085	B73_chr8	10368956	10369508	meth_B73.ref_B73_8:10368956..10369508	1.11359	.
B73_chr8	11087484	11099239	LTRRT_40106	B73_chr8	11087809	11088078	meth_B73.ref_B73_8:11087809..11088078	0	.
B73_chr8	11650949	11661240	LTRRT_40120	B73_chr8	11659138	11659297	meth_B73.ref_B73_8:11659138..11659297	14.2857	.
B73_chr8	12585840	12601773	LTRRT_40147	B73_chr8	12597681	12597837	meth_B73.ref_B73_8:12597681..12597837	14.2857	.
B73_chr8	13229768	13233160	LTRRT_40168	B73_chr8	13229976	13232902	meth_B73.ref_B73_8:13229976..13232902	1.05802	.
B73_chr8	13229768	13233160	LTRRT_40168	B73_chr8	13233029	13233711	meth_B73.ref_B73_8:13233029..13233711	3.9039	.
B73_chr8	13233761	13239572	LTRRT_40169	B73_chr8	13238662	13239134	meth_B73.ref_B73_8:13238662..13239134	2.43902	.
B73_chr8	13307296	13313230	LTRRT_40171	B73_chr8	13313216	13316529	meth_B73.ref_B73_8:13313216..13316529	3.72846	.
B73_chr8	13440680	13446359	LTRRT_40178	B73_chr8	13446270	13447293	meth_B73.ref_B73_8:13446270..13447293	0.123001	.
B73_chr8	14864313	14877850	LTRRT_40216	B73_chr8	14876130	14876324	meth_B73.ref_B73_8:14876130..14876324	0	.
B73_chr8	15047027	15053689	LTRRT_40221	B73_chr8	15051747	15053448	meth_B73.ref_B73_8:15051747..15053448	0.717703	.
B73_chr8	16397953	16406360	LTRRT_40257	B73_chr8	16404285	16405927	meth_B73.ref_B73_8:16404285..16405927	0.480769	.
B73_chr8	17382862	17388283	LTRRT_40274	B73_chr8	17388201	17388863	meth_B73.ref_B73_8:17388201..17388863	0.519481	.
B73_chr8	17730775	17736304	LTRRT_40285	B73_chr8	17728204	17730964	meth_B73.ref_B73_8:17728204..17730964	1.27728	.
B73_chr8	18412571	18419416	LTRRT_40313	B73_chr8	18413050	18413399	meth_B73.ref_B73_8:18413050..18413399	0	.
B73_chr8	18412571	18419416	LTRRT_40313	B73_chr8	18417441	18417919	meth_B73.ref_B73_8:18417441..18417919	2.38095	.
B73_chr8	18420778	18436312	LTRRT_40314	B73_chr8	18433349	18433671	meth_B73.ref_B73_8:18433349..18433671	7.5188	.
B73_chr8	18459484	18468770	LTRRT_40315	B73_chr8	18468528	18468698	meth_B73.ref_B73_8:18468528..18468698	10.7143	.
B73_chr8	18553136	18559427	LTRRT_40320	B73_chr8	18553518	18554516	meth_B73.ref_B73_8:18553518..18554516	0.949367	.
B73_chr8	18809039	18814250	LTRRT_40329	B73_chr8	18813946	18815350	meth_B73.ref_B73_8:18813946..18815350	7.51503	.
B73_chr8	19274808	19288764	LTRRT_40340	B73_chr8	19284327	19284520	meth_B73.ref_B73_8:19284327..19284520	3.92157	.
B73_chr8	20627194	20637009	LTRRT_40372	B73_chr8	20634653	20634811	meth_B73.ref_B73_8:20634653..20634811	9.67742	.
B73_chr8	20788319	20801731	LTRRT_40378	B73_chr8	20790296	20790716	meth_B73.ref_B73_8:20790296..20790716	11.1765	.
B73_chr8	21269420	21276831	LTRRT_40392	B73_chr8	21269068	21269438	meth_B73.ref_B73_8:21269068..21269438	1.51515	.
B73_chr8	21491248	21508718	LTRRT_40398	B73_chr8	21500240	21500398	meth_B73.ref_B73_8:21500240..21500398	0	.
B73_chr8	21491248	21508718	LTRRT_40398	B73_chr8	21500501	21500731	meth_B73.ref_B73_8:21500501..21500731	10.9375	.
B73_chr8	21491248	21508718	LTRRT_40398	B73_chr8	21495718	21496496	meth_B73.ref_B73_8:21495718..21496496	4.16667	.
B73_chr8	22302222	22315123	LTRRT_40422	B73_chr8	22306052	22306562	meth_B73.ref_B73_8:22306052..22306562	0.25641	.
B73_chr8	22302222	22315123	LTRRT_40422	B73_chr8	22313983	22314464	meth_B73.ref_B73_8:22313983..22314464	0.568182	.
B73_chr8	22723593	22736951	LTRRT_40430	B73_chr8	22735173	22735349	meth_B73.ref_B73_8:22735173..22735349	12.1212	.
B73_chr8	23793006	23800002	LTRRT_40452	B73_chr8	23793612	23794120	meth_B73.ref_B73_8:23793612..23794120	9.94152	.
B73_chr8	23793006	23800002	LTRRT_40452	B73_chr8	23797941	23798380	meth_B73.ref_B73_8:23797941..23798380	13.4426	.
B73_chr8	24275932	24287698	LTRRT_40465	B73_chr8	24286265	24286489	meth_B73.ref_B73_8:24286265..24286489	16	.
B73_chr8	24515089	24530134	LTRRT_40473	B73_chr8	24516954	24517170	meth_B73.ref_B73_8:24516954..24517170	6.73077	.
B73_chr8	24655041	24662311	LTRRT_40475	B73_chr8	24653168	24655093	meth_B73.ref_B73_8:24653168..24655093	2.16949	.
B73_chr8	24655041	24662311	LTRRT_40475	B73_chr8	24655231	24655619	meth_B73.ref_B73_8:24655231..24655619	1.92308	.
B73_chr8	24655041	24662311	LTRRT_40475	B73_chr8	24655773	24656361	meth_B73.ref_B73_8:24655773..24656361	1.92308	.
B73_chr8	24910971	24914277	LTRRT_40479	B73_chr8	24909964	24910986	meth_B73.ref_B73_8:24909964..24910986	0.309917	.
B73_chr8	25607079	25622645	LTRRT_40500	B73_chr8	25608945	25609119	meth_B73.ref_B73_8:25608945..25609119	12.8205	.
B73_chr8	25607079	25622645	LTRRT_40500	B73_chr8	25619822	25619996	meth_B73.ref_B73_8:25619822..25619996	11.4155	.
B73_chr8	26136903	26150578	LTRRT_40513	B73_chr8	26140068	26140831	meth_B73.ref_B73_8:26140068..26140831	6.88525	.
B73_chr8	26136903	26150578	LTRRT_40513	B73_chr8	26147746	26148509	meth_B73.ref_B73_8:26147746..26148509	10.2134	.
B73_chr8	26303975	26313341	LTRRT_40518	B73_chr8	26304409	26305176	meth_B73.ref_B73_8:26304409..26305176	2.75	.
B73_chr8	26303975	26313341	LTRRT_40518	B73_chr8	26311574	26312287	meth_B73.ref_B73_8:26311574..26312287	9.87342	.
B73_chr8	26560964	26574824	LTRRT_40528	B73_chr8	26570454	26570801	meth_B73.ref_B73_8:26570454..26570801	11.5385	.
B73_chr8	26955181	26968942	LTRRT_40536	B73_chr8	26967161	26967331	meth_B73.ref_B73_8:26967161..26967331	11.1111	.
B73_chr8	27167789	27175726	LTRRT_40540	B73_chr8	27168376	27168555	meth_B73.ref_B73_8:27168376..27168555	18.0258	.
B73_chr8	27366823	27379714	LTRRT_40547	B73_chr8	27367934	27368289	meth_B73.ref_B73_8:27367934..27368289	12.5	.
B73_chr8	27569325	27572534	LTRRT_40552	B73_chr8	27569677	27571775	meth_B73.ref_B73_8:27569677..27571775	1.9802	.
B73_chr8	27569325	27572534	LTRRT_40552	B73_chr8	27572521	27573342	meth_B73.ref_B73_8:27572521..27573342	1.47059	.
B73_chr8	27707533	27722495	LTRRT_40553	B73_chr8	27709721	27710033	meth_B73.ref_B73_8:27709721..27710033	5.45455	.
B73_chr8	27707533	27722495	LTRRT_40553	B73_chr8	27720424	27720609	meth_B73.ref_B73_8:27720424..27720609	7.40741	.
B73_chr8	28136228	28145388	LTRRT_40563	B73_chr8	28137233	28138292	meth_B73.ref_B73_8:28137233..28138292	4.17149	.
B73_chr8	28136228	28145388	LTRRT_40563	B73_chr8	28143915	28144942	meth_B73.ref_B73_8:28143915..28144942	3.89447	.
B73_chr8	28915632	28931809	LTRRT_40580	B73_chr8	28920055	28920366	meth_B73.ref_B73_8:28920055..28920366	14.2157	.
B73_chr8	29446393	29454064	LTRRT_40598	B73_chr8	29453394	29453712	meth_B73.ref_B73_8:29453394..29453712	10.9375	.
B73_chr8	29863141	29868555	LTRRT_40613	B73_chr8	29868513	29872797	meth_B73.ref_B73_8:29868513..29872797	0.691598	.
B73_chr8	29987754	29994581	LTRRT_40616	B73_chr8	29988286	29988546	meth_B73.ref_B73_8:29988286..29988546	9.58084	.
B73_chr8	29987754	29994581	LTRRT_40616	B73_chr8	29988622	29988936	meth_B73.ref_B73_8:29988622..29988936	18.0645	.
B73_chr8	29987754	29994581	LTRRT_40616	B73_chr8	29992462	29993074	meth_B73.ref_B73_8:29992462..29993074	8.63636	.
B73_chr8	30267041	30274553	LTRRT_40622	B73_chr8	30273134	30273306	meth_B73.ref_B73_8:30273134..30273306	11.1111	.
B73_chr8	30884107	30894383	LTRRT_40634	B73_chr8	30887380	30888082	meth_B73.ref_B73_8:30887380..30888082	7.69231	.
B73_chr8	30943187	30958761	LTRRT_40635	B73_chr8	30950457	30950636	meth_B73.ref_B73_8:30950457..30950636	15.9091	.
B73_chr8	31047747	31056053	LTRRT_40639	B73_chr8	31048216	31049387	meth_B73.ref_B73_8:31048216..31049387	0.170358	.
B73_chr8	31296236	31304048	LTRRT_40645	B73_chr8	31303166	31303333	meth_B73.ref_B73_8:31303166..31303333	3.57143	.
B73_chr8	31835462	31850264	LTRRT_40656	B73_chr8	31837510	31838638	meth_B73.ref_B73_8:31837510..31838638	5.56537	.
B73_chr8	31835462	31850264	LTRRT_40656	B73_chr8	31845567	31846847	meth_B73.ref_B73_8:31845567..31846847	7.63359	.
B73_chr8	31906559	31916362	LTRRT_40657	B73_chr8	31907070	31907829	meth_B73.ref_B73_8:31907070..31907829	1.21457	.
B73_chr8	31906559	31916362	LTRRT_40657	B73_chr8	31914387	31915240	meth_B73.ref_B73_8:31914387..31915240	3.9604	.
B73_chr8	32135338	32144491	LTRRT_40662	B73_chr8	32135846	32136700	meth_B73.ref_B73_8:32135846..32136700	3.88514	.
B73_chr8	32135338	32144491	LTRRT_40662	B73_chr8	32142392	32143443	meth_B73.ref_B73_8:32142392..32143443	1.24224	.
B73_chr8	32377310	32387398	LTRRT_40668	B73_chr8	32376659	32377365	meth_B73.ref_B73_8:32376659..32377365	1.61002	.
B73_chr8	32434001	32443800	LTRRT_40669	B73_chr8	32434427	32435252	meth_B73.ref_B73_8:32434427..32435252	3.77358	.
B73_chr8	32434001	32443800	LTRRT_40669	B73_chr8	32441935	32442678	meth_B73.ref_B73_8:32441935..32442678	4.09836	.
B73_chr8	32780176	32789386	LTRRT_40679	B73_chr8	32781178	32782079	meth_B73.ref_B73_8:32781178..32782079	3.386	.
B73_chr8	32780176	32789386	LTRRT_40679	B73_chr8	32788122	32788880	meth_B73.ref_B73_8:32788122..32788880	3.33333	.
B73_chr8	32864194	32872211	LTRRT_40681	B73_chr8	32868491	32869879	meth_B73.ref_B73_8:32868491..32869879	1.11193	.
B73_chr8	32979165	32989340	LTRRT_40683	B73_chr8	32987835	32988824	meth_B73.ref_B73_8:32987835..32988824	1.66389	.
B73_chr8	32979165	32989340	LTRRT_40683	B73_chr8	32980230	32981207	meth_B73.ref_B73_8:32980230..32981207	1.53257	.
B73_chr8	33375329	33382235	LTRRT_40689	B73_chr8	33375673	33376500	meth_B73.ref_B73_8:33375673..33376500	4.07125	.
B73_chr8	33375329	33382235	LTRRT_40689	B73_chr8	33380120	33380851	meth_B73.ref_B73_8:33380120..33380851	4.363	.
B73_chr8	33932856	33936034	LTRRT_40699	B73_chr8	33932340	33932872	meth_B73.ref_B73_8:33932340..33932872	4.91453	.
B73_chr8	34201950	34203887	LTRRT_40705	B73_chr8	34200211	34202030	meth_B73.ref_B73_8:34200211..34202030	5.00963	.
B73_chr8	34306253	34313103	LTRRT_40708	B73_chr8	34311872	34312866	meth_B73.ref_B73_8:34311872..34312866	8.12294	.
B73_chr8	34559515	34566351	LTRRT_40713	B73_chr8	34559946	34560694	meth_B73.ref_B73_8:34559946..34560694	9.44882	.
B73_chr8	34559515	34566351	LTRRT_40713	B73_chr8	34564227	34564835	meth_B73.ref_B73_8:34564227..34564835	8.59375	.
B73_chr8	35213973	35228960	LTRRT_40727	B73_chr8	35216245	35216459	meth_B73.ref_B73_8:35216245..35216459	5.08475	.
B73_chr8	35293655	35305158	LTRRT_40730	B73_chr8	35294243	35294520	meth_B73.ref_B73_8:35294243..35294520	19.8198	.
B73_chr8	35293655	35305158	LTRRT_40730	B73_chr8	35304510	35304692	meth_B73.ref_B73_8:35304510..35304692	18	.
B73_chr8	36091458	36100845	LTRRT_40748	B73_chr8	36092035	36092766	meth_B73.ref_B73_8:36092035..36092766	5.09259	.
B73_chr8	36091458	36100845	LTRRT_40748	B73_chr8	36099096	36099664	meth_B73.ref_B73_8:36099096..36099664	7.21311	.
B73_chr8	36091458	36100845	LTRRT_40748	B73_chr8	36100835	36102000	meth_B73.ref_B73_8:36100835..36102000	2.08696	.
B73_chr8	36250106	36256950	LTRRT_40753	B73_chr8	36250783	36251202	meth_B73.ref_B73_8:36250783..36251202	5.50459	.
B73_chr8	36250106	36256950	LTRRT_40753	B73_chr8	36254788	36254976	meth_B73.ref_B73_8:36254788..36254976	8.69565	.
B73_chr8	36250106	36256950	LTRRT_40753	B73_chr8	36255127	36255447	meth_B73.ref_B73_8:36255127..36255447	1.42857	.
B73_chr8	36526120	36536778	LTRRT_40760	B73_chr8	36524581	36526132	meth_B73.ref_B73_8:36524581..36526132	0.923788	.
B73_chr8	37182833	37197661	LTRRT_40776	B73_chr8	37185476	37187506	meth_B73.ref_B73_8:37185476..37187506	4.7089	.
B73_chr8	37838424	37852488	LTRRT_40796	B73_chr8	37849860	37850058	meth_B73.ref_B73_8:37849860..37850058	7.69231	.
B73_chr8	38536261	38548336	LTRRT_40816	B73_chr8	38546491	38546789	meth_B73.ref_B73_8:38546491..38546789	7.54717	.
B73_chr8	39275593	39288304	LTRRT_40831	B73_chr8	39287265	39287441	meth_B73.ref_B73_8:39287265..39287441	12.1212	.
B73_chr8	39696213	39706009	LTRRT_40839	B73_chr8	39696722	39697507	meth_B73.ref_B73_8:39696722..39697507	5.57432	.
B73_chr8	39696213	39706009	LTRRT_40839	B73_chr8	39704062	39704938	meth_B73.ref_B73_8:39704062..39704938	6.38298	.
B73_chr8	39731783	39746802	LTRRT_40840	B73_chr8	39733640	39733854	meth_B73.ref_B73_8:39733640..39733854	10.1266	.
B73_chr8	39809296	39832438	LTRRT_40843	B73_chr8	39811313	39811795	meth_B73.ref_B73_8:39811313..39811795	8.16327	.
B73_chr8	39809296	39832438	LTRRT_40843	B73_chr8	39830107	39830421	meth_B73.ref_B73_8:39830107..39830421	11.215	.
B73_chr8	40406995	40420662	LTRRT_40854	B73_chr8	40409993	40410200	meth_B73.ref_B73_8:40409993..40410200	0	.
B73_chr8	40435792	40447599	LTRRT_40855	B73_chr8	40436582	40437943	meth_B73.ref_B73_8:40436582..40437943	3.77907	.
B73_chr8	40435792	40447599	LTRRT_40855	B73_chr8	40444388	40445956	meth_B73.ref_B73_8:40444388..40445956	3.02594	.
B73_chr8	40555946	40564211	LTRRT_40857	B73_chr8	40551530	40555983	meth_B73.ref_B73_8:40551530..40555983	0.164474	.
B73_chr8	40663135	40668803	LTRRT_40861	B73_chr8	40666741	40666898	meth_B73.ref_B73_8:40666741..40666898	0	.
B73_chr8	41909751	41924626	LTRRT_40889	B73_chr8	41912518	41912972	meth_B73.ref_B73_8:41912518..41912972	16.3043	.
B73_chr8	41909751	41924626	LTRRT_40889	B73_chr8	41920901	41921156	meth_B73.ref_B73_8:41920901..41921156	7.26257	.
B73_chr8	42176975	42185602	LTRRT_40895	B73_chr8	42180200	42181104	meth_B73.ref_B73_8:42180200..42181104	13.1653	.
B73_chr8	42291933	42306960	LTRRT_40898	B73_chr8	42304447	42304598	meth_B73.ref_B73_8:42304447..42304598	7.14286	.
B73_chr8	42868346	42876683	LTRRT_40908	B73_chr8	42869291	42869607	meth_B73.ref_B73_8:42869291..42869607	14.6341	.
B73_chr8	42962043	42976080	LTRRT_40910	B73_chr8	42965091	42965993	meth_B73.ref_B73_8:42965091..42965993	12.7018	.
B73_chr8	42962043	42976080	LTRRT_40910	B73_chr8	42973010	42973875	meth_B73.ref_B73_8:42973010..42973875	5.4721	.
B73_chr8	43322678	43337533	LTRRT_40919	B73_chr8	43324518	43324693	meth_B73.ref_B73_8:43324518..43324693	0	.
B73_chr8	44224059	44236670	LTRRT_40937	B73_chr8	44225140	44225347	meth_B73.ref_B73_8:44225140..44225347	17.6471	.
B73_chr8	45041034	45053101	LTRRT_40955	B73_chr8	45047855	45048057	meth_B73.ref_B73_8:45047855..45048057	0	.
B73_chr8	45842094	45848931	LTRRT_40969	B73_chr8	45843470	45844168	meth_B73.ref_B73_8:45843470..45844168	10.929	.
B73_chr8	45842094	45848931	LTRRT_40969	B73_chr8	45847712	45848574	meth_B73.ref_B73_8:45847712..45848574	9.19811	.
B73_chr8	46183950	46206241	LTRRT_40974	B73_chr8	46204397	46205183	meth_B73.ref_B73_8:46204397..46205183	6.01589	.
B73_chr8	46183950	46206241	LTRRT_40974	B73_chr8	46185983	46186944	meth_B73.ref_B73_8:46185983..46186944	12.8824	.
B73_chr8	46222505	46233623	LTRRT_40976	B73_chr8	46223021	46224059	meth_B73.ref_B73_8:46223021..46224059	1.19284	.
B73_chr8	46222505	46233623	LTRRT_40976	B73_chr8	46230372	46230791	meth_B73.ref_B73_8:46230372..46230791	4.34783	.
B73_chr8	47182188	47191536	LTRRT_40999	B73_chr8	47183284	47183953	meth_B73.ref_B73_8:47183284..47183953	2.43309	.
B73_chr8	47182188	47191536	LTRRT_40999	B73_chr8	47190220	47190967	meth_B73.ref_B73_8:47190220..47190967	4.31655	.
B73_chr8	48251265	48257924	LTRRT_41033	B73_chr8	48251657	48252479	meth_B73.ref_B73_8:48251657..48252479	4.72103	.
B73_chr8	48251265	48257924	LTRRT_41033	B73_chr8	48255652	48256667	meth_B73.ref_B73_8:48255652..48256667	4.62287	.
B73_chr8	49692044	49709787	LTRRT_41076	B73_chr8	49707874	49708066	meth_B73.ref_B73_8:49707874..49708066	0	.
B73_chr8	49692044	49709787	LTRRT_41076	B73_chr8	49692537	49693209	meth_B73.ref_B73_8:49692537..49693209	1.03627	.
B73_chr8	50362192	50371510	LTRRT_41098	B73_chr8	50363228	50364140	meth_B73.ref_B73_8:50363228..50364140	12.8978	.
B73_chr8	50362192	50371510	LTRRT_41098	B73_chr8	50370171	50370914	meth_B73.ref_B73_8:50370171..50370914	8.34783	.
B73_chr8	50830090	50837660	LTRRT_41113	B73_chr8	50837280	50837477	meth_B73.ref_B73_8:50837280..50837477	15.5556	.
B73_chr8	50843685	50859847	LTRRT_41114	B73_chr8	50846197	50846497	meth_B73.ref_B73_8:50846197..50846497	14.4828	.
B73_chr8	50987350	50994920	LTRRT_41121	B73_chr8	50987607	50987888	meth_B73.ref_B73_8:50987607..50987888	17.6991	.
B73_chr8	51045988	51053562	LTRRT_41124	B73_chr8	51053246	51053636	meth_B73.ref_B73_8:51053246..51053636	18.6047	.
B73_chr8	51097431	51105004	LTRRT_41128	B73_chr8	51097640	51097811	meth_B73.ref_B73_8:51097640..51097811	18.0328	.
B73_chr8	51251037	51259944	LTRRT_41133	B73_chr8	51252930	51253095	meth_B73.ref_B73_8:51252930..51253095	6.89655	.
B73_chr8	51493014	51500582	LTRRT_41138	B73_chr8	51493188	51493429	meth_B73.ref_B73_8:51493188..51493429	6.81818	.
B73_chr8	51503735	51511306	LTRRT_41139	B73_chr8	51503971	51504180	meth_B73.ref_B73_8:51503971..51504180	13.3333	.
B73_chr8	51789108	51804229	LTRRT_41150	B73_chr8	51799468	51799684	meth_B73.ref_B73_8:51799468..51799684	5.45455	.
B73_chr8	51889490	51898606	LTRRT_41155	B73_chr8	51889944	51890763	meth_B73.ref_B73_8:51889944..51890763	4.4374	.
B73_chr8	51889490	51898606	LTRRT_41155	B73_chr8	51896512	51897297	meth_B73.ref_B73_8:51896512..51897297	6.74157	.
B73_chr8	51889490	51898606	LTRRT_41155	B73_chr8	51897441	51897638	meth_B73.ref_B73_8:51897441..51897638	6.75676	.
B73_chr8	51957710	51965279	LTRRT_41158	B73_chr8	51964876	51965096	meth_B73.ref_B73_8:51964876..51965096	12.6984	.
B73_chr8	52034992	52052376	LTRRT_41161	B73_chr8	52035743	52036205	meth_B73.ref_B73_8:52035743..52036205	0.662252	.
B73_chr8	52034992	52052376	LTRRT_41161	B73_chr8	52050524	52051213	meth_B73.ref_B73_8:52050524..52051213	2.75229	.
B73_chr8	53158248	53169736	LTRRT_41199	B73_chr8	53161707	53161900	meth_B73.ref_B73_8:53161707..53161900	14	.
B73_chr8	53708463	53722448	LTRRT_41210	B73_chr8	53710574	53711529	meth_B73.ref_B73_8:53710574..53711529	5.12397	.
B73_chr8	53708463	53722448	LTRRT_41210	B73_chr8	53718141	53719277	meth_B73.ref_B73_8:53718141..53719277	7.78267	.
B73_chr8	55948555	55964075	LTRRT_41263	B73_chr8	55962037	55962211	meth_B73.ref_B73_8:55962037..55962211	6.93642	.
B73_chr8	57864526	57873684	LTRRT_41311	B73_chr8	57865660	57866520	meth_B73.ref_B73_8:57865660..57866520	2.98013	.
B73_chr8	57864526	57873684	LTRRT_41311	B73_chr8	57872325	57873177	meth_B73.ref_B73_8:57872325..57873177	3.72493	.
B73_chr8	58078660	58088856	LTRRT_41313	B73_chr8	58079188	58080069	meth_B73.ref_B73_8:58079188..58080069	3.7037	.
B73_chr8	58078660	58088856	LTRRT_41313	B73_chr8	58086810	58087754	meth_B73.ref_B73_8:58086810..58087754	0.934579	.
B73_chr8	59966950	59976125	LTRRT_41349	B73_chr8	59968056	59968518	meth_B73.ref_B73_8:59968056..59968518	5.43478	.
B73_chr8	59966950	59976125	LTRRT_41349	B73_chr8	59974835	59975747	meth_B73.ref_B73_8:59974835..59975747	4.95356	.
B73_chr8	61452602	61466708	LTRRT_41386	B73_chr8	61463697	61464698	meth_B73.ref_B73_8:61463697..61464698	3.1185	.
B73_chr8	61452602	61466708	LTRRT_41386	B73_chr8	61455943	61456736	meth_B73.ref_B73_8:61455943..61456736	5.21978	.
B73_chr8	61593660	61611663	LTRRT_41389	B73_chr8	61601263	61602100	meth_B73.ref_B73_8:61601263..61602100	0.5997	.
B73_chr8	61652605	61662028	LTRRT_41391	B73_chr8	61660322	61660498	meth_B73.ref_B73_8:61660322..61660498	19.2308	.
B73_chr8	61835928	61845438	LTRRT_41398	B73_chr8	61843805	61843997	meth_B73.ref_B73_8:61843805..61843997	13.3333	.
B73_chr8	61935680	61945117	LTRRT_41402	B73_chr8	61944860	61945019	meth_B73.ref_B73_8:61944860..61945019	17.6471	.
B73_chr8	62253948	62264416	LTRRT_41408	B73_chr8	62263083	62263315	meth_B73.ref_B73_8:62263083..62263315	16.6667	.
B73_chr8	62545055	62558837	LTRRT_41417	B73_chr8	62551919	62552276	meth_B73.ref_B73_8:62551919..62552276	7.29927	.
B73_chr8	62545055	62558837	LTRRT_41417	B73_chr8	62554639	62554904	meth_B73.ref_B73_8:62554639..62554904	17.6471	.
B73_chr8	63528765	63539995	LTRRT_41443	B73_chr8	63539964	63542858	meth_B73.ref_B73_8:63539964..63542858	0.402212	.
B73_chr8	64058303	64063429	LTRRT_41460	B73_chr8	64062973	64066653	meth_B73.ref_B73_8:64062973..64066653	1.24069	.
B73_chr8	65182079	65189652	LTRRT_41489	B73_chr8	65187167	65187344	meth_B73.ref_B73_8:65187167..65187344	17.8571	.
B73_chr8	65225040	65240028	LTRRT_41491	B73_chr8	65237681	65237843	meth_B73.ref_B73_8:65237681..65237843	13.75	.
B73_chr8	66392254	66406061	LTRRT_41513	B73_chr8	66394337	66395312	meth_B73.ref_B73_8:66394337..66395312	10.1208	.
B73_chr8	66392254	66406061	LTRRT_41513	B73_chr8	66402000	66403189	meth_B73.ref_B73_8:66402000..66403189	7.13392	.
B73_chr8	66925312	66935985	LTRRT_41529	B73_chr8	66934715	66935537	meth_B73.ref_B73_8:66934715..66935537	0	.
B73_chr8	66925312	66935985	LTRRT_41529	B73_chr8	66927960	66928745	meth_B73.ref_B73_8:66927960..66928745	0.218341	.
B73_chr8	67326169	67335318	LTRRT_41543	B73_chr8	67327173	67328158	meth_B73.ref_B73_8:67327173..67328158	1.3624	.
B73_chr8	67326169	67335318	LTRRT_41543	B73_chr8	67333912	67334756	meth_B73.ref_B73_8:67333912..67334756	0.819672	.
B73_chr8	67575174	67581158	LTRRT_41548	B73_chr8	67581135	67581545	meth_B73.ref_B73_8:67581135..67581545	1.71674	.
B73_chr8	67635448	67653262	LTRRT_41551	B73_chr8	67641486	67642842	meth_B73.ref_B73_8:67641486..67642842	1.98171	.
B73_chr8	68495089	68499472	LTRRT_41571	B73_chr8	68493904	68495134	meth_B73.ref_B73_8:68493904..68495134	1.88552	.
B73_chr8	68707377	68721593	LTRRT_41578	B73_chr8	68709384	68710303	meth_B73.ref_B73_8:68709384..68710303	3.58209	.
B73_chr8	68707377	68721593	LTRRT_41578	B73_chr8	68717343	68718262	meth_B73.ref_B73_8:68717343..68718262	4.00729	.
B73_chr8	69173644	69184668	LTRRT_41592	B73_chr8	69176087	69177162	meth_B73.ref_B73_8:69176087..69177162	1.30435	.
B73_chr8	69173644	69184668	LTRRT_41592	B73_chr8	69183229	69184334	meth_B73.ref_B73_8:69183229..69184334	1.4978	.
B73_chr8	70099528	70118725	LTRRT_41615	B73_chr8	70116332	70116599	meth_B73.ref_B73_8:70116332..70116599	14.6341	.
B73_chr8	70433686	70438881	LTRRT_41622	B73_chr8	70438316	70438566	meth_B73.ref_B73_8:70438316..70438566	16.9591	.
B73_chr8	70649102	70664657	LTRRT_41627	B73_chr8	70661683	70661861	meth_B73.ref_B73_8:70661683..70661861	11.4754	.
B73_chr8	70766710	70775364	LTRRT_41630	B73_chr8	70772307	70773411	meth_B73.ref_B73_8:70772307..70773411	1.37825	.
B73_chr8	70885373	70896998	LTRRT_41633	B73_chr8	70885885	70887182	meth_B73.ref_B73_8:70885885..70887182	3.16957	.
B73_chr8	70885373	70896998	LTRRT_41633	B73_chr8	70894008	70894691	meth_B73.ref_B73_8:70894008..70894691	2.07715	.
B73_chr8	70885373	70896998	LTRRT_41633	B73_chr8	70893356	70893916	meth_B73.ref_B73_8:70893356..70893916	0.364299	.
B73_chr8	71272819	71282998	LTRRT_41641	B73_chr8	71273386	71274185	meth_B73.ref_B73_8:71273386..71274185	3.09278	.
B73_chr8	71272819	71282998	LTRRT_41641	B73_chr8	71281006	71281831	meth_B73.ref_B73_8:71281006..71281831	6.65323	.
B73_chr8	71822657	71833072	LTRRT_41660	B73_chr8	71823441	71823611	meth_B73.ref_B73_8:71823441..71823611	8.33333	.
B73_chr8	71871117	71878151	LTRRT_41662	B73_chr8	71870424	71871136	meth_B73.ref_B73_8:71870424..71871136	1.00575	.
B73_chr8	72051881	72068530	LTRRT_41665	B73_chr8	72060469	72061402	meth_B73.ref_B73_8:72060469..72061402	0	.
B73_chr8	72051881	72068530	LTRRT_41665	B73_chr8	72065120	72065784	meth_B73.ref_B73_8:72065120..72065784	0	.
B73_chr8	72242822	72252451	LTRRT_41669	B73_chr8	72252420	72254988	meth_B73.ref_B73_8:72252420..72254988	0.314713	.
B73_chr8	73173654	73182616	LTRRT_41691	B73_chr8	73178371	73178563	meth_B73.ref_B73_8:73178371..73178563	14.8148	.
B73_chr8	73608431	73624600	LTRRT_41700	B73_chr8	73623401	73623861	meth_B73.ref_B73_8:73623401..73623861	13.8889	.
B73_chr8	73786932	73794994	LTRRT_41706	B73_chr8	73787462	73788807	meth_B73.ref_B73_8:73787462..73788807	0.211864	.
B73_chr8	73786932	73794994	LTRRT_41706	B73_chr8	73792154	73793478	meth_B73.ref_B73_8:73792154..73793478	0	.
B73_chr8	74511778	74521117	LTRRT_41718	B73_chr8	74510914	74511898	meth_B73.ref_B73_8:74510914..74511898	7.47331	.
B73_chr8	74744024	74760320	LTRRT_41725	B73_chr8	74748725	74751448	meth_B73.ref_B73_8:74748725..74751448	0.126422	.
B73_chr8	74805128	74816336	LTRRT_41726	B73_chr8	74814304	74814478	meth_B73.ref_B73_8:74814304..74814478	12.8631	.
B73_chr8	76116328	76124686	LTRRT_41762	B73_chr8	76118314	76119897	meth_B73.ref_B73_8:76118314..76119897	2.0428	.
B73_chr8	76937332	76950467	LTRRT_41788	B73_chr8	76936653	76937356	meth_B73.ref_B73_8:76936653..76937356	1.62413	.
B73_chr8	77238628	77245539	LTRRT_41794	B73_chr8	77239115	77239512	meth_B73.ref_B73_8:77239115..77239512	12.4	.
B73_chr8	77283363	77298706	LTRRT_41795	B73_chr8	77286014	77286188	meth_B73.ref_B73_8:77286014..77286188	7.73481	.
B73_chr8	77385952	77395756	LTRRT_41798	B73_chr8	77387072	77387928	meth_B73.ref_B73_8:77387072..77387928	2.67176	.
B73_chr8	77385952	77395756	LTRRT_41798	B73_chr8	77394514	77395374	meth_B73.ref_B73_8:77394514..77395374	8.33333	.
B73_chr8	77623867	77633076	LTRRT_41803	B73_chr8	77624373	77625132	meth_B73.ref_B73_8:77624373..77625132	4.51264	.
B73_chr8	77623867	77633076	LTRRT_41803	B73_chr8	77631285	77632046	meth_B73.ref_B73_8:77631285..77632046	6.09756	.
B73_chr8	77870991	77876343	LTRRT_41810	B73_chr8	77869519	77871231	meth_B73.ref_B73_8:77869519..77871231	1.78685	.
B73_chr8	78205433	78212642	LTRRT_41815	B73_chr8	78212581	78213808	meth_B73.ref_B73_8:78212581..78213808	2.42991	.
B73_chr8	78291294	78298166	LTRRT_41818	B73_chr8	78291659	78292492	meth_B73.ref_B73_8:78291659..78292492	6.12245	.
B73_chr8	78291294	78298166	LTRRT_41818	B73_chr8	78296091	78296822	meth_B73.ref_B73_8:78296091..78296822	4.15335	.
B73_chr8	78450045	78460009	LTRRT_41824	B73_chr8	78459461	78459619	meth_B73.ref_B73_8:78459461..78459619	3.22581	.
B73_chr8	79315803	79319949	LTRRT_41844	B73_chr8	79318740	79319538	meth_B73.ref_B73_8:79318740..79319538	8.81612	.
B73_chr8	79315803	79319949	LTRRT_41844	B73_chr8	79319574	79320717	meth_B73.ref_B73_8:79319574..79320717	3.08099	.
B73_chr8	79855063	79863980	LTRRT_41858	B73_chr8	79861620	79861781	meth_B73.ref_B73_8:79861620..79861781	17.6471	.
B73_chr8	80953647	80961646	LTRRT_41881	B73_chr8	80960587	80961063	meth_B73.ref_B73_8:80960587..80961063	0	.
B73_chr8	81230283	81246459	LTRRT_41888	B73_chr8	81234156	81234776	meth_B73.ref_B73_8:81234156..81234776	4.48029	.
B73_chr8	81230283	81246459	LTRRT_41888	B73_chr8	81238502	81239235	meth_B73.ref_B73_8:81238502..81239235	6.98925	.
B73_chr8	82254710	82270287	LTRRT_41907	B73_chr8	82257351	82257677	meth_B73.ref_B73_8:82257351..82257677	6.875	.
B73_chr8	82254710	82270287	LTRRT_41907	B73_chr8	82268241	82268567	meth_B73.ref_B73_8:82268241..82268567	7.25806	.
B73_chr8	82275272	82290674	LTRRT_41908	B73_chr8	82277925	82278099	meth_B73.ref_B73_8:82277925..82278099	19.3277	.
B73_chr8	82306254	82314852	LTRRT_41909	B73_chr8	82308837	82309437	meth_B73.ref_B73_8:82308837..82309437	0	.
B73_chr8	83257204	83264158	LTRRT_41926	B73_chr8	83263543	83263795	meth_B73.ref_B73_8:83263543..83263795	15.1659	.
B73_chr8	83375353	83387226	LTRRT_41929	B73_chr8	83378901	83379113	meth_B73.ref_B73_8:83378901..83379113	0	.
B73_chr8	83375353	83387226	LTRRT_41929	B73_chr8	83379211	83379557	meth_B73.ref_B73_8:83379211..83379557	0	.
B73_chr8	83375353	83387226	LTRRT_41929	B73_chr8	83386244	83386422	meth_B73.ref_B73_8:83386244..83386422	2.17391	.
B73_chr8	83375353	83387226	LTRRT_41929	B73_chr8	83386588	83386957	meth_B73.ref_B73_8:83386588..83386957	0	.
B73_chr8	84058032	84071871	LTRRT_41947	B73_chr8	84059871	84061660	meth_B73.ref_B73_8:84059871..84061660	6.64424	.
B73_chr8	84058032	84071871	LTRRT_41947	B73_chr8	84068061	84069590	meth_B73.ref_B73_8:84068061..84069590	6.47482	.
B73_chr8	84213457	84221316	LTRRT_41951	B73_chr8	84211353	84213459	meth_B73.ref_B73_8:84211353..84213459	2.25225	.
B73_chr8	84636517	84645953	LTRRT_41960	B73_chr8	84637527	84637843	meth_B73.ref_B73_8:84637527..84637843	11.3636	.
B73_chr8	84837972	84843455	LTRRT_41968	B73_chr8	84837161	84838227	meth_B73.ref_B73_8:84837161..84838227	1.39969	.
B73_chr8	84939655	84948866	LTRRT_41972	B73_chr8	84940041	84940919	meth_B73.ref_B73_8:84940041..84940919	5.55556	.
B73_chr8	84939655	84948866	LTRRT_41972	B73_chr8	84947081	84947835	meth_B73.ref_B73_8:84947081..84947835	3.66972	.
B73_chr8	85104371	85111328	LTRRT_41978	B73_chr8	85104925	85105602	meth_B73.ref_B73_8:85104925..85105602	7.46753	.
B73_chr8	85104371	85111328	LTRRT_41978	B73_chr8	85109225	85109942	meth_B73.ref_B73_8:85109225..85109942	10.6087	.
B73_chr8	85320853	85334624	LTRRT_41985	B73_chr8	85323834	85324872	meth_B73.ref_B73_8:85323834..85324872	8.53308	.
B73_chr8	85320853	85334624	LTRRT_41985	B73_chr8	85331642	85332605	meth_B73.ref_B73_8:85331642..85332605	5.05872	.
B73_chr8	85973050	85986483	LTRRT_42005	B73_chr8	85975549	85975702	meth_B73.ref_B73_8:85975549..85975702	9.375	.
B73_chr8	86312892	86327887	LTRRT_42012	B73_chr8	86315075	86315388	meth_B73.ref_B73_8:86315075..86315388	13.1868	.
B73_chr8	86312892	86327887	LTRRT_42012	B73_chr8	86325560	86326022	meth_B73.ref_B73_8:86325560..86326022	9.92908	.
B73_chr8	87107928	87122582	LTRRT_42029	B73_chr8	87106685	87107940	meth_B73.ref_B73_8:87106685..87107940	1.11576	.
B73_chr8	87107928	87122582	LTRRT_42029	B73_chr8	87122580	87125379	meth_B73.ref_B73_8:87122580..87125379	1.95312	.
B73_chr8	87235904	87249905	LTRRT_42033	B73_chr8	87237017	87237181	meth_B73.ref_B73_8:87237017..87237181	6.66667	.
B73_chr8	87279444	87293845	LTRRT_42035	B73_chr8	87282831	87283767	meth_B73.ref_B73_8:87282831..87283767	5.10678	.
B73_chr8	87279444	87293845	LTRRT_42035	B73_chr8	87290751	87292039	meth_B73.ref_B73_8:87290751..87292039	4.85997	.
B73_chr8	87790650	87797536	LTRRT_42052	B73_chr8	87791015	87791203	meth_B73.ref_B73_8:87791015..87791203	10.6383	.
B73_chr8	87790650	87797536	LTRRT_42052	B73_chr8	87796224	87796492	meth_B73.ref_B73_8:87796224..87796492	8.05687	.
B73_chr8	87951388	87960518	LTRRT_42056	B73_chr8	87952521	87953378	meth_B73.ref_B73_8:87952521..87953378	2.63975	.
B73_chr8	87951388	87960518	LTRRT_42056	B73_chr8	87954948	87955102	meth_B73.ref_B73_8:87954948..87955102	10	.
B73_chr8	87951388	87960518	LTRRT_42056	B73_chr8	87959063	87960013	meth_B73.ref_B73_8:87959063..87960013	2.15983	.
B73_chr8	88443793	88459372	LTRRT_42067	B73_chr8	88445659	88445833	meth_B73.ref_B73_8:88445659..88445833	15.3285	.
B73_chr8	88570149	88580680	LTRRT_42069	B73_chr8	88569655	88570161	meth_B73.ref_B73_8:88569655..88570161	2.46305	.
B73_chr8	88687960	88689770	LTRRT_42073	B73_chr8	88689661	88691526	meth_B73.ref_B73_8:88689661..88691526	2.12892	.
B73_chr8	90271360	90280778	LTRRT_42110	B73_chr8	90271960	90272679	meth_B73.ref_B73_8:90271960..90272679	4.90196	.
B73_chr8	90271360	90280778	LTRRT_42110	B73_chr8	90278884	90279778	meth_B73.ref_B73_8:90278884..90279778	8.88889	.
B73_chr8	90462703	90477039	LTRRT_42116	B73_chr8	90464725	90465665	meth_B73.ref_B73_8:90464725..90465665	2.1978	.
B73_chr8	90462703	90477039	LTRRT_42116	B73_chr8	90467569	90467733	meth_B73.ref_B73_8:90467569..90467733	3.84615	.
B73_chr8	90462703	90477039	LTRRT_42116	B73_chr8	90472741	90473748	meth_B73.ref_B73_8:90472741..90473748	4.6875	.
B73_chr8	90462703	90477039	LTRRT_42116	B73_chr8	90475113	90475300	meth_B73.ref_B73_8:90475113..90475300	6.81818	.
B73_chr8	90462703	90477039	LTRRT_42116	B73_chr8	90475386	90475638	meth_B73.ref_B73_8:90475386..90475638	5.82524	.
B73_chr8	90643113	90655507	LTRRT_42120	B73_chr8	90653007	90653268	meth_B73.ref_B73_8:90653007..90653268	5.40541	.
B73_chr8	91331656	91338829	LTRRT_42137	B73_chr8	91338822	91340133	meth_B73.ref_B73_8:91338822..91340133	2.977	.
B73_chr8	91466478	91469029	LTRRT_42143	B73_chr8	91469000	91469624	meth_B73.ref_B73_8:91469000..91469624	1.34831	.
B73_chr8	91656053	91661562	LTRRT_42150	B73_chr8	91654865	91656158	meth_B73.ref_B73_8:91654865..91656158	2.83105	.
B73_chr8	91980564	91983397	LTRRT_42160	B73_chr8	91983353	91984131	meth_B73.ref_B73_8:91983353..91984131	0.391389	.
B73_chr8	93280854	93291548	LTRRT_42185	B73_chr8	93281416	93282440	meth_B73.ref_B73_8:93281416..93282440	0.194932	.
B73_chr8	93280854	93291548	LTRRT_42185	B73_chr8	93288119	93289147	meth_B73.ref_B73_8:93288119..93289147	0	.
B73_chr8	93466828	93479239	LTRRT_42191	B73_chr8	93478544	93478951	meth_B73.ref_B73_8:93478544..93478951	0	.
B73_chr8	93466828	93479239	LTRRT_42191	B73_chr8	93470615	93471022	meth_B73.ref_B73_8:93470615..93471022	0	.
B73_chr8	93587296	93592188	LTRRT_42192	B73_chr8	93592169	93594386	meth_B73.ref_B73_8:93592169..93594386	2.16931	.
B73_chr8	94165683	94173625	LTRRT_42203	B73_chr8	94170851	94171010	meth_B73.ref_B73_8:94170851..94171010	0	.
B73_chr8	94165683	94173625	LTRRT_42203	B73_chr8	94171094	94172353	meth_B73.ref_B73_8:94171094..94172353	0	.
B73_chr8	94218601	94225422	LTRRT_42204	B73_chr8	94219942	94220759	meth_B73.ref_B73_8:94219942..94220759	3.86473	.
B73_chr8	94218601	94225422	LTRRT_42204	B73_chr8	94224216	94224947	meth_B73.ref_B73_8:94224216..94224947	4.16667	.
B73_chr8	94901134	94906418	LTRRT_42221	B73_chr8	94900406	94901142	meth_B73.ref_B73_8:94900406..94901142	1.79028	.
B73_chr8	94901134	94906418	LTRRT_42221	B73_chr8	94905735	94905934	meth_B73.ref_B73_8:94905735..94905934	0	.
B73_chr8	94945359	94957071	LTRRT_42222	B73_chr8	94956748	94956951	meth_B73.ref_B73_8:94956748..94956951	7.69231	.
B73_chr8	97132684	97138090	LTRRT_42275	B73_chr8	97137984	97140508	meth_B73.ref_B73_8:97137984..97140508	0.464527	.
B73_chr8	97917723	97933282	LTRRT_42290	B73_chr8	97920331	97920545	meth_B73.ref_B73_8:97920331..97920545	5.22648	.
B73_chr8	97917723	97933282	LTRRT_42290	B73_chr8	97931055	97931416	meth_B73.ref_B73_8:97931055..97931416	10.1562	.
B73_chr8	98559776	98566031	LTRRT_42312	B73_chr8	98564816	98565480	meth_B73.ref_B73_8:98564816..98565480	2.18409	.
B73_chr8	98860008	98866241	LTRRT_42320	B73_chr8	98864878	98865803	meth_B73.ref_B73_8:98864878..98865803	2.06452	.
B73_chr8	99216925	99219961	LTRRT_42327	B73_chr8	99219825	99221030	meth_B73.ref_B73_8:99219825..99221030	0.892857	.
B73_chr8	99282693	99290225	LTRRT_42329	B73_chr8	99284230	99284806	meth_B73.ref_B73_8:99284230..99284806	1.53061	.
B73_chr8	99282693	99290225	LTRRT_42329	B73_chr8	99288861	99289524	meth_B73.ref_B73_8:99288861..99289524	2.23124	.
B73_chr8	99484256	99503939	LTRRT_42334	B73_chr8	99485354	99486235	meth_B73.ref_B73_8:99485354..99486235	5.19878	.
B73_chr8	99484256	99503939	LTRRT_42334	B73_chr8	99502881	99503244	meth_B73.ref_B73_8:99502881..99503244	9.14634	.
B73_chr8	100534504	100546325	LTRRT_42361	B73_chr8	100546271	100548509	meth_B73.ref_B73_8:100546271..100548509	0.947075	.
B73_chr8	100732635	100739238	LTRRT_42366	B73_chr8	100738385	100738651	meth_B73.ref_B73_8:100738385..100738651	14.6067	.
B73_chr8	101518841	101533188	LTRRT_42386	B73_chr8	101522206	101523144	meth_B73.ref_B73_8:101522206..101523144	10.101	.
B73_chr8	101518841	101533188	LTRRT_42386	B73_chr8	101530036	101531165	meth_B73.ref_B73_8:101530036..101531165	7.74366	.
B73_chr8	101677378	101686333	LTRRT_42389	B73_chr8	101678432	101678585	meth_B73.ref_B73_8:101678432..101678585	11.5385	.
B73_chr8	101927237	101942820	LTRRT_42394	B73_chr8	101928961	101929218	meth_B73.ref_B73_8:101928961..101929218	8.98876	.
B73_chr8	102002101	102013871	LTRRT_42395	B73_chr8	102002840	102003315	meth_B73.ref_B73_8:102002840..102003315	0	.
B73_chr8	102002101	102013871	LTRRT_42395	B73_chr8	102003488	102004045	meth_B73.ref_B73_8:102003488..102004045	0	.
B73_chr8	102002101	102013871	LTRRT_42395	B73_chr8	102010259	102010763	meth_B73.ref_B73_8:102010259..102010763	0.353357	.
B73_chr8	102152113	102161220	LTRRT_42398	B73_chr8	102159566	102159778	meth_B73.ref_B73_8:102159566..102159778	11.2903	.
B73_chr8	102358604	102367668	LTRRT_42407	B73_chr8	102359268	102359494	meth_B73.ref_B73_8:102359268..102359494	4	.
B73_chr8	102376152	102391736	LTRRT_42408	B73_chr8	102378801	102378975	meth_B73.ref_B73_8:102378801..102378975	11.8812	.
B73_chr8	102376152	102391736	LTRRT_42408	B73_chr8	102389758	102390016	meth_B73.ref_B73_8:102389758..102390016	6.31579	.
B73_chr8	102605390	102618238	LTRRT_42412	B73_chr8	102614280	102614509	meth_B73.ref_B73_8:102614280..102614509	11.1111	.
B73_chr8	103328965	103342908	LTRRT_42426	B73_chr8	103332065	103332585	meth_B73.ref_B73_8:103332065..103332585	13.7931	.
B73_chr8	103328965	103342908	LTRRT_42426	B73_chr8	103332641	103332990	meth_B73.ref_B73_8:103332641..103332990	15.8879	.
B73_chr8	103328965	103342908	LTRRT_42426	B73_chr8	103339745	103340394	meth_B73.ref_B73_8:103339745..103340394	10.7143	.
B73_chr8	103328965	103342908	LTRRT_42426	B73_chr8	103340451	103340639	meth_B73.ref_B73_8:103340451..103340639	13.1313	.
B73_chr8	103534878	103550368	LTRRT_42432	B73_chr8	103544116	103544293	meth_B73.ref_B73_8:103544116..103544293	13.4328	.
B73_chr8	104874327	104889886	LTRRT_42462	B73_chr8	104887849	104888023	meth_B73.ref_B73_8:104887849..104888023	5.16129	.
B73_chr8	104953007	104959871	LTRRT_42463	B73_chr8	104953432	104953615	meth_B73.ref_B73_8:104953432..104953615	11.8644	.
B73_chr8	104953007	104959871	LTRRT_42463	B73_chr8	104958491	104958956	meth_B73.ref_B73_8:104958491..104958956	6.875	.
B73_chr8	105001150	105015706	LTRRT_42465	B73_chr8	105012554	105013810	meth_B73.ref_B73_8:105012554..105013810	7.47967	.
B73_chr8	105001150	105015706	LTRRT_42465	B73_chr8	105004821	105005471	meth_B73.ref_B73_8:105004821..105005471	9.43396	.
B73_chr8	105268936	105280043	LTRRT_42471	B73_chr8	105272093	105273556	meth_B73.ref_B73_8:105272093..105273556	1.76391	.
B73_chr8	105268936	105280043	LTRRT_42471	B73_chr8	105278407	105279870	meth_B73.ref_B73_8:105278407..105279870	2.71565	.
B73_chr8	105389027	105401836	LTRRT_42476	B73_chr8	105393964	105394116	meth_B73.ref_B73_8:105393964..105394116	0	.
B73_chr8	105828155	105839876	LTRRT_42487	B73_chr8	105837398	105837643	meth_B73.ref_B73_8:105837398..105837643	15.3846	.
B73_chr8	107071844	107085443	LTRRT_42517	B73_chr8	107077640	107077794	meth_B73.ref_B73_8:107077640..107077794	16.2162	.
B73_chr8	107414115	107417594	LTRRT_42526	B73_chr8	107413480	107414619	meth_B73.ref_B73_8:107413480..107414619	1.51025	.
B73_chr8	107518739	107527736	LTRRT_42530	B73_chr8	107526789	107526940	meth_B73.ref_B73_8:107526789..107526940	6.25	.
B73_chr8	107903526	107916205	LTRRT_42542	B73_chr8	107914845	107915129	meth_B73.ref_B73_8:107914845..107915129	13.6364	.
B73_chr8	108096866	108110246	LTRRT_42548	B73_chr8	108109131	108109293	meth_B73.ref_B73_8:108109131..108109293	5.76923	.
B73_chr8	108229059	108235280	LTRRT_42550	B73_chr8	108227841	108229093	meth_B73.ref_B73_8:108227841..108229093	1.17925	.
B73_chr8	108245807	108257395	LTRRT_42551	B73_chr8	108247879	108248075	meth_B73.ref_B73_8:108247879..108248075	17.8571	.
B73_chr8	108356138	108369760	LTRRT_42555	B73_chr8	108367523	108367699	meth_B73.ref_B73_8:108367523..108367699	5.26316	.
B73_chr8	109377694	109391095	LTRRT_42576	B73_chr8	109388353	109388520	meth_B73.ref_B73_8:109388353..109388520	0	.
B73_chr8	109459506	109468353	LTRRT_42580	B73_chr8	109465187	109465362	meth_B73.ref_B73_8:109465187..109465362	17.8571	.
B73_chr8	110435431	110449180	LTRRT_42606	B73_chr8	110437544	110438491	meth_B73.ref_B73_8:110437544..110438491	6.82788	.
B73_chr8	110435431	110449180	LTRRT_42606	B73_chr8	110445335	110446197	meth_B73.ref_B73_8:110445335..110446197	2.52366	.
B73_chr8	110721643	110730797	LTRRT_42611	B73_chr8	110722147	110722999	meth_B73.ref_B73_8:110722147..110722999	4.0678	.
B73_chr8	110721643	110730797	LTRRT_42611	B73_chr8	110728803	110729656	meth_B73.ref_B73_8:110728803..110729656	2.22222	.
B73_chr8	111467639	111482633	LTRRT_42633	B73_chr8	111480233	111480765	meth_B73.ref_B73_8:111480233..111480765	12.7962	.
B73_chr8	111768865	111780857	LTRRT_42641	B73_chr8	111769151	111769905	meth_B73.ref_B73_8:111769151..111769905	2.08333	.
B73_chr8	111768865	111780857	LTRRT_42641	B73_chr8	111777716	111777922	meth_B73.ref_B73_8:111777716..111777922	0	.
B73_chr8	111768865	111780857	LTRRT_42641	B73_chr8	111778255	111778636	meth_B73.ref_B73_8:111778255..111778636	8.4507	.
B73_chr8	112187536	112202926	LTRRT_42650	B73_chr8	112190186	112190360	meth_B73.ref_B73_8:112190186..112190360	12.3288	.
B73_chr8	112187536	112202926	LTRRT_42650	B73_chr8	112200971	112201145	meth_B73.ref_B73_8:112200971..112201145	6.86275	.
B73_chr8	112835713	112845434	LTRRT_42667	B73_chr8	112836003	112836334	meth_B73.ref_B73_8:112836003..112836334	11.7647	.
B73_chr8	113102048	113111500	LTRRT_42677	B73_chr8	113109422	113109781	meth_B73.ref_B73_8:113109422..113109781	14.2857	.
B73_chr8	113618093	113626990	LTRRT_42690	B73_chr8	113624185	113624382	meth_B73.ref_B73_8:113624185..113624382	6.45161	.
B73_chr8	113901542	113911392	LTRRT_42696	B73_chr8	113907604	113908531	meth_B73.ref_B73_8:113907604..113908531	0.207469	.
B73_chr8	114791002	114805932	LTRRT_42719	B73_chr8	114804959	114805116	meth_B73.ref_B73_8:114804959..114805116	12.963	.
B73_chr8	115099638	115109081	LTRRT_42725	B73_chr8	115105764	115106337	meth_B73.ref_B73_8:115105764..115106337	16.6667	.
B73_chr8	117421620	117437184	LTRRT_42772	B73_chr8	117424266	117424441	meth_B73.ref_B73_8:117424266..117424441	17.1946	.
B73_chr8	117590676	117595606	LTRRT_42777	B73_chr8	117595594	117598665	meth_B73.ref_B73_8:117595594..117598665	0.858034	.
B73_chr8	117757296	117766562	LTRRT_42781	B73_chr8	117759816	117759991	meth_B73.ref_B73_8:117759816..117759991	17.3913	.
B73_chr8	118402365	118414222	LTRRT_42795	B73_chr8	118405025	118405442	meth_B73.ref_B73_8:118405025..118405442	0	.
B73_chr8	118402365	118414222	LTRRT_42795	B73_chr8	118413542	118413945	meth_B73.ref_B73_8:118413542..118413945	0	.
B73_chr8	118831956	118840087	LTRRT_42808	B73_chr8	118833029	118833203	meth_B73.ref_B73_8:118833029..118833203	15.9091	.
B73_chr8	119402417	119415176	LTRRT_42826	B73_chr8	119402686	119402869	meth_B73.ref_B73_8:119402686..119402869	5.33333	.
B73_chr8	119402417	119415176	LTRRT_42826	B73_chr8	119402976	119403486	meth_B73.ref_B73_8:119402976..119403486	4.43038	.
B73_chr8	119402417	119415176	LTRRT_42826	B73_chr8	119412056	119412789	meth_B73.ref_B73_8:119412056..119412789	4.72441	.
B73_chr8	119545303	119550078	LTRRT_42830	B73_chr8	119549986	119552039	meth_B73.ref_B73_8:119549986..119552039	0.659196	.
B73_chr8	119589016	119604591	LTRRT_42832	B73_chr8	119601767	119602128	meth_B73.ref_B73_8:119601767..119602128	10.0962	.
B73_chr8	121233420	121244404	LTRRT_42865	B73_chr8	121230392	121233736	meth_B73.ref_B73_8:121230392..121233736	1.83016	.
B73_chr8	121441543	121462077	LTRRT_42872	B73_chr8	121442194	121443352	meth_B73.ref_B73_8:121442194..121443352	0	.
B73_chr8	121441543	121462077	LTRRT_42872	B73_chr8	121458830	121459356	meth_B73.ref_B73_8:121458830..121459356	0	.
B73_chr8	121441543	121462077	LTRRT_42872	B73_chr8	121459492	121459979	meth_B73.ref_B73_8:121459492..121459979	3.90625	.
B73_chr8	121484796	121489924	LTRRT_42874	B73_chr8	121489798	121493819	meth_B73.ref_B73_8:121489798..121493819	1.17126	.
B73_chr8	121566558	121573911	LTRRT_42876	B73_chr8	121572908	121573709	meth_B73.ref_B73_8:121572908..121573709	3.10559	.
B73_chr8	121602317	121605531	LTRRT_42877	B73_chr8	121600453	121602473	meth_B73.ref_B73_8:121600453..121602473	1.68409	.
B73_chr8	122291916	122298758	LTRRT_42891	B73_chr8	122292407	122292657	meth_B73.ref_B73_8:122292407..122292657	0.763359	.
B73_chr8	122291916	122298758	LTRRT_42891	B73_chr8	122292740	122293124	meth_B73.ref_B73_8:122292740..122293124	6.94444	.
B73_chr8	122291916	122298758	LTRRT_42891	B73_chr8	122296903	122297322	meth_B73.ref_B73_8:122296903..122297322	8.49057	.
B73_chr8	123232306	123251040	LTRRT_42910	B73_chr8	123232723	123233423	meth_B73.ref_B73_8:123232723..123233423	2.99252	.
B73_chr8	123232306	123251040	LTRRT_42910	B73_chr8	123249085	123249927	meth_B73.ref_B73_8:123249085..123249927	3.34129	.
B73_chr8	124139218	124144968	LTRRT_42938	B73_chr8	124140993	124141175	meth_B73.ref_B73_8:124140993..124141175	0	.
B73_chr8	124178297	124187439	LTRRT_42939	B73_chr8	124178796	124179750	meth_B73.ref_B73_8:124178796..124179750	6.57343	.
B73_chr8	124178297	124187439	LTRRT_42939	B73_chr8	124185497	124186330	meth_B73.ref_B73_8:124185497..124186330	2.83019	.
B73_chr8	124195754	124211154	LTRRT_42940	B73_chr8	124209202	124209376	meth_B73.ref_B73_8:124209202..124209376	14.876	.
B73_chr8	124445457	124460471	LTRRT_42943	B73_chr8	124458447	124458719	meth_B73.ref_B73_8:124458447..124458719	13.7255	.
B73_chr8	126002302	126014905	LTRRT_42988	B73_chr8	126005599	126006588	meth_B73.ref_B73_8:126005599..126006588	0	.
B73_chr8	126002302	126014905	LTRRT_42988	B73_chr8	126013603	126014582	meth_B73.ref_B73_8:126013603..126014582	1.43198	.
B73_chr8	126426738	126438439	LTRRT_42995	B73_chr8	126429422	126430442	meth_B73.ref_B73_8:126429422..126430442	0.331126	.
B73_chr8	126426738	126438439	LTRRT_42995	B73_chr8	126436872	126437913	meth_B73.ref_B73_8:126436872..126437913	0.463499	.
B73_chr8	127156890	127168417	LTRRT_43011	B73_chr8	127167289	127167927	meth_B73.ref_B73_8:127167289..127167927	3.8961	.
B73_chr8	127424490	127435309	LTRRT_43017	B73_chr8	127429461	127429801	meth_B73.ref_B73_8:127429461..127429801	2.44648	.
B73_chr8	127619600	127629875	LTRRT_43020	B73_chr8	127613113	127619602	meth_B73.ref_B73_8:127613113..127619602	1.29374	.
B73_chr8	127761397	127770730	LTRRT_43025	B73_chr8	127760786	127761448	meth_B73.ref_B73_8:127760786..127761448	3.0303	.
B73_chr8	127857337	127872316	LTRRT_43027	B73_chr8	127859206	127859515	meth_B73.ref_B73_8:127859206..127859515	18.6275	.
B73_chr8	128880583	128894544	LTRRT_43048	B73_chr8	128883242	128883430	meth_B73.ref_B73_8:128883242..128883430	7.40741	.
B73_chr8	130421232	130434708	LTRRT_43071	B73_chr8	130433200	130433370	meth_B73.ref_B73_8:130433200..130433370	5.26316	.
B73_chr8	130421232	130434708	LTRRT_43071	B73_chr8	130433386	130433715	meth_B73.ref_B73_8:130433386..130433715	1.40845	.
B73_chr8	130924546	130935590	LTRRT_43085	B73_chr8	130924887	130925729	meth_B73.ref_B73_8:130924887..130925729	0	.
B73_chr8	130924546	130935590	LTRRT_43085	B73_chr8	130931873	130932733	meth_B73.ref_B73_8:130931873..130932733	2.24719	.
B73_chr8	131047043	131056003	LTRRT_43088	B73_chr8	131047357	131047518	meth_B73.ref_B73_8:131047357..131047518	19.0476	.
B73_chr8	133263252	133277194	LTRRT_43141	B73_chr8	133269854	133275155	meth_B73.ref_B73_8:133269854..133275155	1.33005	.
B73_chr8	133430348	133435765	LTRRT_43145	B73_chr8	133429834	133430379	meth_B73.ref_B73_8:133429834..133430379	1.45985	.
B73_chr8	133430348	133435765	LTRRT_43145	B73_chr8	133435652	133436819	meth_B73.ref_B73_8:133435652..133436819	0.410678	.
B73_chr8	134336607	134343955	LTRRT_43165	B73_chr8	134343940	134344555	meth_B73.ref_B73_8:134343940..134344555	2.0316	.
B73_chr8	134827295	134836495	LTRRT_43180	B73_chr8	134826588	134827377	meth_B73.ref_B73_8:134826588..134827377	3.62694	.
B73_chr8	134966442	134980060	LTRRT_43185	B73_chr8	134967170	134967422	meth_B73.ref_B73_8:134967170..134967422	16.1765	.
B73_chr8	135930038	135935189	LTRRT_43205	B73_chr8	135929033	135933137	meth_B73.ref_B73_8:135929033..135933137	1.04887	.
B73_chr8	136816926	136822696	LTRRT_43222	B73_chr8	136815698	136816995	meth_B73.ref_B73_8:136815698..136816995	3.49345	.
B73_chr8	137256171	137265700	LTRRT_43238	B73_chr8	137260552	137260808	meth_B73.ref_B73_8:137260552..137260808	12.5	.
B73_chr8	137822545	137836081	LTRRT_43249	B73_chr8	137829263	137829434	meth_B73.ref_B73_8:137829263..137829434	9.52381	.
B73_chr8	137991946	137998861	LTRRT_43256	B73_chr8	137992249	137992499	meth_B73.ref_B73_8:137992249..137992499	10.8696	.
B73_chr8	137991946	137998861	LTRRT_43256	B73_chr8	137997528	137997737	meth_B73.ref_B73_8:137997528..137997737	6.84932	.
B73_chr8	138493640	138507935	LTRRT_43269	B73_chr8	138496857	138497716	meth_B73.ref_B73_8:138496857..138497716	12.7854	.
B73_chr8	138493640	138507935	LTRRT_43269	B73_chr8	138501141	138501966	meth_B73.ref_B73_8:138501141..138501966	4.18251	.
B73_chr8	139576410	139583568	LTRRT_43294	B73_chr8	139576997	139577179	meth_B73.ref_B73_8:139576997..139577179	15.9091	.
B73_chr8	139576410	139583568	LTRRT_43294	B73_chr8	139582921	139583102	meth_B73.ref_B73_8:139582921..139583102	14.8936	.
B73_chr8	139641608	139646464	LTRRT_43295	B73_chr8	139637157	139641632	meth_B73.ref_B73_8:139637157..139641632	0.260835	.
B73_chr8	139699704	139708634	LTRRT_43297	B73_chr8	139705482	139706112	meth_B73.ref_B73_8:139705482..139706112	0	.
B73_chr8	141072156	141081608	LTRRT_43339	B73_chr8	141073395	141074267	meth_B73.ref_B73_8:141073395..141074267	10.6227	.
B73_chr8	141072156	141081608	LTRRT_43339	B73_chr8	141080267	141081235	meth_B73.ref_B73_8:141080267..141081235	5.73394	.
B73_chr8	141282735	141289638	LTRRT_43344	B73_chr8	141283076	141283769	meth_B73.ref_B73_8:141283076..141283769	3.15236	.
B73_chr8	141282735	141289638	LTRRT_43344	B73_chr8	141287312	141288084	meth_B73.ref_B73_8:141287312..141288084	4.32526	.
B73_chr8	141829858	141838770	LTRRT_43359	B73_chr8	141838089	141838333	meth_B73.ref_B73_8:141838089..141838333	10	.
B73_chr8	142648865	142653711	LTRRT_43372	B73_chr8	142646983	142648898	meth_B73.ref_B73_8:142646983..142648898	0.680272	.
B73_chr8	142677264	142690098	LTRRT_43374	B73_chr8	142683868	142685560	meth_B73.ref_B73_8:142683868..142685560	0.387847	.
B73_chr8	142817633	142832125	LTRRT_43380	B73_chr8	142815491	142817672	meth_B73.ref_B73_8:142815491..142817672	0.986193	.
B73_chr8	142833756	142841150	LTRRT_43382	B73_chr8	142833214	142833781	meth_B73.ref_B73_8:142833214..142833781	1.42602	.
B73_chr8	143668981	143671998	LTRRT_43403	B73_chr8	143667754	143669046	meth_B73.ref_B73_8:143667754..143669046	4.87805	.
B73_chr8	143668981	143671998	LTRRT_43403	B73_chr8	143671672	143682863	meth_B73.ref_B73_8:143671672..143682863	0.788644	.
B73_chr8	144431621	144443571	LTRRT_43419	B73_chr8	144434653	144434965	meth_B73.ref_B73_8:144434653..144434965	2.5641	.
B73_chr8	144431621	144443571	LTRRT_43419	B73_chr8	144435051	144435925	meth_B73.ref_B73_8:144435051..144435925	0	.
B73_chr8	144431621	144443571	LTRRT_43419	B73_chr8	144442082	144442282	meth_B73.ref_B73_8:144442082..144442282	0	.
B73_chr8	144431621	144443571	LTRRT_43419	B73_chr8	144442425	144443227	meth_B73.ref_B73_8:144442425..144443227	9.25926	.
B73_chr8	144926932	144932716	LTRRT_43431	B73_chr8	144932288	144936874	meth_B73.ref_B73_8:144932288..144936874	1.57629	.
B73_chr8	145663063	145670116	LTRRT_43452	B73_chr8	145661124	145663069	meth_B73.ref_B73_8:145661124..145663069	0.506912	.
B73_chr8	145946784	145952301	LTRRT_43458	B73_chr8	145942097	145946820	meth_B73.ref_B73_8:145942097..145946820	0.504125	.
B73_chr8	145946784	145952301	LTRRT_43458	B73_chr8	145952286	145953261	meth_B73.ref_B73_8:145952286..145953261	1.55709	.
B73_chr8	146559723	146573664	LTRRT_43472	B73_chr8	146562565	146562736	meth_B73.ref_B73_8:146562565..146562736	13.0435	.
B73_chr8	146742679	146748242	LTRRT_43477	B73_chr8	146748007	146750385	meth_B73.ref_B73_8:146748007..146750385	0.507812	.
B73_chr8	147042580	147055099	LTRRT_43482	B73_chr8	147041155	147042586	meth_B73.ref_B73_8:147041155..147042586	1.76565	.
B73_chr8	147251428	147263263	LTRRT_43489	B73_chr8	147250115	147251434	meth_B73.ref_B73_8:147250115..147251434	1.75439	.
B73_chr8	149291133	149300612	LTRRT_43545	B73_chr8	149279723	149291135	meth_B73.ref_B73_8:149279723..149291135	1.1168	.
B73_chr8	149488803	149497920	LTRRT_43549	B73_chr8	149489229	149490077	meth_B73.ref_B73_8:149489229..149490077	0.869565	.
B73_chr8	149488803	149497920	LTRRT_43549	B73_chr8	149495991	149496708	meth_B73.ref_B73_8:149495991..149496708	5.84958	.
B73_chr8	149540257	149552751	LTRRT_43551	B73_chr8	149543423	149544018	meth_B73.ref_B73_8:149543423..149544018	7.54717	.
B73_chr8	149540257	149552751	LTRRT_43551	B73_chr8	149550845	149551451	meth_B73.ref_B73_8:149550845..149551451	2.80899	.
B73_chr8	149593397	149600654	LTRRT_43553	B73_chr8	149592980	149593399	meth_B73.ref_B73_8:149592980..149593399	2.67176	.
B73_chr8	149826499	149839656	LTRRT_43558	B73_chr8	149825534	149826505	meth_B73.ref_B73_8:149825534..149826505	1.41509	.
B73_chr8	149896808	149902944	LTRRT_43559	B73_chr8	149896377	149896810	meth_B73.ref_B73_8:149896377..149896810	0.394737	.
B73_chr8	150062131	150072112	LTRRT_43561	B73_chr8	150070077	150070231	meth_B73.ref_B73_8:150070077..150070231	16	.
B73_chr8	153569862	153585141	LTRRT_43637	B73_chr8	153572376	153572687	meth_B73.ref_B73_8:153572376..153572687	4.54545	.
B73_chr8	153569862	153585141	LTRRT_43637	B73_chr8	153583186	153583360	meth_B73.ref_B73_8:153583186..153583360	3.63636	.
B73_chr8	154058176	154067455	LTRRT_43649	B73_chr8	154067391	154068738	meth_B73.ref_B73_8:154067391..154068738	2.53165	.
B73_chr8	154478223	154494380	LTRRT_43656	B73_chr8	154494322	154500329	meth_B73.ref_B73_8:154494322..154500329	0.719424	.
B73_chr8	154832973	154838050	LTRRT_43667	B73_chr8	154834823	154835171	meth_B73.ref_B73_8:154834823..154835171	11.1732	.
B73_chr8	154832973	154838050	LTRRT_43667	B73_chr8	154835599	154844271	meth_B73.ref_B73_8:154835599..154844271	0.571167	.
B73_chr8	154858882	154874076	LTRRT_43668	B73_chr8	154863135	154866027	meth_B73.ref_B73_8:154863135..154866027	1.06007	.
B73_chr8	156999879	157006521	LTRRT_43715	B73_chr8	157005509	157006121	meth_B73.ref_B73_8:157005509..157006121	2.27848	.
B73_chr8	157405421	157407306	LTRRT_43726	B73_chr8	157407304	157408014	meth_B73.ref_B73_8:157407304..157408014	1.66976	.
B73_chr8	157766007	157776738	LTRRT_43732	B73_chr8	157768538	157769624	meth_B73.ref_B73_8:157768538..157769624	0.880503	.
B73_chr8	157766007	157776738	LTRRT_43732	B73_chr8	157775360	157776454	meth_B73.ref_B73_8:157775360..157776454	0.998752	.
B73_chr8	158766880	158772160	LTRRT_43761	B73_chr8	158764924	158768428	meth_B73.ref_B73_8:158764924..158768428	2.7849	.
B73_chr8	158948670	158960531	LTRRT_43766	B73_chr8	158953864	158954835	meth_B73.ref_B73_8:158953864..158954835	1.64425	.
B73_chr8	159963284	159972578	LTRRT_43800	B73_chr8	159971565	159971744	meth_B73.ref_B73_8:159971565..159971744	0	.
B73_chr8	160296255	160311826	LTRRT_43808	B73_chr8	160298129	160298303	meth_B73.ref_B73_8:160298129..160298303	12.2093	.
B73_chr8	160296255	160311826	LTRRT_43808	B73_chr8	160308867	160309190	meth_B73.ref_B73_8:160308867..160309190	14.6067	.
B73_chr8	162226147	162241721	LTRRT_43834	B73_chr8	162228015	162228189	meth_B73.ref_B73_8:162228015..162228189	8.91089	.
B73_chr8	163005201	163010168	LTRRT_43853	B73_chr8	163006204	163006831	meth_B73.ref_B73_8:163006204..163006831	13.1148	.
B73_chr8	163005201	163010168	LTRRT_43853	B73_chr8	163007096	163008944	meth_B73.ref_B73_8:163007096..163008944	3.41686	.
B73_chr8	163005201	163010168	LTRRT_43853	B73_chr8	163009247	163009674	meth_B73.ref_B73_8:163009247..163009674	4.40252	.
B73_chr8	163027966	163038768	LTRRT_43854	B73_chr8	163033479	163033828	meth_B73.ref_B73_8:163033479..163033828	4.62633	.
B73_chr8	163460566	163468900	LTRRT_43865	B73_chr8	163462007	163462198	meth_B73.ref_B73_8:163462007..163462198	10	.
B73_chr8	163976055	163983338	LTRRT_43879	B73_chr8	163975654	163976205	meth_B73.ref_B73_8:163975654..163976205	5.95238	.
B73_chr8	164508932	164519464	LTRRT_43898	B73_chr8	164517136	164517490	meth_B73.ref_B73_8:164517136..164517490	15.6028	.
B73_chr8	164508932	164519464	LTRRT_43898	B73_chr8	164517582	164519955	meth_B73.ref_B73_8:164517582..164519955	5.01463	.
B73_chr8	164688592	164694102	LTRRT_43902	B73_chr8	164694034	164695377	meth_B73.ref_B73_8:164694034..164695377	2.50784	.
B73_chr8	165454044	165459252	LTRRT_43919	B73_chr8	165452756	165454093	meth_B73.ref_B73_8:165452756..165454093	0.3885	.
B73_chr8	165454044	165459252	LTRRT_43919	B73_chr8	165459145	165462739	meth_B73.ref_B73_8:165459145..165462739	3.45912	.
B73_chr8	165585531	165590988	LTRRT_43923	B73_chr8	165585965	165586661	meth_B73.ref_B73_8:165585965..165586661	4.40252	.
B73_chr8	165857201	165870541	LTRRT_43930	B73_chr8	165861112	165861590	meth_B73.ref_B73_8:165861112..165861590	2.17391	.
B73_chr8	165857201	165870541	LTRRT_43930	B73_chr8	165869317	165869767	meth_B73.ref_B73_8:165869317..165869767	1.67364	.
B73_chr8	166301468	166308734	LTRRT_43940	B73_chr8	166301091	166302839	meth_B73.ref_B73_8:166301091..166302839	2.28648	.
B73_chr8	166831017	166838651	LTRRT_43951	B73_chr8	166830012	166831019	meth_B73.ref_B73_8:166830012..166831019	1.52941	.
B73_chr8	166831017	166838651	LTRRT_43951	B73_chr8	166836928	166838463	meth_B73.ref_B73_8:166836928..166838463	1.18606	.
B73_chr8	166884222	166888486	LTRRT_43953	B73_chr8	166888298	166888960	meth_B73.ref_B73_8:166888298..166888960	5.40541	.
B73_chr8	168033263	168038518	LTRRT_43981	B73_chr8	168032209	168033305	meth_B73.ref_B73_8:168032209..168033305	3.0303	.
B73_chr8	168033263	168038518	LTRRT_43981	B73_chr8	168038494	168039668	meth_B73.ref_B73_8:168038494..168039668	0.540541	.
B73_chr8	168193637	168199456	LTRRT_43985	B73_chr8	168199442	168202977	meth_B73.ref_B73_8:168199442..168202977	1.01382	.
B73_chr8	169415712	169425801	LTRRT_44017	B73_chr8	169424757	169424908	meth_B73.ref_B73_8:169424757..169424908	15.625	.
B73_chr8	170148495	170153706	LTRRT_44042	B73_chr8	170147947	170148507	meth_B73.ref_B73_8:170147947..170148507	2.11268	.
B73_chr8	170368672	170376601	LTRRT_44047	B73_chr8	170376585	170377056	meth_B73.ref_B73_8:170376585..170377056	0.880282	.
B73_chr8	170663766	170673265	LTRRT_44059	B73_chr8	170668209	170668436	meth_B73.ref_B73_8:170668209..170668436	10.8108	.
B73_chr8	170663766	170673265	LTRRT_44059	B73_chr8	170672105	170672560	meth_B73.ref_B73_8:170672105..170672560	17.284	.
B73_chr8	171037489	171045832	LTRRT_44065	B73_chr8	171042346	171044050	meth_B73.ref_B73_8:171042346..171044050	0	.
B73_chr8	171659736	171670137	LTRRT_44077	B73_chr8	171657097	171659959	meth_B73.ref_B73_8:171657097..171659959	0.298426	.
B73_chr8	171718492	171723799	LTRRT_44078	B73_chr8	171723786	171724188	meth_B73.ref_B73_8:171723786..171724188	3.1746	.
B73_chr8	171776337	171791935	LTRRT_44080	B73_chr8	171787886	171788137	meth_B73.ref_B73_8:171787886..171788137	7.89474	.
B73_chr8	172283915	172300002	LTRRT_44096	B73_chr8	172288701	172293528	meth_B73.ref_B73_8:172288701..172293528	2.36035	.
B73_chr8	172712619	172718115	LTRRT_44109	B73_chr8	172710709	172718234	meth_B73.ref_B73_8:172710709..172718234	0.664744	.
B73_chr8	172756945	172762179	LTRRT_44111	B73_chr8	172754502	172757130	meth_B73.ref_B73_8:172754502..172757130	0.995671	.
B73_chr8	172756945	172762179	LTRRT_44111	B73_chr8	172761822	172763971	meth_B73.ref_B73_8:172761822..172763971	4.60148	.
B73_chr8	172914873	172922222	LTRRT_44116	B73_chr8	172913874	172914940	meth_B73.ref_B73_8:172913874..172914940	3.33333	.
B73_chr8	172914873	172922222	LTRRT_44116	B73_chr8	172922219	172922566	meth_B73.ref_B73_8:172922219..172922566	2.30769	.
B73_chr8	173094634	173102175	LTRRT_44123	B73_chr8	173102173	173103094	meth_B73.ref_B73_8:173102173..173103094	2.11786	.
B73_chr8	173427594	173434371	LTRRT_44131	B73_chr8	173432346	173435413	meth_B73.ref_B73_8:173432346..173435413	1.82879	.
B73_chr8	173548014	173561743	LTRRT_44133	B73_chr8	173550402	173550569	meth_B73.ref_B73_8:173550402..173550569	16.6667	.
B73_chr8	173804396	173809689	LTRRT_44138	B73_chr8	173801664	173805461	meth_B73.ref_B73_8:173801664..173805461	1.16743	.
B73_chr8	173804396	173809689	LTRRT_44138	B73_chr8	173809099	173812861	meth_B73.ref_B73_8:173809099..173812861	0.534188	.
B73_chr8	173938642	173945459	LTRRT_44141	B73_chr8	173938864	173940484	meth_B73.ref_B73_8:173938864..173940484	3.67713	.
B73_chr8	173986390	173991312	LTRRT_44142	B73_chr8	173983243	173986732	meth_B73.ref_B73_8:173983243..173986732	0.513652	.
B73_chr8	173986390	173991312	LTRRT_44142	B73_chr8	173988719	173989610	meth_B73.ref_B73_8:173988719..173989610	0.623441	.
B73_chr8	173986390	173991312	LTRRT_44142	B73_chr8	173989742	173996774	meth_B73.ref_B73_8:173989742..173996774	0.25129	.
B73_chr8	174176045	174187553	LTRRT_44145	B73_chr8	174180921	174181500	meth_B73.ref_B73_8:174180921..174181500	8.42105	.
B73_chr8	174229729	174238853	LTRRT_44146	B73_chr8	174230735	174231816	meth_B73.ref_B73_8:174230735..174231816	6.31365	.
B73_chr8	174229729	174238853	LTRRT_44146	B73_chr8	174233270	174233449	meth_B73.ref_B73_8:174233270..174233449	5	.
B73_chr8	174229729	174238853	LTRRT_44146	B73_chr8	174237403	174238348	meth_B73.ref_B73_8:174237403..174238348	4.19847	.
B73_chr8	174283836	174293328	LTRRT_44148	B73_chr8	174288603	174288863	meth_B73.ref_B73_8:174288603..174288863	11.4286	.
B73_chr8	174564397	174575665	LTRRT_44153	B73_chr8	174572958	174573401	meth_B73.ref_B73_8:174572958..174573401	9.72222	.
B73_chr8	174651202	174659318	LTRRT_44155	B73_chr8	174659284	174662442	meth_B73.ref_B73_8:174659284..174662442	0.119427	.
B73_chr8	175089080	175101815	LTRRT_44170	B73_chr8	175091828	175092519	meth_B73.ref_B73_8:175091828..175092519	0.249377	.
B73_chr8	175089080	175101815	LTRRT_44170	B73_chr8	175099801	175100360	meth_B73.ref_B73_8:175099801..175100360	0	.
B73_chr8	175089080	175101815	LTRRT_44170	B73_chr8	175100539	175100788	meth_B73.ref_B73_8:175100539..175100788	0	.
B73_chr8	175645339	175654454	LTRRT_44183	B73_chr8	175644456	175645351	meth_B73.ref_B73_8:175644456..175645351	2.27058	.
B73_chr8	175645339	175654454	LTRRT_44183	B73_chr8	175645693	175646676	meth_B73.ref_B73_8:175645693..175646676	12.7273	.
B73_chr8	175645339	175654454	LTRRT_44183	B73_chr8	175654423	175655204	meth_B73.ref_B73_8:175654423..175655204	1.2884	.
B73_chr8	175645339	175654454	LTRRT_44183	B73_chr8	175652462	175653241	meth_B73.ref_B73_8:175652462..175653241	7.49507	.
B73_chr8	176315924	176320975	LTRRT_44203	B73_chr8	176315440	176316315	meth_B73.ref_B73_8:176315440..176316315	3.94537	.
B73_chr8	176315924	176320975	LTRRT_44203	B73_chr8	176320866	176322591	meth_B73.ref_B73_8:176320866..176322591	1.91972	.
B73_chr8	176601035	176607366	LTRRT_44206	B73_chr8	176600549	176601157	meth_B73.ref_B73_8:176600549..176601157	3.0303	.
B73_chr8	176601035	176607366	LTRRT_44206	B73_chr8	176607328	176609893	meth_B73.ref_B73_8:176607328..176609893	0.808353	.
B73_chr8	176783899	176785754	LTRRT_44211	B73_chr8	176785723	176787631	meth_B73.ref_B73_8:176785723..176787631	1.24626	.
B73_chr8	176933118	176936563	LTRRT_44214	B73_chr8	176930820	176933216	meth_B73.ref_B73_8:176930820..176933216	2.5463	.
B73_chr8	176933118	176936563	LTRRT_44214	B73_chr8	176936251	176938931	meth_B73.ref_B73_8:176936251..176938931	2.83101	.
B73_chr8	178017950	178023438	LTRRT_44241	B73_chr8	178023305	178024359	meth_B73.ref_B73_8:178023305..178024359	0.775194	.
B73_chr8	178341059	178344610	LTRRT_44245	B73_chr8	178334510	178347197	meth_B73.ref_B73_8:178334510..178347197	0.49398	.
B73_chr8	178502320	178515513	LTRRT_44251	B73_chr8	178498117	178502993	meth_B73.ref_B73_8:178498117..178502993	0.445053	.
B73_chr8	178502320	178515513	LTRRT_44251	B73_chr8	178515408	178517358	meth_B73.ref_B73_8:178515408..178517358	2.31413	.
B73_chr8	178520038	178525311	LTRRT_44253	B73_chr8	178521984	178522998	meth_B73.ref_B73_8:178521984..178522998	2.96192	.
B73_chr8	178520038	178525311	LTRRT_44253	B73_chr8	178523036	178523416	meth_B73.ref_B73_8:178523036..178523416	1.88679	.
B73_chr8	178520038	178525311	LTRRT_44253	B73_chr8	178525273	178526331	meth_B73.ref_B73_8:178525273..178526331	1.29991	.
B73_chr8	178973261	178975632	LTRRT_44260	B73_chr8	178967492	178973336	meth_B73.ref_B73_8:178967492..178973336	0.301144	.
B73_chr8	178978285	178983495	LTRRT_44261	B73_chr8	178975690	178978522	meth_B73.ref_B73_8:178975690..178978522	1.18411	.
B73_chr8	179015017	179020575	LTRRT_44263	B73_chr8	179020432	179026156	meth_B73.ref_B73_8:179020432..179026156	0.490884	.
B73_chr8	179941993	179952325	LTRRT_44285	B73_chr8	179951982	179953373	meth_B73.ref_B73_8:179951982..179953373	1.85759	.
B73_chr8	180193086	180197845	LTRRT_44290	B73_chr8	180197822	180202032	meth_B73.ref_B73_8:180197822..180202032	1.21773	.
B73_chr8	180367037	180371854	LTRRT_44295	B73_chr8	180363793	180367087	meth_B73.ref_B73_8:180363793..180367087	0.479042	.
B73_chr8	180453335	180466503	LTRRT_44297	B73_chr8	180466472	180470409	meth_B73.ref_B73_8:180466472..180470409	1.01574	.
B73_chr8	180810933	180817442	LTRRT_44302	B73_chr8	180815664	180816490	meth_B73.ref_B73_8:180815664..180816490	1.14943	.
B73_chr8	180810933	180817442	LTRRT_44302	B73_chr8	180817088	180823420	meth_B73.ref_B73_8:180817088..180823420	0.514818	.
B73_chr8	181405506	181410551	LTRRT_44315	B73_chr8	181405517	181408606	meth_B73.ref_B73_8:181405517..181408606	4.45277	.
B73_chr8	181421726	181434775	LTRRT_44316	B73_chr8	181430081	181430277	meth_B73.ref_B73_8:181430081..181430277	8.62944	.
B73_chr8	181421726	181434775	LTRRT_44316	B73_chr8	181430975	181434138	meth_B73.ref_B73_8:181430975..181434138	2.23336	.
B73_chr8	181837249	181850988	LTRRT_44328	B73_chr8	181848834	181849014	meth_B73.ref_B73_8:181848834..181849014	16	.
B73_chr8	182066759	182078351	LTRRT_44332	B73_chr8	182064899	182066779	meth_B73.ref_B73_8:182064899..182066779	0.816024	.
B73_chr9	989542	1002288	LTRRT_44351	B73_chr9	989965	990140	meth_B73.ref_B73_9:989965..990140	14.2857	.
B73_chr9	2066535	2071521	LTRRT_44365	B73_chr9	2065414	2068440	meth_B73.ref_B73_9:2065414..2068440	3.21964	.
B73_chr9	2480655	2488994	LTRRT_44375	B73_chr9	2482425	2482896	meth_B73.ref_B73_9:2482425..2482896	3.38983	.
B73_chr9	2480655	2488994	LTRRT_44375	B73_chr9	2487254	2487725	meth_B73.ref_B73_9:2487254..2487725	8.33333	.
B73_chr9	2583203	2593596	LTRRT_44378	B73_chr9	2583504	2584501	meth_B73.ref_B73_9:2583504..2584501	8.36364	.
B73_chr9	2583203	2593596	LTRRT_44378	B73_chr9	2591640	2592467	meth_B73.ref_B73_9:2591640..2592467	3.71134	.
B73_chr9	2832576	2837260	LTRRT_44384	B73_chr9	2836981	2838827	meth_B73.ref_B73_9:2836981..2838827	5.45723	.
B73_chr9	2832576	2837260	LTRRT_44384	B73_chr9	2830063	2836851	meth_B73.ref_B73_9:2830063..2836851	2.887	.
B73_chr9	3046609	3051901	LTRRT_44388	B73_chr9	3044548	3048154	meth_B73.ref_B73_9:3044548..3048154	1.9802	.
B73_chr9	5217636	5222870	LTRRT_44434	B73_chr9	5216023	5218000	meth_B73.ref_B73_9:5216023..5218000	2.57426	.
B73_chr9	5969025	5975869	LTRRT_44452	B73_chr9	5974491	5974803	meth_B73.ref_B73_9:5974491..5974803	6.12245	.
B73_chr9	6854157	6863755	LTRRT_44473	B73_chr9	6863680	6865353	meth_B73.ref_B73_9:6863680..6865353	1.22295	.
B73_chr9	7090601	7099198	LTRRT_44479	B73_chr9	7091652	7092507	meth_B73.ref_B73_9:7091652..7092507	9.63303	.
B73_chr9	7090601	7099198	LTRRT_44479	B73_chr9	7097926	7098770	meth_B73.ref_B73_9:7097926..7098770	4.60048	.
B73_chr9	7535691	7543808	LTRRT_44491	B73_chr9	7538341	7538636	meth_B73.ref_B73_9:7538341..7538636	0	.
B73_chr9	7555029	7564178	LTRRT_44493	B73_chr9	7558246	7558423	meth_B73.ref_B73_9:7558246..7558423	0	.
B73_chr9	7611277	7617149	LTRRT_44495	B73_chr9	7609878	7611315	meth_B73.ref_B73_9:7609878..7611315	0.564972	.
B73_chr9	7611277	7617149	LTRRT_44495	B73_chr9	7611660	7612287	meth_B73.ref_B73_9:7611660..7612287	2.53333	.
B73_chr9	7611277	7617149	LTRRT_44495	B73_chr9	7617097	7621022	meth_B73.ref_B73_9:7617097..7621022	1.12033	.
B73_chr9	7933814	7946547	LTRRT_44502	B73_chr9	7936151	7936915	meth_B73.ref_B73_9:7936151..7936915	2.7972	.
B73_chr9	7933814	7946547	LTRRT_44502	B73_chr9	7945505	7946268	meth_B73.ref_B73_9:7945505..7946268	0	.
B73_chr9	8519073	8525063	LTRRT_44510	B73_chr9	8523952	8524811	meth_B73.ref_B73_9:8523952..8524811	2.66344	.
B73_chr9	9879047	9886071	LTRRT_44531	B73_chr9	9879527	9880187	meth_B73.ref_B73_9:9879527..9880187	4.23729	.
B73_chr9	9916058	9925738	LTRRT_44532	B73_chr9	9924001	9924251	meth_B73.ref_B73_9:9924001..9924251	3.44828	.
B73_chr9	10272801	10290451	LTRRT_44541	B73_chr9	10273297	10273649	meth_B73.ref_B73_9:10273297..10273649	17.2691	.
B73_chr9	10272801	10290451	LTRRT_44541	B73_chr9	10288904	10289069	meth_B73.ref_B73_9:10288904..10289069	15.7895	.
B73_chr9	10609597	10624998	LTRRT_44551	B73_chr9	10623138	10623485	meth_B73.ref_B73_9:10623138..10623485	6.45161	.
B73_chr9	10764751	10769957	LTRRT_44555	B73_chr9	10765751	10766193	meth_B73.ref_B73_9:10765751..10766193	8.22785	.
B73_chr9	10764751	10769957	LTRRT_44555	B73_chr9	10767782	10768241	meth_B73.ref_B73_9:10767782..10768241	0	.
B73_chr9	10764751	10769957	LTRRT_44555	B73_chr9	10769591	10775183	meth_B73.ref_B73_9:10769591..10775183	0.737265	.
B73_chr9	10764751	10769957	LTRRT_44555	B73_chr9	10762006	10765560	meth_B73.ref_B73_9:10762006..10765560	2.82828	.
B73_chr9	11054838	11063213	LTRRT_44561	B73_chr9	11055943	11056125	meth_B73.ref_B73_9:11055943..11056125	0	.
B73_chr9	11281261	11290784	LTRRT_44566	B73_chr9	11290744	11292587	meth_B73.ref_B73_9:11290744..11292587	3.10078	.
B73_chr9	11671193	11677029	LTRRT_44576	B73_chr9	11669031	11671315	meth_B73.ref_B73_9:11669031..11671315	3.27869	.
B73_chr9	12141686	12150867	LTRRT_44584	B73_chr9	12140262	12141735	meth_B73.ref_B73_9:12140262..12141735	0.956586	.
B73_chr9	12151153	12156320	LTRRT_44585	B73_chr9	12151606	12155704	meth_B73.ref_B73_9:12151606..12155704	1.89979	.
B73_chr9	13214340	13223889	LTRRT_44608	B73_chr9	13216425	13216650	meth_B73.ref_B73_9:13216425..13216650	4	.
B73_chr9	13719984	13725499	LTRRT_44624	B73_chr9	13725471	13726680	meth_B73.ref_B73_9:13725471..13726680	1.46386	.
B73_chr9	13757748	13768586	LTRRT_44626	B73_chr9	13759162	13760897	meth_B73.ref_B73_9:13759162..13760897	0.535236	.
B73_chr9	13757748	13768586	LTRRT_44626	B73_chr9	13766506	13768210	meth_B73.ref_B73_9:13766506..13768210	0.427807	.
B73_chr9	13850067	13866202	LTRRT_44628	B73_chr9	13855551	13859638	meth_B73.ref_B73_9:13855551..13859638	1.77696	.
B73_chr9	14895271	14906188	LTRRT_44659	B73_chr9	14896047	14896931	meth_B73.ref_B73_9:14896047..14896931	3.1339	.
B73_chr9	14895271	14906188	LTRRT_44659	B73_chr9	14902997	14903915	meth_B73.ref_B73_9:14902997..14903915	1.15942	.
B73_chr9	15445044	15458311	LTRRT_44667	B73_chr9	15445101	15445857	meth_B73.ref_B73_9:15445101..15445857	0	.
B73_chr9	15445044	15458311	LTRRT_44667	B73_chr9	15454519	15455037	meth_B73.ref_B73_9:15454519..15455037	0.49505	.
B73_chr9	15565413	15570338	LTRRT_44670	B73_chr9	15565555	15565834	meth_B73.ref_B73_9:15565555..15565834	9.67742	.
B73_chr9	16669371	16675302	LTRRT_44697	B73_chr9	16668151	16669394	meth_B73.ref_B73_9:16668151..16669394	2.46085	.
B73_chr9	16669371	16675302	LTRRT_44697	B73_chr9	16675263	16676857	meth_B73.ref_B73_9:16675263..16676857	2.82332	.
B73_chr9	17926917	17932322	LTRRT_44731	B73_chr9	17932316	17932848	meth_B73.ref_B73_9:17932316..17932848	7.18232	.
B73_chr9	18798814	18811395	LTRRT_44750	B73_chr9	18803996	18804518	meth_B73.ref_B73_9:18803996..18804518	0.60423	.
B73_chr9	18798814	18811395	LTRRT_44750	B73_chr9	18805301	18805590	meth_B73.ref_B73_9:18805301..18805590	15.3527	.
B73_chr9	18857579	18869032	LTRRT_44752	B73_chr9	18859687	18860274	meth_B73.ref_B73_9:18859687..18860274	0	.
B73_chr9	18857579	18869032	LTRRT_44752	B73_chr9	18866990	18867627	meth_B73.ref_B73_9:18866990..18867627	2.27273	.
B73_chr9	18857579	18869032	LTRRT_44752	B73_chr9	18867680	18868073	meth_B73.ref_B73_9:18867680..18868073	0	.
B73_chr9	18923242	18937514	LTRRT_44753	B73_chr9	18925234	18926109	meth_B73.ref_B73_9:18925234..18926109	6.32911	.
B73_chr9	18923242	18937514	LTRRT_44753	B73_chr9	18933331	18934099	meth_B73.ref_B73_9:18933331..18934099	6.31579	.
B73_chr9	19112177	19117170	LTRRT_44758	B73_chr9	19111232	19112418	meth_B73.ref_B73_9:19111232..19112418	1.6129	.
B73_chr9	19112177	19117170	LTRRT_44758	B73_chr9	19113740	19115498	meth_B73.ref_B73_9:19113740..19115498	2.12912	.
B73_chr9	19112177	19117170	LTRRT_44758	B73_chr9	19116887	19118410	meth_B73.ref_B73_9:19116887..19118410	0.541272	.
B73_chr9	20285057	20291911	LTRRT_44793	B73_chr9	20286393	20287266	meth_B73.ref_B73_9:20286393..20287266	3.71287	.
B73_chr9	20285057	20291911	LTRRT_44793	B73_chr9	20290725	20291555	meth_B73.ref_B73_9:20290725..20291555	3.9916	.
B73_chr9	20315611	20325093	LTRRT_44794	B73_chr9	20316750	20317008	meth_B73.ref_B73_9:20316750..20317008	9.67742	.
B73_chr9	21677272	21688021	LTRRT_44827	B73_chr9	21677901	21678058	meth_B73.ref_B73_9:21677901..21678058	11.1111	.
B73_chr9	21677272	21688021	LTRRT_44827	B73_chr9	21685161	21685360	meth_B73.ref_B73_9:21685161..21685360	0	.
B73_chr9	21677272	21688021	LTRRT_44827	B73_chr9	21685468	21686342	meth_B73.ref_B73_9:21685468..21686342	0	.
B73_chr9	22497065	22506564	LTRRT_44847	B73_chr9	22503050	22503818	meth_B73.ref_B73_9:22503050..22503818	14.2857	.
B73_chr9	22571390	22582999	LTRRT_44849	B73_chr9	22577914	22578100	meth_B73.ref_B73_9:22577914..22578100	13.3333	.
B73_chr9	22642037	22657441	LTRRT_44851	B73_chr9	22644690	22644864	meth_B73.ref_B73_9:22644690..22644864	5.45455	.
B73_chr9	23721766	23723389	LTRRT_44873	B73_chr9	23723356	23726112	meth_B73.ref_B73_9:23723356..23726112	0.142383	.
B73_chr9	24037404	24046949	LTRRT_44880	B73_chr9	24040071	24040313	meth_B73.ref_B73_9:24040071..24040313	0	.
B73_chr9	25079856	25091954	LTRRT_44904	B73_chr9	25090712	25090900	meth_B73.ref_B73_9:25090712..25090900	18	.
B73_chr9	25664525	25679927	LTRRT_44917	B73_chr9	25666149	25666480	meth_B73.ref_B73_9:25666149..25666480	2.7027	.
B73_chr9	26794797	26807752	LTRRT_44943	B73_chr9	26795269	26795963	meth_B73.ref_B73_9:26795269..26795963	0	.
B73_chr9	26794797	26807752	LTRRT_44943	B73_chr9	26796765	26797334	meth_B73.ref_B73_9:26796765..26797334	0.390625	.
B73_chr9	26794797	26807752	LTRRT_44943	B73_chr9	26802894	26803235	meth_B73.ref_B73_9:26802894..26803235	0	.
B73_chr9	26794797	26807752	LTRRT_44943	B73_chr9	26805108	26805627	meth_B73.ref_B73_9:26805108..26805627	1.86916	.
B73_chr9	26794797	26807752	LTRRT_44943	B73_chr9	26804105	26804784	meth_B73.ref_B73_9:26804105..26804784	4.93151	.
B73_chr9	26868594	26884177	LTRRT_44945	B73_chr9	26871338	26871571	meth_B73.ref_B73_9:26871338..26871571	6.91824	.
B73_chr9	26908813	26914925	LTRRT_44947	B73_chr9	26913674	26914482	meth_B73.ref_B73_9:26913674..26914482	0.147275	.
B73_chr9	27345931	27348063	LTRRT_44960	B73_chr9	27348020	27349728	meth_B73.ref_B73_9:27348020..27349728	0.788955	.
B73_chr9	27731852	27737308	LTRRT_44966	B73_chr9	27726825	27731859	meth_B73.ref_B73_9:27726825..27731859	0.2886	.
B73_chr9	27842591	27850039	LTRRT_44971	B73_chr9	27839089	27842699	meth_B73.ref_B73_9:27839089..27842699	0.591716	.
B73_chr9	27842591	27850039	LTRRT_44971	B73_chr9	27842727	27844133	meth_B73.ref_B73_9:27842727..27844133	1.67818	.
B73_chr9	28009246	28016084	LTRRT_44974	B73_chr9	28009400	28010287	meth_B73.ref_B73_9:28009400..28010287	7.13012	.
B73_chr9	28009246	28016084	LTRRT_44974	B73_chr9	28013776	28014569	meth_B73.ref_B73_9:28013776..28014569	3.33333	.
B73_chr9	28244089	28247505	LTRRT_44979	B73_chr9	28244435	28247088	meth_B73.ref_B73_9:28244435..28247088	0.519931	.
B73_chr9	29896037	29911439	LTRRT_45013	B73_chr9	29898551	29899126	meth_B73.ref_B73_9:29898551..29899126	5.6338	.
B73_chr9	29896037	29911439	LTRRT_45013	B73_chr9	29909482	29909656	meth_B73.ref_B73_9:29909482..29909656	9.67742	.
B73_chr9	30093137	30108712	LTRRT_45019	B73_chr9	30095735	30095961	meth_B73.ref_B73_9:30095735..30095961	14.5669	.
B73_chr9	31230821	31246212	LTRRT_45047	B73_chr9	31233472	31233645	meth_B73.ref_B73_9:31233472..31233645	0	.
B73_chr9	31230821	31246212	LTRRT_45047	B73_chr9	31244261	31244723	meth_B73.ref_B73_9:31244261..31244723	2.94118	.
B73_chr9	31649820	31656650	LTRRT_45060	B73_chr9	31651159	31652145	meth_B73.ref_B73_9:31651159..31652145	8.81764	.
B73_chr9	31902106	31908908	LTRRT_45064	B73_chr9	31902996	31903153	meth_B73.ref_B73_9:31902996..31903153	7.69231	.
B73_chr9	32759510	32764883	LTRRT_45084	B73_chr9	32758808	32759754	meth_B73.ref_B73_9:32758808..32759754	2.41379	.
B73_chr9	32759510	32764883	LTRRT_45084	B73_chr9	32764445	32767602	meth_B73.ref_B73_9:32764445..32767602	2.3232	.
B73_chr9	33875256	33884304	LTRRT_45117	B73_chr9	33873314	33875375	meth_B73.ref_B73_9:33873314..33875375	1.41458	.
B73_chr9	34273995	34280825	LTRRT_45129	B73_chr9	34275374	34276154	meth_B73.ref_B73_9:34275374..34276154	8.23353	.
B73_chr9	34273995	34280825	LTRRT_45129	B73_chr9	34279649	34280433	meth_B73.ref_B73_9:34279649..34280433	5.29634	.
B73_chr9	34713275	34727120	LTRRT_45141	B73_chr9	34717765	34717922	meth_B73.ref_B73_9:34717765..34717922	8.33333	.
B73_chr9	34800082	34809249	LTRRT_45142	B73_chr9	34801607	34801788	meth_B73.ref_B73_9:34801607..34801788	7.93651	.
B73_chr9	35548599	35555443	LTRRT_45157	B73_chr9	35549077	35549776	meth_B73.ref_B73_9:35549077..35549776	3.78549	.
B73_chr9	35548599	35555443	LTRRT_45157	B73_chr9	35553858	35554105	meth_B73.ref_B73_9:35553858..35554105	12.1951	.
B73_chr9	35741680	35755247	LTRRT_45162	B73_chr9	35753703	35753880	meth_B73.ref_B73_9:35753703..35753880	6.25	.
B73_chr9	35784599	35796432	LTRRT_45164	B73_chr9	35785264	35786074	meth_B73.ref_B73_9:35785264..35786074	2.69504	.
B73_chr9	35784599	35796432	LTRRT_45164	B73_chr9	35792710	35793541	meth_B73.ref_B73_9:35792710..35793541	1.90217	.
B73_chr9	36081569	36091350	LTRRT_45171	B73_chr9	36082667	36083427	meth_B73.ref_B73_9:36082667..36083427	4.9505	.
B73_chr9	36081569	36091350	LTRRT_45171	B73_chr9	36090088	36090966	meth_B73.ref_B73_9:36090088..36090966	7.19225	.
B73_chr9	38014703	38028351	LTRRT_45221	B73_chr9	38015399	38016097	meth_B73.ref_B73_9:38015399..38016097	1.61616	.
B73_chr9	38014703	38028351	LTRRT_45221	B73_chr9	38023865	38024602	meth_B73.ref_B73_9:38023865..38024602	2.24525	.
B73_chr9	38014703	38028351	LTRRT_45221	B73_chr9	38025570	38026014	meth_B73.ref_B73_9:38025570..38026014	12.1662	.
B73_chr9	38174153	38183312	LTRRT_45223	B73_chr9	38181198	38181432	meth_B73.ref_B73_9:38181198..38181432	12.1951	.
B73_chr9	38174153	38183312	LTRRT_45223	B73_chr9	38181539	38182274	meth_B73.ref_B73_9:38181539..38182274	6.31068	.
B73_chr9	38174153	38183312	LTRRT_45223	B73_chr9	38174556	38175634	meth_B73.ref_B73_9:38174556..38175634	8.19209	.
B73_chr9	38318311	38323593	LTRRT_45228	B73_chr9	38318340	38318961	meth_B73.ref_B73_9:38318340..38318961	11.8081	.
B73_chr9	38373754	38387945	LTRRT_45229	B73_chr9	38384926	38385089	meth_B73.ref_B73_9:38384926..38385089	10.2564	.
B73_chr9	38867125	38882383	LTRRT_45238	B73_chr9	38876266	38877323	meth_B73.ref_B73_9:38876266..38877323	4.39276	.
B73_chr9	39304649	39310002	LTRRT_45248	B73_chr9	39302580	39304658	meth_B73.ref_B73_9:39302580..39304658	0.566718	.
B73_chr9	39304649	39310002	LTRRT_45248	B73_chr9	39304766	39305043	meth_B73.ref_B73_9:39304766..39305043	18.8235	.
B73_chr9	39304649	39310002	LTRRT_45248	B73_chr9	39309868	39316238	meth_B73.ref_B73_9:39309868..39316238	0.831889	.
B73_chr9	40300771	40316343	LTRRT_45266	B73_chr9	40303513	40303748	meth_B73.ref_B73_9:40303513..40303748	11.828	.
B73_chr9	40408955	40423955	LTRRT_45268	B73_chr9	40421777	40422090	meth_B73.ref_B73_9:40421777..40422090	15.7895	.
B73_chr9	40950813	40959795	LTRRT_45284	B73_chr9	40951120	40951288	meth_B73.ref_B73_9:40951120..40951288	19.6429	.
B73_chr9	41169247	41183620	LTRRT_45290	B73_chr9	41170381	41170537	meth_B73.ref_B73_9:41170381..41170537	8.69565	.
B73_chr9	41169247	41183620	LTRRT_45290	B73_chr9	41180632	41181585	meth_B73.ref_B73_9:41180632..41181585	7.90514	.
B73_chr9	41169247	41183620	LTRRT_45290	B73_chr9	41172624	41173563	meth_B73.ref_B73_9:41172624..41173563	4.40367	.
B73_chr9	41351995	41364615	LTRRT_45294	B73_chr9	41352876	41353057	meth_B73.ref_B73_9:41352876..41353057	4.44444	.
B73_chr9	41596173	41610593	LTRRT_45298	B73_chr9	41599852	41600819	meth_B73.ref_B73_9:41599852..41600819	4.41989	.
B73_chr9	41596173	41610593	LTRRT_45298	B73_chr9	41606627	41606798	meth_B73.ref_B73_9:41606627..41606798	16.8224	.
B73_chr9	41596173	41610593	LTRRT_45298	B73_chr9	41606853	41607111	meth_B73.ref_B73_9:41606853..41607111	14.5299	.
B73_chr9	41596173	41610593	LTRRT_45298	B73_chr9	41608097	41608874	meth_B73.ref_B73_9:41608097..41608874	3.31492	.
B73_chr9	41596173	41610593	LTRRT_45298	B73_chr9	41598385	41599161	meth_B73.ref_B73_9:41598385..41599161	18.0233	.
B73_chr9	41628808	41634082	LTRRT_45299	B73_chr9	41633939	41634897	meth_B73.ref_B73_9:41633939..41634897	3.64146	.
B73_chr9	42055264	42062841	LTRRT_45308	B73_chr9	42055510	42055667	meth_B73.ref_B73_9:42055510..42055667	17.3077	.
B73_chr9	42055264	42062841	LTRRT_45308	B73_chr9	42062132	42062402	meth_B73.ref_B73_9:42062132..42062402	15.0183	.
B73_chr9	42068445	42082501	LTRRT_45309	B73_chr9	42070347	42071284	meth_B73.ref_B73_9:42070347..42071284	4.52099	.
B73_chr9	42068445	42082501	LTRRT_45309	B73_chr9	42078213	42079485	meth_B73.ref_B73_9:42078213..42079485	3.91459	.
B73_chr9	42091229	42105346	LTRRT_45310	B73_chr9	42094508	42095569	meth_B73.ref_B73_9:42094508..42095569	10.5597	.
B73_chr9	42091229	42105346	LTRRT_45310	B73_chr9	42102345	42103307	meth_B73.ref_B73_9:42102345..42103307	6.23742	.
B73_chr9	42613960	42625381	LTRRT_45321	B73_chr9	42623421	42623574	meth_B73.ref_B73_9:42623421..42623574	0	.
B73_chr9	42964860	42971705	LTRRT_45328	B73_chr9	42966200	42967025	meth_B73.ref_B73_9:42966200..42967025	7.75623	.
B73_chr9	42964860	42971705	LTRRT_45328	B73_chr9	42970485	42971313	meth_B73.ref_B73_9:42970485..42971313	7.91897	.
B73_chr9	43736511	43751276	LTRRT_45342	B73_chr9	43747277	43748222	meth_B73.ref_B73_9:43747277..43748222	3.79581	.
B73_chr9	46032414	46056200	LTRRT_45380	B73_chr9	46035052	46035225	meth_B73.ref_B73_9:46035052..46035225	13.7405	.
B73_chr9	46815145	46827813	LTRRT_45402	B73_chr9	46824914	46825204	meth_B73.ref_B73_9:46824914..46825204	16.8067	.
B73_chr9	46815145	46827813	LTRRT_45402	B73_chr9	46825980	46826372	meth_B73.ref_B73_9:46825980..46826372	0	.
B73_chr9	46953178	46961548	LTRRT_45406	B73_chr9	46953308	46955116	meth_B73.ref_B73_9:46953308..46955116	0.328228	.
B73_chr9	48424218	48433585	LTRRT_45441	B73_chr9	48424653	48425511	meth_B73.ref_B73_9:48424653..48425511	3.82609	.
B73_chr9	48424218	48433585	LTRRT_45441	B73_chr9	48431848	48432568	meth_B73.ref_B73_9:48431848..48432568	4.7619	.
B73_chr9	48686867	48698526	LTRRT_45444	B73_chr9	48689357	48691495	meth_B73.ref_B73_9:48689357..48691495	0.815494	.
B73_chr9	48686867	48698526	LTRRT_45444	B73_chr9	48695914	48698068	meth_B73.ref_B73_9:48695914..48698068	0.770021	.
B73_chr9	48870653	48884547	LTRRT_45448	B73_chr9	48869909	48870659	meth_B73.ref_B73_9:48869909..48870659	3.98724	.
B73_chr9	48942889	48948136	LTRRT_45450	B73_chr9	48947895	48949810	meth_B73.ref_B73_9:48947895..48949810	1.9458	.
B73_chr9	49090165	49096404	LTRRT_45453	B73_chr9	49086756	49090199	meth_B73.ref_B73_9:49086756..49090199	1.34323	.
B73_chr9	49695420	49702293	LTRRT_45467	B73_chr9	49695846	49696631	meth_B73.ref_B73_9:49695846..49696631	5.15723	.
B73_chr9	49695420	49702293	LTRRT_45467	B73_chr9	49700244	49700501	meth_B73.ref_B73_9:49700244..49700501	4.40678	.
B73_chr9	49695420	49702293	LTRRT_45467	B73_chr9	49700589	49700837	meth_B73.ref_B73_9:49700589..49700837	14.2857	.
B73_chr9	49951658	49956822	LTRRT_45473	B73_chr9	49956227	49956542	meth_B73.ref_B73_9:49956227..49956542	13.0081	.
B73_chr9	50155660	50169442	LTRRT_45480	B73_chr9	50169437	50170725	meth_B73.ref_B73_9:50169437..50170725	4.68187	.
B73_chr9	50235557	50237436	LTRRT_45483	B73_chr9	50232838	50235590	meth_B73.ref_B73_9:50232838..50235590	1.66128	.
B73_chr9	50572583	50584134	LTRRT_45490	B73_chr9	50575187	50576062	meth_B73.ref_B73_9:50575187..50576062	0.863558	.
B73_chr9	50572583	50584134	LTRRT_45490	B73_chr9	50582583	50583493	meth_B73.ref_B73_9:50582583..50583493	1.31234	.
B73_chr9	51068727	51083735	LTRRT_45500	B73_chr9	51070743	51071228	meth_B73.ref_B73_9:51070743..51071228	12.6866	.
B73_chr9	51068727	51083735	LTRRT_45500	B73_chr9	51081556	51081717	meth_B73.ref_B73_9:51081556..51081717	12.069	.
B73_chr9	51231793	51236994	LTRRT_45504	B73_chr9	51231249	51236322	meth_B73.ref_B73_9:51231249..51236322	3.31143	.
B73_chr9	51395583	51405363	LTRRT_45507	B73_chr9	51405238	51408306	meth_B73.ref_B73_9:51405238..51408306	3.24624	.
B73_chr9	53265369	53281757	LTRRT_45548	B73_chr9	53280442	53280632	meth_B73.ref_B73_9:53280442..53280632	8.57143	.
B73_chr9	53265369	53281757	LTRRT_45548	B73_chr9	53280944	53281186	meth_B73.ref_B73_9:53280944..53281186	17.8571	.
B73_chr9	53329922	53345024	LTRRT_45553	B73_chr9	53333319	53334556	meth_B73.ref_B73_9:53333319..53334556	6.22924	.
B73_chr9	53329922	53345024	LTRRT_45553	B73_chr9	53341665	53342952	meth_B73.ref_B73_9:53341665..53342952	6.91091	.
B73_chr9	53371250	53386824	LTRRT_45555	B73_chr9	53372968	53373225	meth_B73.ref_B73_9:53372968..53373225	7.44681	.
B73_chr9	53371250	53386824	LTRRT_45555	B73_chr9	53383852	53384083	meth_B73.ref_B73_9:53383852..53384083	8.43373	.
B73_chr9	53630375	53639598	LTRRT_45564	B73_chr9	53631406	53632166	meth_B73.ref_B73_9:53631406..53632166	4.7619	.
B73_chr9	53630375	53639598	LTRRT_45564	B73_chr9	53638295	53639211	meth_B73.ref_B73_9:53638295..53639211	4.97512	.
B73_chr9	53733311	53742530	LTRRT_45566	B73_chr9	53733817	53734507	meth_B73.ref_B73_9:53733817..53734507	5.77778	.
B73_chr9	53733311	53742530	LTRRT_45566	B73_chr9	53740611	53741495	meth_B73.ref_B73_9:53740611..53741495	4.49102	.
B73_chr9	54290910	54306462	LTRRT_45575	B73_chr9	54292425	54292826	meth_B73.ref_B73_9:54292425..54292826	18.6275	.
B73_chr9	54677059	54683947	LTRRT_45584	B73_chr9	54677577	54678103	meth_B73.ref_B73_9:54677577..54678103	4.48065	.
B73_chr9	54677059	54683947	LTRRT_45584	B73_chr9	54681703	54682402	meth_B73.ref_B73_9:54681703..54682402	5.23256	.
B73_chr9	55194481	55203416	LTRRT_45595	B73_chr9	55196673	55196880	meth_B73.ref_B73_9:55196673..55196880	4.16667	.
B73_chr9	55402652	55409499	LTRRT_45600	B73_chr9	55403993	55404815	meth_B73.ref_B73_9:55403993..55404815	7.4	.
B73_chr9	55402652	55409499	LTRRT_45600	B73_chr9	55408285	55409016	meth_B73.ref_B73_9:55408285..55409016	5.18018	.
B73_chr9	55900115	55913663	LTRRT_45611	B73_chr9	55908663	55908837	meth_B73.ref_B73_9:55908663..55908837	8.69565	.
B73_chr9	55900115	55913663	LTRRT_45611	B73_chr9	55908879	55909312	meth_B73.ref_B73_9:55908879..55909312	10.2804	.
B73_chr9	55969824	55977393	LTRRT_45614	B73_chr9	55976980	55977219	meth_B73.ref_B73_9:55976980..55977219	12.5	.
B73_chr9	56100008	56115053	LTRRT_45619	B73_chr9	56102210	56102373	meth_B73.ref_B73_9:56102210..56102373	11.25	.
B73_chr9	56263229	56276991	LTRRT_45623	B73_chr9	56265115	56266052	meth_B73.ref_B73_9:56265115..56266052	7.48075	.
B73_chr9	56263229	56276991	LTRRT_45623	B73_chr9	56267488	56267818	meth_B73.ref_B73_9:56267488..56267818	6.61157	.
B73_chr9	56263229	56276991	LTRRT_45623	B73_chr9	56272924	56273775	meth_B73.ref_B73_9:56272924..56273775	8.12757	.
B73_chr9	56263229	56276991	LTRRT_45623	B73_chr9	56275196	56275454	meth_B73.ref_B73_9:56275196..56275454	7.14286	.
B73_chr9	56263229	56276991	LTRRT_45623	B73_chr9	56275536	56276098	meth_B73.ref_B73_9:56275536..56276098	9.09091	.
B73_chr9	56509916	56524343	LTRRT_45630	B73_chr9	56510729	56510975	meth_B73.ref_B73_9:56510729..56510975	11.5385	.
B73_chr9	56509916	56524343	LTRRT_45630	B73_chr9	56511262	56511721	meth_B73.ref_B73_9:56511262..56511721	15.0862	.
B73_chr9	56509916	56524343	LTRRT_45630	B73_chr9	56513331	56514267	meth_B73.ref_B73_9:56513331..56514267	8.32196	.
B73_chr9	56509916	56524343	LTRRT_45630	B73_chr9	56519341	56519772	meth_B73.ref_B73_9:56519341..56519772	13.2576	.
B73_chr9	56509916	56524343	LTRRT_45630	B73_chr9	56521148	56522321	meth_B73.ref_B73_9:56521148..56522321	4.45765	.
B73_chr9	56656959	56667486	LTRRT_45635	B73_chr9	56665462	56665739	meth_B73.ref_B73_9:56665462..56665739	10.3448	.
B73_chr9	56719435	56727003	LTRRT_45637	B73_chr9	56719644	56719795	meth_B73.ref_B73_9:56719644..56719795	13.9535	.
B73_chr9	56848554	56855510	LTRRT_45641	B73_chr9	56853396	56854093	meth_B73.ref_B73_9:56853396..56854093	11.4391	.
B73_chr9	56889566	56898714	LTRRT_45642	B73_chr9	56890061	56890881	meth_B73.ref_B73_9:56890061..56890881	9.70464	.
B73_chr9	56889566	56898714	LTRRT_45642	B73_chr9	56896766	56897659	meth_B73.ref_B73_9:56896766..56897659	3.84615	.
B73_chr9	57054354	57061202	LTRRT_45649	B73_chr9	57054881	57055572	meth_B73.ref_B73_9:57054881..57055572	13.079	.
B73_chr9	57054354	57061202	LTRRT_45649	B73_chr9	57059038	57059699	meth_B73.ref_B73_9:57059038..57059699	9.68661	.
B73_chr9	57073716	57080615	LTRRT_45651	B73_chr9	57075091	57075923	meth_B73.ref_B73_9:57075091..57075923	9.86622	.
B73_chr9	57073716	57080615	LTRRT_45651	B73_chr9	57079533	57080188	meth_B73.ref_B73_9:57079533..57080188	4.79452	.
B73_chr9	57972897	57988301	LTRRT_45666	B73_chr9	57975548	57975722	meth_B73.ref_B73_9:57975548..57975722	8.78378	.
B73_chr9	57972897	57988301	LTRRT_45666	B73_chr9	57986345	57986519	meth_B73.ref_B73_9:57986345..57986519	5.37634	.
B73_chr9	59337161	59348585	LTRRT_45707	B73_chr9	59348568	59348881	meth_B73.ref_B73_9:59348568..59348881	13.617	.
B73_chr9	59396581	59405781	LTRRT_45711	B73_chr9	59397110	59397994	meth_B73.ref_B73_9:59397110..59397994	4.78873	.
B73_chr9	59396581	59405781	LTRRT_45711	B73_chr9	59403678	59404542	meth_B73.ref_B73_9:59403678..59404542	3.91705	.
B73_chr9	60083963	60090800	LTRRT_45732	B73_chr9	60084320	60084946	meth_B73.ref_B73_9:60084320..60084946	12.4514	.
B73_chr9	60083963	60090800	LTRRT_45732	B73_chr9	60088772	60089042	meth_B73.ref_B73_9:60088772..60089042	11.4068	.
B73_chr9	60351542	60366940	LTRRT_45742	B73_chr9	60353152	60353429	meth_B73.ref_B73_9:60353152..60353429	0	.
B73_chr9	60662945	60678342	LTRRT_45748	B73_chr9	60664724	60665036	meth_B73.ref_B73_9:60664724..60665036	6.77966	.
B73_chr9	60662945	60678342	LTRRT_45748	B73_chr9	60675520	60675694	meth_B73.ref_B73_9:60675520..60675694	3.61446	.
B73_chr9	61937899	61952850	LTRRT_45775	B73_chr9	61950357	61950571	meth_B73.ref_B73_9:61950357..61950571	5.05051	.
B73_chr9	62642850	62657806	LTRRT_45791	B73_chr9	62644707	62645019	meth_B73.ref_B73_9:62644707..62645019	10.1695	.
B73_chr9	62768885	62782484	LTRRT_45795	B73_chr9	62776363	62776529	meth_B73.ref_B73_9:62776363..62776529	9.09091	.
B73_chr9	62813539	62818714	LTRRT_45796	B73_chr9	62818164	62818440	meth_B73.ref_B73_9:62818164..62818440	16.4706	.
B73_chr9	63421037	63430188	LTRRT_45809	B73_chr9	63421676	63422396	meth_B73.ref_B73_9:63421676..63422396	3.24324	.
B73_chr9	63421037	63430188	LTRRT_45809	B73_chr9	63428197	63429137	meth_B73.ref_B73_9:63428197..63429137	3.01508	.
B73_chr9	63625807	63638656	LTRRT_45813	B73_chr9	63627690	63627974	meth_B73.ref_B73_9:63627690..63627974	7.89474	.
B73_chr9	63876188	63891582	LTRRT_45820	B73_chr9	63878699	63879010	meth_B73.ref_B73_9:63878699..63879010	4.3956	.
B73_chr9	63876188	63891582	LTRRT_45820	B73_chr9	63889492	63889803	meth_B73.ref_B73_9:63889492..63889803	2.32558	.
B73_chr9	64697202	64707021	LTRRT_45837	B73_chr9	64698295	64699069	meth_B73.ref_B73_9:64698295..64699069	3.73832	.
B73_chr9	64697202	64707021	LTRRT_45837	B73_chr9	64705733	64706514	meth_B73.ref_B73_9:64705733..64706514	1.36986	.
B73_chr9	64759299	64766142	LTRRT_45840	B73_chr9	64760678	64761115	meth_B73.ref_B73_9:64760678..64761115	10.7527	.
B73_chr9	64759299	64766142	LTRRT_45840	B73_chr9	64761180	64761376	meth_B73.ref_B73_9:64761180..64761376	4.16667	.
B73_chr9	64759299	64766142	LTRRT_45840	B73_chr9	64765144	64765664	meth_B73.ref_B73_9:64765144..64765664	3.93701	.
B73_chr9	65131883	65141062	LTRRT_45845	B73_chr9	65132436	65133146	meth_B73.ref_B73_9:65132436..65133146	5.54273	.
B73_chr9	65131883	65141062	LTRRT_45845	B73_chr9	65139268	65140116	meth_B73.ref_B73_9:65139268..65140116	7.76053	.
B73_chr9	65235650	65245414	LTRRT_45848	B73_chr9	65236169	65236855	meth_B73.ref_B73_9:65236169..65236855	2.24359	.
B73_chr9	65235650	65245414	LTRRT_45848	B73_chr9	65243452	65244360	meth_B73.ref_B73_9:65243452..65244360	2.40964	.
B73_chr9	65339850	65345036	LTRRT_45849	B73_chr9	65334615	65339951	meth_B73.ref_B73_9:65334615..65339951	2.93032	.
B73_chr9	65700615	65710432	LTRRT_45853	B73_chr9	65701690	65702564	meth_B73.ref_B73_9:65701690..65702564	3.61446	.
B73_chr9	65700615	65710432	LTRRT_45853	B73_chr9	65709163	65710088	meth_B73.ref_B73_9:65709163..65710088	3.59712	.
B73_chr9	65934728	65944046	LTRRT_45857	B73_chr9	65934089	65934738	meth_B73.ref_B73_9:65934089..65934738	11.4144	.
B73_chr9	66068299	66074502	LTRRT_45861	B73_chr9	66067740	66068333	meth_B73.ref_B73_9:66067740..66068333	7.40741	.
B73_chr9	66997950	67004853	LTRRT_45887	B73_chr9	66999404	67000157	meth_B73.ref_B73_9:66999404..67000157	9.49464	.
B73_chr9	66997950	67004853	LTRRT_45887	B73_chr9	67003602	67004474	meth_B73.ref_B73_9:67003602..67004474	9.9187	.
B73_chr9	67150776	67157606	LTRRT_45891	B73_chr9	67152120	67152827	meth_B73.ref_B73_9:67152120..67152827	3.17125	.
B73_chr9	67150776	67157606	LTRRT_45891	B73_chr9	67156430	67156975	meth_B73.ref_B73_9:67156430..67156975	7.93651	.
B73_chr9	67383602	67390576	LTRRT_45896	B73_chr9	67388518	67389198	meth_B73.ref_B73_9:67388518..67389198	15.4696	.
B73_chr9	67523015	67531773	LTRRT_45900	B73_chr9	67525799	67526876	meth_B73.ref_B73_9:67525799..67526876	1.94872	.
B73_chr9	67592840	67601983	LTRRT_45902	B73_chr9	67594020	67594509	meth_B73.ref_B73_9:67594020..67594509	2.94118	.
B73_chr9	67592840	67601983	LTRRT_45902	B73_chr9	67594703	67594877	meth_B73.ref_B73_9:67594703..67594877	0	.
B73_chr9	67592840	67601983	LTRRT_45902	B73_chr9	67600732	67601528	meth_B73.ref_B73_9:67600732..67601528	1.36364	.
B73_chr9	68185128	68197465	LTRRT_45916	B73_chr9	68185174	68186311	meth_B73.ref_B73_9:68185174..68186311	1.24004	.
B73_chr9	69003029	69012854	LTRRT_45938	B73_chr9	69004133	69004890	meth_B73.ref_B73_9:69004133..69004890	3	.
B73_chr9	69003029	69012854	LTRRT_45938	B73_chr9	69011546	69012334	meth_B73.ref_B73_9:69011546..69012334	3.82696	.
B73_chr9	69189750	69199896	LTRRT_45941	B73_chr9	69190835	69191904	meth_B73.ref_B73_9:69190835..69191904	3.52	.
B73_chr9	69189750	69199896	LTRRT_45941	B73_chr9	69198455	69199392	meth_B73.ref_B73_9:69198455..69199392	2.34899	.
B73_chr9	69565837	69577616	LTRRT_45946	B73_chr9	69573390	69574719	meth_B73.ref_B73_9:69573390..69574719	1.71073	.
B73_chr9	69565837	69577616	LTRRT_45946	B73_chr9	69566279	69567685	meth_B73.ref_B73_9:69566279..69567685	0.41365	.
B73_chr9	69606408	69620377	LTRRT_45948	B73_chr9	69609023	69609287	meth_B73.ref_B73_9:69609023..69609287	11.0577	.
B73_chr9	69606408	69620377	LTRRT_45948	B73_chr9	69609532	69610041	meth_B73.ref_B73_9:69609532..69610041	5	.
B73_chr9	69606408	69620377	LTRRT_45948	B73_chr9	69610170	69610609	meth_B73.ref_B73_9:69610170..69610609	4.42478	.
B73_chr9	69606408	69620377	LTRRT_45948	B73_chr9	69616873	69617212	meth_B73.ref_B73_9:69616873..69617212	10.2564	.
B73_chr9	69606408	69620377	LTRRT_45948	B73_chr9	69617417	69618431	meth_B73.ref_B73_9:69617417..69618431	0.518135	.
B73_chr9	69956704	69964640	LTRRT_45956	B73_chr9	69963680	69963854	meth_B73.ref_B73_9:69963680..69963854	13.5135	.
B73_chr9	70843034	70849913	LTRRT_45975	B73_chr9	70844157	70844409	meth_B73.ref_B73_9:70844157..70844409	9.02778	.
B73_chr9	70843034	70849913	LTRRT_45975	B73_chr9	70849306	70849566	meth_B73.ref_B73_9:70849306..70849566	17.1429	.
B73_chr9	71287253	71303448	LTRRT_45983	B73_chr9	71293587	71294542	meth_B73.ref_B73_9:71293587..71294542	2.61097	.
B73_chr9	71287253	71303448	LTRRT_45983	B73_chr9	71301100	71302038	meth_B73.ref_B73_9:71301100..71302038	2.0979	.
B73_chr9	71379672	71393492	LTRRT_45986	B73_chr9	71388344	71389099	meth_B73.ref_B73_9:71388344..71389099	7.05765	.
B73_chr9	71414601	71432845	LTRRT_45987	B73_chr9	71431425	71431600	meth_B73.ref_B73_9:71431425..71431600	19	.
B73_chr9	71735356	71743997	LTRRT_45990	B73_chr9	71741897	71743633	meth_B73.ref_B73_9:71741897..71743633	0.520833	.
B73_chr9	71771473	71777632	LTRRT_45991	B73_chr9	71776336	71776980	meth_B73.ref_B73_9:71776336..71776980	11.2633	.
B73_chr9	72236207	72246399	LTRRT_46005	B73_chr9	72237296	72238251	meth_B73.ref_B73_9:72237296..72238251	2.76753	.
B73_chr9	72236207	72246399	LTRRT_46005	B73_chr9	72244887	72245872	meth_B73.ref_B73_9:72244887..72245872	1.62963	.
B73_chr9	72588254	72602114	LTRRT_46010	B73_chr9	72599931	72600244	meth_B73.ref_B73_9:72599931..72600244	12.4031	.
B73_chr9	73233179	73242309	LTRRT_46023	B73_chr9	73233802	73234484	meth_B73.ref_B73_9:73233802..73234484	4.5	.
B73_chr9	73233179	73242309	LTRRT_46023	B73_chr9	73240322	73240996	meth_B73.ref_B73_9:73240322..73240996	1.8018	.
B73_chr9	74440099	74445501	LTRRT_46041	B73_chr9	74440828	74442604	meth_B73.ref_B73_9:74440828..74442604	1.8559	.
B73_chr9	74440099	74445501	LTRRT_46041	B73_chr9	74442871	74446001	meth_B73.ref_B73_9:74442871..74446001	1.49307	.
B73_chr9	74693837	74701173	LTRRT_46048	B73_chr9	74693295	74693919	meth_B73.ref_B73_9:74693295..74693919	2.85714	.
B73_chr9	74768886	74783143	LTRRT_46049	B73_chr9	74770928	74772200	meth_B73.ref_B73_9:74770928..74772200	7.44879	.
B73_chr9	74768886	74783143	LTRRT_46049	B73_chr9	74778898	74780174	meth_B73.ref_B73_9:74778898..74780174	5.98291	.
B73_chr9	75089540	75102746	LTRRT_46052	B73_chr9	75101734	75101919	meth_B73.ref_B73_9:75101734..75101919	14.8936	.
B73_chr9	75974092	75989834	LTRRT_46072	B73_chr9	75976556	75977064	meth_B73.ref_B73_9:75976556..75977064	6.11111	.
B73_chr9	76502063	76512652	LTRRT_46084	B73_chr9	76503698	76504519	meth_B73.ref_B73_9:76503698..76504519	0	.
B73_chr9	76502063	76512652	LTRRT_46084	B73_chr9	76504906	76505105	meth_B73.ref_B73_9:76504906..76505105	3.44828	.
B73_chr9	77135456	77142348	LTRRT_46100	B73_chr9	77135980	77136700	meth_B73.ref_B73_9:77135980..77136700	8.22123	.
B73_chr9	77135456	77142348	LTRRT_46100	B73_chr9	77140278	77141017	meth_B73.ref_B73_9:77140278..77141017	6.96095	.
B73_chr9	78320885	78336458	LTRRT_46108	B73_chr9	78333637	78333811	meth_B73.ref_B73_9:78333637..78333811	4.48718	.
B73_chr9	78828456	78836432	LTRRT_46119	B73_chr9	78828804	78830256	meth_B73.ref_B73_9:78828804..78830256	1.07672	.
B73_chr9	78953790	78960757	LTRRT_46120	B73_chr9	78954718	78955005	meth_B73.ref_B73_9:78954718..78955005	18.9091	.
B73_chr9	78953790	78960757	LTRRT_46120	B73_chr9	78958507	78959373	meth_B73.ref_B73_9:78958507..78959373	7.36434	.
B73_chr9	78953790	78960757	LTRRT_46120	B73_chr9	78954284	78954659	meth_B73.ref_B73_9:78954284..78954659	6.72451	.
B73_chr9	79078691	79088392	LTRRT_46125	B73_chr9	79079051	79079951	meth_B73.ref_B73_9:79079051..79079951	2.57511	.
B73_chr9	79078691	79088392	LTRRT_46125	B73_chr9	79086398	79087225	meth_B73.ref_B73_9:79086398..79087225	2.29682	.
B73_chr9	79562544	79569446	LTRRT_46137	B73_chr9	79563452	79563615	meth_B73.ref_B73_9:79563452..79563615	9.45946	.
B73_chr9	79562544	79569446	LTRRT_46137	B73_chr9	79567159	79567992	meth_B73.ref_B73_9:79567159..79567992	5.74913	.
B73_chr9	80660822	80670871	LTRRT_46156	B73_chr9	80661294	80662702	meth_B73.ref_B73_9:80661294..80662702	1.59501	.
B73_chr9	80966463	80971893	LTRRT_46167	B73_chr9	80971634	80972944	meth_B73.ref_B73_9:80971634..80972944	2.33161	.
B73_chr9	81068568	81078751	LTRRT_46170	B73_chr9	81069082	81070064	meth_B73.ref_B73_9:81069082..81070064	8.26011	.
B73_chr9	81068568	81078751	LTRRT_46170	B73_chr9	81076591	81077685	meth_B73.ref_B73_9:81076591..81077685	5.88235	.
B73_chr9	81165520	81174882	LTRRT_46173	B73_chr9	81166662	81167286	meth_B73.ref_B73_9:81166662..81167286	1.44928	.
B73_chr9	81165520	81174882	LTRRT_46173	B73_chr9	81173544	81174532	meth_B73.ref_B73_9:81173544..81174532	3.85757	.
B73_chr9	81629471	81634910	LTRRT_46183	B73_chr9	81629050	81629576	meth_B73.ref_B73_9:81629050..81629576	1.12867	.
B73_chr9	83376306	83391048	LTRRT_46212	B73_chr9	83376775	83377577	meth_B73.ref_B73_9:83376775..83377577	0	.
B73_chr9	83376306	83391048	LTRRT_46212	B73_chr9	83377771	83378079	meth_B73.ref_B73_9:83377771..83378079	3.8961	.
B73_chr9	83376306	83391048	LTRRT_46212	B73_chr9	83386909	83388096	meth_B73.ref_B73_9:83386909..83388096	0.451467	.
B73_chr9	83471328	83479451	LTRRT_46216	B73_chr9	83472105	83472263	meth_B73.ref_B73_9:83472105..83472263	8	.
B73_chr9	83744422	83763931	LTRRT_46221	B73_chr9	83752149	83753810	meth_B73.ref_B73_9:83752149..83753810	0.599829	.
B73_chr9	83766939	83777387	LTRRT_46222	B73_chr9	83772314	83772527	meth_B73.ref_B73_9:83772314..83772527	11.4286	.
B73_chr9	83955253	83970651	LTRRT_46230	B73_chr9	83957905	83958350	meth_B73.ref_B73_9:83957905..83958350	6.81818	.
B73_chr9	83955253	83970651	LTRRT_46230	B73_chr9	83968700	83968874	meth_B73.ref_B73_9:83968700..83968874	15.4589	.
B73_chr9	84280925	84290672	LTRRT_46235	B73_chr9	84282009	84282873	meth_B73.ref_B73_9:84282009..84282873	13.3556	.
B73_chr9	84280925	84290672	LTRRT_46235	B73_chr9	84289593	84289944	meth_B73.ref_B73_9:84289593..84289944	10.7143	.
B73_chr9	84656732	84672287	LTRRT_46241	B73_chr9	84659378	84659552	meth_B73.ref_B73_9:84659378..84659552	11.33	.
B73_chr9	85067620	85081017	LTRRT_46248	B73_chr9	85069522	85070461	meth_B73.ref_B73_9:85069522..85070461	3.08285	.
B73_chr9	85067620	85081017	LTRRT_46248	B73_chr9	85071954	85072123	meth_B73.ref_B73_9:85071954..85072123	12.3077	.
B73_chr9	85067620	85081017	LTRRT_46248	B73_chr9	85077069	85078008	meth_B73.ref_B73_9:85077069..85078008	2.12355	.
B73_chr9	85142211	85156269	LTRRT_46250	B73_chr9	85145283	85146871	meth_B73.ref_B73_9:85145283..85146871	3.78198	.
B73_chr9	85142211	85156269	LTRRT_46250	B73_chr9	85153153	85154389	meth_B73.ref_B73_9:85153153..85154389	5.26316	.
B73_chr9	86040941	86054852	LTRRT_46270	B73_chr9	86043878	86044567	meth_B73.ref_B73_9:86043878..86044567	12.4481	.
B73_chr9	86040941	86054852	LTRRT_46270	B73_chr9	86051680	86052083	meth_B73.ref_B73_9:86051680..86052083	10.0592	.
B73_chr9	86164158	86175859	LTRRT_46274	B73_chr9	86163422	86164160	meth_B73.ref_B73_9:86163422..86164160	0	.
B73_chr9	86842240	86846804	LTRRT_46291	B73_chr9	86844920	86845202	meth_B73.ref_B73_9:86844920..86845202	16.9591	.
B73_chr9	86842240	86846804	LTRRT_46291	B73_chr9	86846477	86852675	meth_B73.ref_B73_9:86846477..86852675	1.21368	.
B73_chr9	89547712	89557056	LTRRT_46344	B73_chr9	89547748	89547925	meth_B73.ref_B73_9:89547748..89547925	11.1111	.
B73_chr9	90781828	90800974	LTRRT_46366	B73_chr9	90799986	90800198	meth_B73.ref_B73_9:90799986..90800198	7.89474	.
B73_chr9	91006210	91019906	LTRRT_46374	B73_chr9	91009232	91010279	meth_B73.ref_B73_9:91009232..91010279	9.43878	.
B73_chr9	91006210	91019906	LTRRT_46374	B73_chr9	91016916	91017818	meth_B73.ref_B73_9:91016916..91017818	6.20321	.
B73_chr9	91344972	91354808	LTRRT_46380	B73_chr9	91343859	91345285	meth_B73.ref_B73_9:91343859..91345285	0.490998	.
B73_chr9	92438952	92453946	LTRRT_46406	B73_chr9	92451764	92452077	meth_B73.ref_B73_9:92451764..92452077	12.931	.
B73_chr9	92906690	92913938	LTRRT_46416	B73_chr9	92913839	92914640	meth_B73.ref_B73_9:92913839..92914640	1.5411	.
B73_chr9	93291695	93298596	LTRRT_46426	B73_chr9	93292821	93292976	meth_B73.ref_B73_9:93292821..93292976	18.1818	.
B73_chr9	93291695	93298596	LTRRT_46426	B73_chr9	93293394	93293903	meth_B73.ref_B73_9:93293394..93293903	0	.
B73_chr9	94426570	94442148	LTRRT_46454	B73_chr9	94439323	94439497	meth_B73.ref_B73_9:94439323..94439497	11.4754	.
B73_chr9	94727276	94729045	LTRRT_46460	B73_chr9	94726781	94727375	meth_B73.ref_B73_9:94726781..94727375	11.3208	.
B73_chr9	94958607	94966395	LTRRT_46469	B73_chr9	94957425	94958680	meth_B73.ref_B73_9:94957425..94958680	2.03252	.
B73_chr9	95197189	95206482	LTRRT_46474	B73_chr9	95198288	95198441	meth_B73.ref_B73_9:95198288..95198441	12.8205	.
B73_chr9	95686911	95691994	LTRRT_46483	B73_chr9	95691855	95696882	meth_B73.ref_B73_9:95691855..95696882	0.975039	.
B73_chr9	96496922	96510718	LTRRT_46501	B73_chr9	96508655	96508872	meth_B73.ref_B73_9:96508655..96508872	17.8571	.
B73_chr9	96511491	96516691	LTRRT_46502	B73_chr9	96512852	96513148	meth_B73.ref_B73_9:96512852..96513148	18.0645	.
B73_chr9	96600673	96612901	LTRRT_46507	B73_chr9	96608246	96608409	meth_B73.ref_B73_9:96608246..96608409	12.5	.
B73_chr9	96644689	96649909	LTRRT_46510	B73_chr9	96648228	96648454	meth_B73.ref_B73_9:96648228..96648454	9.00901	.
B73_chr9	97305948	97320875	LTRRT_46523	B73_chr9	97317475	97317665	meth_B73.ref_B73_9:97317475..97317665	16.8539	.
B73_chr9	98644457	98659447	LTRRT_46551	B73_chr9	98656982	98657417	meth_B73.ref_B73_9:98656982..98657417	9.30233	.
B73_chr9	99545061	99555453	LTRRT_46580	B73_chr9	99555425	99555848	meth_B73.ref_B73_9:99555425..99555848	7.14286	.
B73_chr9	100014161	100021061	LTRRT_46590	B73_chr9	100014544	100015236	meth_B73.ref_B73_9:100014544..100015236	13.8965	.
B73_chr9	100014161	100021061	LTRRT_46590	B73_chr9	100018905	100019689	meth_B73.ref_B73_9:100018905..100019689	6.77419	.
B73_chr9	100255587	100265591	LTRRT_46596	B73_chr9	100258723	100258962	meth_B73.ref_B73_9:100258723..100258962	0	.
B73_chr9	100281618	100296655	LTRRT_46597	B73_chr9	100283822	100283983	meth_B73.ref_B73_9:100283822..100283983	12.6984	.
B73_chr9	100281618	100296655	LTRRT_46597	B73_chr9	100294613	100294811	meth_B73.ref_B73_9:100294613..100294811	11.6667	.
B73_chr9	100445576	100459782	LTRRT_46602	B73_chr9	100447591	100447751	meth_B73.ref_B73_9:100447591..100447751	8.19672	.
B73_chr9	100445576	100459782	LTRRT_46602	B73_chr9	100457267	100457797	meth_B73.ref_B73_9:100457267..100457797	8.65385	.
B73_chr9	100817840	100835898	LTRRT_46610	B73_chr9	100818263	100819298	meth_B73.ref_B73_9:100818263..100819298	5.96859	.
B73_chr9	100817840	100835898	LTRRT_46610	B73_chr9	100833829	100834809	meth_B73.ref_B73_9:100833829..100834809	4.32836	.
B73_chr9	101062516	101072049	LTRRT_46616	B73_chr9	101063016	101064165	meth_B73.ref_B73_9:101063016..101064165	4.21836	.
B73_chr9	101062516	101072049	LTRRT_46616	B73_chr9	101069863	101070836	meth_B73.ref_B73_9:101069863..101070836	3.7464	.
B73_chr9	101370178	101376587	LTRRT_46625	B73_chr9	101375604	101375780	meth_B73.ref_B73_9:101375604..101375780	8.82353	.
B73_chr9	101439289	101448499	LTRRT_46628	B73_chr9	101440291	101441080	meth_B73.ref_B73_9:101440291..101441080	4.77002	.
B73_chr9	101439289	101448499	LTRRT_46628	B73_chr9	101447328	101448173	meth_B73.ref_B73_9:101447328..101448173	5.36585	.
B73_chr9	101562776	101574804	LTRRT_46632	B73_chr9	101569030	101569219	meth_B73.ref_B73_9:101569030..101569219	9.52381	.
B73_chr9	102856217	102871819	LTRRT_46656	B73_chr9	102868700	102869426	meth_B73.ref_B73_9:102868700..102869426	0.28777	.
B73_chr9	103410697	103424083	LTRRT_46671	B73_chr9	103412803	103413652	meth_B73.ref_B73_9:103412803..103413652	11.7717	.
B73_chr9	103410697	103424083	LTRRT_46671	B73_chr9	103414049	103414932	meth_B73.ref_B73_9:103414049..103414932	2.8169	.
B73_chr9	103410697	103424083	LTRRT_46671	B73_chr9	103420428	103422334	meth_B73.ref_B73_9:103420428..103422334	8.92608	.
B73_chr9	103493142	103499974	LTRRT_46673	B73_chr9	103494643	103495004	meth_B73.ref_B73_9:103494643..103495004	9.63542	.
B73_chr9	103493142	103499974	LTRRT_46673	B73_chr9	103498934	103499275	meth_B73.ref_B73_9:103498934..103499275	13.1868	.
B73_chr9	103792245	103795221	LTRRT_46681	B73_chr9	103791164	103792281	meth_B73.ref_B73_9:103791164..103792281	0.44287	.
B73_chr9	103792245	103795221	LTRRT_46681	B73_chr9	103795125	103797154	meth_B73.ref_B73_9:103795125..103797154	0.678733	.
B73_chr9	103792245	103795221	LTRRT_46681	B73_chr9	103792580	103794778	meth_B73.ref_B73_9:103792580..103794778	2.36275	.
B73_chr9	104104060	104118057	LTRRT_46691	B73_chr9	104105988	104106876	meth_B73.ref_B73_9:104105988..104106876	5.67108	.
B73_chr9	104104060	104118057	LTRRT_46691	B73_chr9	104113871	104115083	meth_B73.ref_B73_9:104113871..104115083	10.017	.
B73_chr9	104894882	104900096	LTRRT_46706	B73_chr9	104899952	104902252	meth_B73.ref_B73_9:104899952..104902252	1.52334	.
B73_chr9	106230330	106240044	LTRRT_46736	B73_chr9	106238282	106238474	meth_B73.ref_B73_9:106238282..106238474	13.4615	.
B73_chr9	107233200	107240045	LTRRT_46765	B73_chr9	107233594	107234408	meth_B73.ref_B73_9:107233594..107234408	7.25806	.
B73_chr9	107233200	107240045	LTRRT_46765	B73_chr9	107237880	107238706	meth_B73.ref_B73_9:107237880..107238706	3.68098	.
B73_chr9	107670976	107682127	LTRRT_46777	B73_chr9	107672409	107672579	meth_B73.ref_B73_9:107672409..107672579	6.25	.
B73_chr9	108727677	108734586	LTRRT_46807	B73_chr9	108728800	108729033	meth_B73.ref_B73_9:108728800..108729033	8.92857	.
B73_chr9	108727677	108734586	LTRRT_46807	B73_chr9	108733971	108734283	meth_B73.ref_B73_9:108733971..108734283	15.3439	.
B73_chr9	109157715	109166849	LTRRT_46815	B73_chr9	109158218	109159193	meth_B73.ref_B73_9:109158218..109159193	2.98246	.
B73_chr9	109157715	109166849	LTRRT_46815	B73_chr9	109164620	109165711	meth_B73.ref_B73_9:109164620..109165711	5.04386	.
B73_chr9	109346567	109353509	LTRRT_46819	B73_chr9	109346870	109347181	meth_B73.ref_B73_9:109346870..109347181	0	.
B73_chr9	109346567	109353509	LTRRT_46819	B73_chr9	109352137	109352448	meth_B73.ref_B73_9:109352137..109352448	2.22222	.
B73_chr9	109356958	109371353	LTRRT_46820	B73_chr9	109371348	109371558	meth_B73.ref_B73_9:109371348..109371558	17.1429	.
B73_chr9	109441004	109454765	LTRRT_46822	B73_chr9	109443996	109444555	meth_B73.ref_B73_9:109443996..109444555	0.671141	.
B73_chr9	110073059	110082236	LTRRT_46834	B73_chr9	110074148	110075152	meth_B73.ref_B73_9:110074148..110075152	2.6087	.
B73_chr9	110073059	110082236	LTRRT_46834	B73_chr9	110080687	110081867	meth_B73.ref_B73_9:110080687..110081867	6.66667	.
B73_chr9	110721305	110726539	LTRRT_46848	B73_chr9	110726406	110726695	meth_B73.ref_B73_9:110726406..110726695	8.86076	.
B73_chr9	110795361	110801465	LTRRT_46849	B73_chr9	110793672	110795395	meth_B73.ref_B73_9:110793672..110795395	0.934579	.
B73_chr9	111066163	111073105	LTRRT_46857	B73_chr9	111067286	111067537	meth_B73.ref_B73_9:111067286..111067537	3.94089	.
B73_chr9	111066163	111073105	LTRRT_46857	B73_chr9	111072552	111072803	meth_B73.ref_B73_9:111072552..111072803	8.48485	.
B73_chr9	112085318	112089571	LTRRT_46882	B73_chr9	112089383	112090105	meth_B73.ref_B73_9:112089383..112090105	4.6	.
B73_chr9	113376751	113390939	LTRRT_46911	B73_chr9	113379632	113380894	meth_B73.ref_B73_9:113379632..113380894	7.14286	.
B73_chr9	113376751	113390939	LTRRT_46911	B73_chr9	113387573	113388762	meth_B73.ref_B73_9:113387573..113388762	8.58164	.
B73_chr9	113682683	113692471	LTRRT_46920	B73_chr9	113683755	113684541	meth_B73.ref_B73_9:113683755..113684541	2.85714	.
B73_chr9	113682683	113692471	LTRRT_46920	B73_chr9	113691279	113692078	meth_B73.ref_B73_9:113691279..113692078	3.61842	.
B73_chr9	114150037	114157427	LTRRT_46931	B73_chr9	114149246	114150087	meth_B73.ref_B73_9:114149246..114150087	1.82134	.
B73_chr9	114470679	114482995	LTRRT_46937	B73_chr9	114477993	114478316	meth_B73.ref_B73_9:114477993..114478316	13.3495	.
B73_chr9	114798344	114808561	LTRRT_46946	B73_chr9	114798857	114799189	meth_B73.ref_B73_9:114798857..114799189	0	.
B73_chr9	114798344	114808561	LTRRT_46946	B73_chr9	114804966	114805389	meth_B73.ref_B73_9:114804966..114805389	0.769231	.
B73_chr9	115686823	115697541	LTRRT_46971	B73_chr9	115681668	115686845	meth_B73.ref_B73_9:115681668..115686845	1.10497	.
B73_chr9	117707650	117728894	LTRRT_47017	B73_chr9	117710363	117710780	meth_B73.ref_B73_9:117710363..117710780	10.7143	.
B73_chr9	117707650	117728894	LTRRT_47017	B73_chr9	117728348	117728504	meth_B73.ref_B73_9:117728348..117728504	0	.
B73_chr9	117930426	117943162	LTRRT_47023	B73_chr9	117940268	117940989	meth_B73.ref_B73_9:117940268..117940989	3.83795	.
B73_chr9	118181400	118195407	LTRRT_47032	B73_chr9	118179781	118181406	meth_B73.ref_B73_9:118179781..118181406	2.24852	.
B73_chr9	118765786	118771391	LTRRT_47043	B73_chr9	118771366	118773104	meth_B73.ref_B73_9:118771366..118773104	3.07076	.
B73_chr9	119370990	119382714	LTRRT_47059	B73_chr9	119371716	119372557	meth_B73.ref_B73_9:119371716..119372557	2.29167	.
B73_chr9	119370990	119382714	LTRRT_47059	B73_chr9	119379331	119379935	meth_B73.ref_B73_9:119379331..119379935	0.481928	.
B73_chr9	119652985	119667436	LTRRT_47066	B73_chr9	119654825	119655822	meth_B73.ref_B73_9:119654825..119655822	5.30303	.
B73_chr9	119652985	119667436	LTRRT_47066	B73_chr9	119658350	119658656	meth_B73.ref_B73_9:119658350..119658656	13.2653	.
B73_chr9	119652985	119667436	LTRRT_47066	B73_chr9	119663608	119664007	meth_B73.ref_B73_9:119663608..119664007	5.9322	.
B73_chr9	119652985	119667436	LTRRT_47066	B73_chr9	119666559	119666741	meth_B73.ref_B73_9:119666559..119666741	13.7725	.
B73_chr9	119959342	119970144	LTRRT_47073	B73_chr9	119959520	119960544	meth_B73.ref_B73_9:119959520..119960544	1.13636	.
B73_chr9	119959342	119970144	LTRRT_47073	B73_chr9	119960629	119960834	meth_B73.ref_B73_9:119960629..119960834	0	.
B73_chr9	119959342	119970144	LTRRT_47073	B73_chr9	119966421	119967689	meth_B73.ref_B73_9:119966421..119967689	1.36519	.
B73_chr9	120185407	120191483	LTRRT_47080	B73_chr9	120191445	120192081	meth_B73.ref_B73_9:120191445..120192081	3.86473	.
B73_chr9	120241950	120250885	LTRRT_47081	B73_chr9	120250222	120250423	meth_B73.ref_B73_9:120250222..120250423	11.9048	.
B73_chr9	120339696	120346955	LTRRT_47084	B73_chr9	120344062	120345301	meth_B73.ref_B73_9:120344062..120345301	0.130039	.
B73_chr9	120339696	120346955	LTRRT_47084	B73_chr9	120339916	120341296	meth_B73.ref_B73_9:120339916..120341296	3.59195	.
B73_chr9	122199694	122207052	LTRRT_47137	B73_chr9	122194580	122199738	meth_B73.ref_B73_9:122194580..122199738	0.934778	.
B73_chr9	122272871	122280314	LTRRT_47139	B73_chr9	122280301	122283323	meth_B73.ref_B73_9:122280301..122283323	0.459067	.
B73_chr9	122272871	122280314	LTRRT_47139	B73_chr9	122272983	122274484	meth_B73.ref_B73_9:122272983..122274484	1.19149	.
B73_chr9	122545209	122560599	LTRRT_47146	B73_chr9	122547861	122548035	meth_B73.ref_B73_9:122547861..122548035	3.8835	.
B73_chr9	122545209	122560599	LTRRT_47146	B73_chr9	122558648	122558822	meth_B73.ref_B73_9:122558648..122558822	9.67742	.
B73_chr9	123237779	123244541	LTRRT_47163	B73_chr9	123243842	123244050	meth_B73.ref_B73_9:123243842..123244050	0	.
B73_chr9	124313823	124323634	LTRRT_47195	B73_chr9	124314929	124315803	meth_B73.ref_B73_9:124314929..124315803	3.61174	.
B73_chr9	124313823	124323634	LTRRT_47195	B73_chr9	124322374	124323213	meth_B73.ref_B73_9:124322374..124323213	2.34506	.
B73_chr9	124533142	124538424	LTRRT_47200	B73_chr9	124538065	124539077	meth_B73.ref_B73_9:124538065..124539077	1.7294	.
B73_chr9	124533142	124538424	LTRRT_47200	B73_chr9	124532692	124536834	meth_B73.ref_B73_9:124532692..124536834	0.530348	.
B73_chr9	124863114	124872642	LTRRT_47210	B73_chr9	124872092	124872262	meth_B73.ref_B73_9:124872092..124872262	9.09091	.
B73_chr9	126678991	126689477	LTRRT_47256	B73_chr9	126679713	126680101	meth_B73.ref_B73_9:126679713..126680101	0	.
B73_chr9	126678991	126689477	LTRRT_47256	B73_chr9	126686225	126686615	meth_B73.ref_B73_9:126686225..126686615	0.657895	.
B73_chr9	127076015	127085540	LTRRT_47266	B73_chr9	127085122	127085368	meth_B73.ref_B73_9:127085122..127085368	10.7143	.
B73_chr9	127228568	127235819	LTRRT_47269	B73_chr9	127228933	127229887	meth_B73.ref_B73_9:127228933..127229887	0.589102	.
B73_chr9	127228568	127235819	LTRRT_47269	B73_chr9	127233347	127234355	meth_B73.ref_B73_9:127233347..127234355	0.557621	.
B73_chr9	127311712	127313582	LTRRT_47272	B73_chr9	127313539	127316709	meth_B73.ref_B73_9:127313539..127316709	1.3382	.
B73_chr9	127567674	127577536	LTRRT_47280	B73_chr9	127569495	127570471	meth_B73.ref_B73_9:127569495..127570471	0.622407	.
B73_chr9	127567674	127577536	LTRRT_47280	B73_chr9	127575846	127576829	meth_B73.ref_B73_9:127575846..127576829	1.40562	.
B73_chr9	128198004	128209796	LTRRT_47296	B73_chr9	128208871	128209085	meth_B73.ref_B73_9:128208871..128209085	0	.
B73_chr9	128306531	128313372	LTRRT_47300	B73_chr9	128307008	128307889	meth_B73.ref_B73_9:128307008..128307889	8.33333	.
B73_chr9	128306531	128313372	LTRRT_47300	B73_chr9	128311210	128312227	meth_B73.ref_B73_9:128311210..128312227	11.0738	.
B73_chr9	128540129	128545509	LTRRT_47308	B73_chr9	128545141	128545327	meth_B73.ref_B73_9:128545141..128545327	7.14286	.
B73_chr9	128540129	128545509	LTRRT_47308	B73_chr9	128545480	128550352	meth_B73.ref_B73_9:128545480..128550352	0.317259	.
B73_chr9	128580600	128596166	LTRRT_47310	B73_chr9	128595972	128596317	meth_B73.ref_B73_9:128595972..128596317	14.1892	.
B73_chr9	128624766	128633532	LTRRT_47313	B73_chr9	128624971	128626085	meth_B73.ref_B73_9:128624971..128626085	0.859107	.
B73_chr9	128624766	128633532	LTRRT_47313	B73_chr9	128633519	128634544	meth_B73.ref_B73_9:128633519..128634544	0.835422	.
B73_chr9	128634505	128639650	LTRRT_47314	B73_chr9	128633519	128634544	meth_B73.ref_B73_9:128633519..128634544	0.835422	.
B73_chr9	128634505	128639650	LTRRT_47314	B73_chr9	128636089	128639092	meth_B73.ref_B73_9:128636089..128639092	5.34137	.
B73_chr9	129045988	129058225	LTRRT_47331	B73_chr9	129043088	129046045	meth_B73.ref_B73_9:129043088..129046045	1.5839	.
B73_chr9	130246642	130258712	LTRRT_47364	B73_chr9	130249832	130250812	meth_B73.ref_B73_9:130249832..130250812	0.659341	.
B73_chr9	130246642	130258712	LTRRT_47364	B73_chr9	130257400	130258295	meth_B73.ref_B73_9:130257400..130258295	0.230947	.
B73_chr9	130918016	130927194	LTRRT_47381	B73_chr9	130919108	130920132	meth_B73.ref_B73_9:130919108..130920132	5	.
B73_chr9	130918016	130927194	LTRRT_47381	B73_chr9	130925719	130926792	meth_B73.ref_B73_9:130925719..130926792	6.76856	.
B73_chr9	131097381	131102299	LTRRT_47385	B73_chr9	131102244	131105610	meth_B73.ref_B73_9:131102244..131105610	1.07411	.
B73_chr9	131857924	131868114	LTRRT_47397	B73_chr9	131858444	131859434	meth_B73.ref_B73_9:131858444..131859434	0.689655	.
B73_chr9	131857924	131868114	LTRRT_47397	B73_chr9	131866124	131866741	meth_B73.ref_B73_9:131866124..131866741	0.645161	.
B73_chr9	133305673	133307596	LTRRT_47435	B73_chr9	133303703	133305706	meth_B73.ref_B73_9:133303703..133305706	0.778816	.
B73_chr9	133325356	133330800	LTRRT_47436	B73_chr9	133324097	133327869	meth_B73.ref_B73_9:133324097..133327869	2.1213	.
B73_chr9	133325356	133330800	LTRRT_47436	B73_chr9	133327972	133328154	meth_B73.ref_B73_9:133327972..133328154	16.129	.
B73_chr9	133834784	133845926	LTRRT_47451	B73_chr9	133836469	133836696	meth_B73.ref_B73_9:133836469..133836696	10.2564	.
B73_chr9	134165841	134179223	LTRRT_47462	B73_chr9	134169004	134169169	meth_B73.ref_B73_9:134169004..134169169	4.16667	.
B73_chr9	134212473	134214331	LTRRT_47465	B73_chr9	134213354	134213557	meth_B73.ref_B73_9:134213354..134213557	3.57143	.
B73_chr9	135353341	135368741	LTRRT_47493	B73_chr9	135356102	135356464	meth_B73.ref_B73_9:135356102..135356464	0	.
B73_chr9	136062032	136067860	LTRRT_47511	B73_chr9	136067849	136071491	meth_B73.ref_B73_9:136067849..136071491	1.48412	.
B73_chr9	136365257	136378963	LTRRT_47516	B73_chr9	136370129	136370301	meth_B73.ref_B73_9:136370129..136370301	14.6341	.
B73_chr9	136442379	136447636	LTRRT_47519	B73_chr9	136441161	136444549	meth_B73.ref_B73_9:136441161..136444549	1.19607	.
B73_chr9	136442379	136447636	LTRRT_47519	B73_chr9	136444863	136445129	meth_B73.ref_B73_9:136444863..136445129	0	.
B73_chr9	136442379	136447636	LTRRT_47519	B73_chr9	136445255	136445453	meth_B73.ref_B73_9:136445255..136445453	0	.
B73_chr9	136442379	136447636	LTRRT_47519	B73_chr9	136446468	136450016	meth_B73.ref_B73_9:136446468..136450016	3.53936	.
B73_chr9	137609537	137616447	LTRRT_47546	B73_chr9	137610425	137610912	meth_B73.ref_B73_9:137610425..137610912	14.557	.
B73_chr9	137609537	137616447	LTRRT_47546	B73_chr9	137615832	137616029	meth_B73.ref_B73_9:137615832..137616029	12.2222	.
B73_chr9	138006885	138013153	LTRRT_47555	B73_chr9	138007288	138008193	meth_B73.ref_B73_9:138007288..138008193	1.5953	.
B73_chr9	138247999	138258866	LTRRT_47564	B73_chr9	138248630	138249272	meth_B73.ref_B73_9:138248630..138249272	1.30435	.
B73_chr9	138247999	138258866	LTRRT_47564	B73_chr9	138255446	138256082	meth_B73.ref_B73_9:138255446..138256082	5.78035	.
B73_chr9	138307569	138316964	LTRRT_47565	B73_chr9	138309856	138310441	meth_B73.ref_B73_9:138309856..138310441	0.649351	.
B73_chr9	138307569	138316964	LTRRT_47565	B73_chr9	138315920	138316542	meth_B73.ref_B73_9:138315920..138316542	0	.
B73_chr9	138459588	138474989	LTRRT_47570	B73_chr9	138462178	138462413	meth_B73.ref_B73_9:138462178..138462413	3.26797	.
B73_chr9	138459588	138474989	LTRRT_47570	B73_chr9	138473035	138473367	meth_B73.ref_B73_9:138473035..138473367	7.01754	.
B73_chr9	138732323	138737778	LTRRT_47578	B73_chr9	138730463	138732496	meth_B73.ref_B73_9:138730463..138732496	3.25621	.
B73_chr9	138963402	138978817	LTRRT_47583	B73_chr9	138966053	138966224	meth_B73.ref_B73_9:138966053..138966224	15.3846	.
B73_chr9	138963402	138978817	LTRRT_47583	B73_chr9	138976856	138977030	meth_B73.ref_B73_9:138976856..138977030	9.80392	.
B73_chr9	138983803	138992993	LTRRT_47584	B73_chr9	138991485	138992469	meth_B73.ref_B73_9:138991485..138992469	2.31214	.
B73_chr9	138983803	138992993	LTRRT_47584	B73_chr9	138985117	138985790	meth_B73.ref_B73_9:138985117..138985790	2.87356	.
B73_chr9	139421191	139425960	LTRRT_47595	B73_chr9	139420655	139421231	meth_B73.ref_B73_9:139420655..139421231	0.767263	.
B73_chr9	139751547	139760500	LTRRT_47602	B73_chr9	139754094	139754813	meth_B73.ref_B73_9:139754094..139754813	13.0435	.
B73_chr9	139908350	139913593	LTRRT_47607	B73_chr9	139906600	139908434	meth_B73.ref_B73_9:139906600..139908434	2.33813	.
B73_chr9	140071603	140076268	LTRRT_47612	B73_chr9	140071772	140075499	meth_B73.ref_B73_9:140071772..140075499	2.52078	.
B73_chr9	140071603	140076268	LTRRT_47612	B73_chr9	140076245	140079289	meth_B73.ref_B73_9:140076245..140079289	0.996413	.
B73_chr9	140498477	140505667	LTRRT_47626	B73_chr9	140493935	140498695	meth_B73.ref_B73_9:140493935..140498695	1.23457	.
B73_chr9	140498477	140505667	LTRRT_47626	B73_chr9	140505600	140508784	meth_B73.ref_B73_9:140505600..140508784	0.924888	.
B73_chr9	140591462	140600882	LTRRT_47627	B73_chr9	140590668	140591510	meth_B73.ref_B73_9:140590668..140591510	2.61011	.
B73_chr9	140646522	140651991	LTRRT_47630	B73_chr9	140651653	140652459	meth_B73.ref_B73_9:140651653..140652459	1.54525	.
B73_chr9	140977758	140989653	LTRRT_47640	B73_chr9	140980420	140980718	meth_B73.ref_B73_9:140980420..140980718	3.47222	.
B73_chr9	140977758	140989653	LTRRT_47640	B73_chr9	140987961	140988340	meth_B73.ref_B73_9:140987961..140988340	3.61446	.
B73_chr9	141032716	141038818	LTRRT_47641	B73_chr9	141032043	141032755	meth_B73.ref_B73_9:141032043..141032755	2.68542	.
B73_chr9	141341289	141346473	LTRRT_47649	B73_chr9	141339262	141341319	meth_B73.ref_B73_9:141339262..141341319	0.790274	.
B73_chr9	141341289	141346473	LTRRT_47649	B73_chr9	141341745	141341938	meth_B73.ref_B73_9:141341745..141341938	10	.
B73_chr9	141449838	141459439	LTRRT_47652	B73_chr9	141447866	141449840	meth_B73.ref_B73_9:141447866..141449840	0.720981	.
B73_chr9	141471189	141483508	LTRRT_47653	B73_chr9	141483460	141484357	meth_B73.ref_B73_9:141483460..141484357	4.8951	.
B73_chr9	141730767	141745716	LTRRT_47658	B73_chr9	141732616	141732916	meth_B73.ref_B73_9:141732616..141732916	6.15385	.
B73_chr9	141808230	141813245	LTRRT_47661	B73_chr9	141813205	141816216	meth_B73.ref_B73_9:141813205..141816216	1.84716	.
B73_chr9	141935061	141940846	LTRRT_47663	B73_chr9	141940844	141941489	meth_B73.ref_B73_9:141940844..141941489	2.22552	.
B73_chr9	141942731	141953379	LTRRT_47664	B73_chr9	141945144	141947691	meth_B73.ref_B73_9:141945144..141947691	0.376142	.
B73_chr9	142149954	142155840	LTRRT_47672	B73_chr9	142149455	142149956	meth_B73.ref_B73_9:142149455..142149956	2.7027	.
B73_chr9	143136016	143146843	LTRRT_47695	B73_chr9	143137006	143137828	meth_B73.ref_B73_9:143137006..143137828	6.93302	.
B73_chr9	143136016	143146843	LTRRT_47695	B73_chr9	143141546	143141918	meth_B73.ref_B73_9:143141546..143141918	7.51029	.
B73_chr9	143136016	143146843	LTRRT_47695	B73_chr9	143145399	143146223	meth_B73.ref_B73_9:143145399..143146223	11.4286	.
B73_chr9	143160587	143167224	LTRRT_47696	B73_chr9	143156635	143160624	meth_B73.ref_B73_9:143156635..143160624	0.795287	.
B73_chr9	143160587	143167224	LTRRT_47696	B73_chr9	143167186	143167971	meth_B73.ref_B73_9:143167186..143167971	4.49827	.
B73_chr9	143647771	143655852	LTRRT_47710	B73_chr9	143655071	143655502	meth_B73.ref_B73_9:143655071..143655502	1.62162	.
B73_chr9	144239326	144256077	LTRRT_47726	B73_chr9	144252731	144253363	meth_B73.ref_B73_9:144252731..144253363	6.45161	.
B73_chr9	144603324	144617211	LTRRT_47735	B73_chr9	144606677	144607988	meth_B73.ref_B73_9:144606677..144607988	0	.
B73_chr9	145311191	145318130	LTRRT_47750	B73_chr9	145312257	145312568	meth_B73.ref_B73_9:145312257..145312568	9.55414	.
B73_chr9	145311191	145318130	LTRRT_47750	B73_chr9	145317501	145317827	meth_B73.ref_B73_9:145317501..145317827	5.02793	.
B73_chr9	145629522	145635628	LTRRT_47765	B73_chr9	145635550	145636229	meth_B73.ref_B73_9:145635550..145636229	5.58583	.
B73_chr9	145706807	145721039	LTRRT_47767	B73_chr9	145710387	145710549	meth_B73.ref_B73_9:145710387..145710549	12	.
B73_chr9	146192115	146201443	LTRRT_47774	B73_chr9	146200044	146200213	meth_B73.ref_B73_9:146200044..146200213	10.8108	.
B73_chr9	146554452	146557395	LTRRT_47787	B73_chr9	146557357	146558825	meth_B73.ref_B73_9:146557357..146558825	0.873069	.
B73_chr9	147499283	147504765	LTRRT_47816	B73_chr9	147504669	147507294	meth_B73.ref_B73_9:147504669..147507294	4.64079	.
B73_chr9	147507554	147519418	LTRRT_47817	B73_chr9	147510058	147510925	meth_B73.ref_B73_9:147510058..147510925	9.16905	.
B73_chr9	147874504	147876465	LTRRT_47825	B73_chr9	147876385	147877690	meth_B73.ref_B73_9:147876385..147877690	2.5	.
B73_chr9	148212569	148217715	LTRRT_47833	B73_chr9	148211678	148216722	meth_B73.ref_B73_9:148211678..148216722	0.636008	.
B73_chr9	148212569	148217715	LTRRT_47833	B73_chr9	148217378	148218758	meth_B73.ref_B73_9:148217378..148218758	0.429185	.
B73_chr9	149040981	149057839	LTRRT_47854	B73_chr9	149045323	149045504	meth_B73.ref_B73_9:149045323..149045504	8.33333	.
B73_chr9	149835584	149846288	LTRRT_47870	B73_chr9	149836742	149836979	meth_B73.ref_B73_9:149836742..149836979	8.94309	.
B73_chr9	149835584	149846288	LTRRT_47870	B73_chr9	149841029	149841401	meth_B73.ref_B73_9:149841029..149841401	7.49064	.
B73_chr9	150536022	150541138	LTRRT_47889	B73_chr9	150533734	150536178	meth_B73.ref_B73_9:150533734..150536178	2.65407	.
B73_chr9	150555702	150560908	LTRRT_47890	B73_chr9	150560540	150561900	meth_B73.ref_B73_9:150560540..150561900	0.747198	.
B73_chr9	151647056	151660799	LTRRT_47912	B73_chr9	151647878	151648118	meth_B73.ref_B73_9:151647878..151648118	3.77358	.
B73_chr9	152280841	152285634	LTRRT_47926	B73_chr9	152278644	152281028	meth_B73.ref_B73_9:152278644..152281028	1.04657	.
B73_chr9	152538425	152558577	LTRRT_47933	B73_chr9	152540846	152541789	meth_B73.ref_B73_9:152540846..152541789	1.80451	.
B73_chr9	152538425	152558577	LTRRT_47933	B73_chr9	152556783	152557731	meth_B73.ref_B73_9:152556783..152557731	1.75953	.
B73_chr9	152942680	152957635	LTRRT_47950	B73_chr9	152943126	152943389	meth_B73.ref_B73_9:152943126..152943389	17.8808	.
B73_chr9	153523448	153528756	LTRRT_47962	B73_chr9	153526530	153532972	meth_B73.ref_B73_9:153526530..153532972	0.533005	.
B73_chr9	153523448	153528756	LTRRT_47962	B73_chr9	153516947	153526419	meth_B73.ref_B73_9:153516947..153526419	1.17388	.
B73_chr9	153839173	153841055	LTRRT_47970	B73_chr9	153835532	153839218	meth_B73.ref_B73_9:153835532..153839218	1.54624	.
B73_chr9	153839173	153841055	LTRRT_47970	B73_chr9	153841036	153843264	meth_B73.ref_B73_9:153841036..153843264	3.88842	.
B73_chr9	154017793	154028113	LTRRT_47973	B73_chr9	154018015	154020472	meth_B73.ref_B73_9:154018015..154020472	1.51875	.
B73_chr9	154017793	154028113	LTRRT_47973	B73_chr9	154020765	154021298	meth_B73.ref_B73_9:154020765..154021298	4.65587	.
B73_chr9	154017793	154028113	LTRRT_47973	B73_chr9	154021724	154022041	meth_B73.ref_B73_9:154021724..154022041	1.83908	.
B73_chr9	154017793	154028113	LTRRT_47973	B73_chr9	154023103	154023630	meth_B73.ref_B73_9:154023103..154023630	1.78571	.
B73_chr9	154017793	154028113	LTRRT_47973	B73_chr9	154027979	154031339	meth_B73.ref_B73_9:154027979..154031339	0.593379	.
B73_chr9	154017793	154028113	LTRRT_47973	B73_chr9	154024175	154027598	meth_B73.ref_B73_9:154024175..154027598	0.481989	.
B73_chr9	154214646	154220058	LTRRT_47977	B73_chr9	154213127	154214847	meth_B73.ref_B73_9:154213127..154214847	0.891795	.
B73_chr9	154214646	154220058	LTRRT_47977	B73_chr9	154219481	154222367	meth_B73.ref_B73_9:154219481..154222367	1.93152	.
B73_chr9	154222365	154227570	LTRRT_47978	B73_chr9	154219481	154222367	meth_B73.ref_B73_9:154219481..154222367	1.93152	.
B73_chr9	154418775	154424201	LTRRT_47984	B73_chr9	154417027	154418901	meth_B73.ref_B73_9:154417027..154418901	1.16279	.
B73_chr9	155060852	155076253	LTRRT_48004	B73_chr9	155059785	155060854	meth_B73.ref_B73_9:155059785..155060854	0.114286	.
B73_chr9	155264086	155267734	LTRRT_48011	B73_chr9	155262504	155264112	meth_B73.ref_B73_9:155262504..155264112	1.98083	.
B73_chr9	155264086	155267734	LTRRT_48011	B73_chr9	155267691	155268247	meth_B73.ref_B73_9:155267691..155268247	3.45821	.
B73_chr9	156157709	156173283	LTRRT_48034	B73_chr9	156160224	156160686	meth_B73.ref_B73_9:156160224..156160686	12.2172	.
B73_chr9	156962358	156967822	LTRRT_48046	B73_chr9	156967769	156969122	meth_B73.ref_B73_9:156967769..156969122	1.13258	.
B73_chr9	158117781	158123972	LTRRT_48073	B73_chr9	158114958	158117783	meth_B73.ref_B73_9:158114958..158117783	1.03278	.
B73_chr9	158598302	158601312	LTRRT_48082	B73_chr9	158597710	158598475	meth_B73.ref_B73_9:158597710..158598475	1.84564	.
B73_chr9	158598302	158601312	LTRRT_48082	B73_chr9	158598559	158605267	meth_B73.ref_B73_9:158598559..158605267	0.831947	.
B73_chr9	159709107	159713308	LTRRT_48109	B73_chr9	159708765	159709147	meth_B73.ref_B73_9:159708765..159709147	6.66667	.
B73_chr9	159709107	159713308	LTRRT_48109	B73_chr9	159713254	159716157	meth_B73.ref_B73_9:159713254..159716157	0.608614	.
B73_chr9	160096043	160105575	LTRRT_48117	B73_chr9	160100842	160101201	meth_B73.ref_B73_9:160100842..160101201	13.3333	.
B73_chr9	160968644	160974202	LTRRT_48135	B73_chr9	160969767	160974445	meth_B73.ref_B73_9:160969767..160974445	1.3337	.
B73_chr9	161971963	161978083	LTRRT_48153	B73_chr9	161969993	161972011	meth_B73.ref_B73_9:161969993..161972011	0.545785	.
B73_chr9	161971963	161978083	LTRRT_48153	B73_chr9	161972272	161973228	meth_B73.ref_B73_9:161972272..161973228	0.453858	.
B73_chr9	162027615	162032856	LTRRT_48156	B73_chr9	162025610	162027976	meth_B73.ref_B73_9:162025610..162027976	1.63185	.
B73_chr9	162054152	162059322	LTRRT_48157	B73_chr9	162051866	162054200	meth_B73.ref_B73_9:162051866..162054200	0.434153	.
B73_chr9	162354069	162366234	LTRRT_48165	B73_chr9	162354391	162355584	meth_B73.ref_B73_9:162354391..162355584	0.192308	.
B73_chr9	162354069	162366234	LTRRT_48165	B73_chr9	162361842	162363030	meth_B73.ref_B73_9:162361842..162363030	0.153139	.
B73_chr9	162554031	162563965	LTRRT_48169	B73_chr9	162552756	162554295	meth_B73.ref_B73_9:162552756..162554295	1.61421	.
B73_chr10	425753	435203	LTRRT_48192	B73_chr10	432389	432614	meth_B73.ref_B73_10:432389..432614	3.92157	.
B73_chr10	425753	435203	LTRRT_48192	B73_chr10	433026	433393	meth_B73.ref_B73_10:433026..433393	0	.
B73_chr10	425753	435203	LTRRT_48192	B73_chr10	425833	426253	meth_B73.ref_B73_10:425833..426253	0	.
B73_chr10	794844	806224	LTRRT_48202	B73_chr10	805848	807667	meth_B73.ref_B73_10:805848..807667	0.0995025	.
B73_chr10	794844	806224	LTRRT_48202	B73_chr10	784260	794853	meth_B73.ref_B73_10:784260..794853	0.78399	.
B73_chr10	1067634	1072854	LTRRT_48208	B73_chr10	1072842	1073496	meth_B73.ref_B73_10:1072842..1073496	5.87084	.
B73_chr10	1468359	1473499	LTRRT_48217	B73_chr10	1463813	1468819	meth_B73.ref_B73_10:1463813..1468819	0.524617	.
B73_chr10	2182313	2189563	LTRRT_48236	B73_chr10	2181432	2182474	meth_B73.ref_B73_10:2181432..2182474	4.00501	.
B73_chr10	2530481	2537263	LTRRT_48246	B73_chr10	2537241	2538191	meth_B73.ref_B73_10:2537241..2538191	2.35756	.
B73_chr10	3073042	3086498	LTRRT_48263	B73_chr10	3075451	3075833	meth_B73.ref_B73_10:3075451..3075833	0	.
B73_chr10	3073042	3086498	LTRRT_48263	B73_chr10	3076085	3076787	meth_B73.ref_B73_10:3076085..3076787	0	.
B73_chr10	3420276	3429235	LTRRT_48274	B73_chr10	3428818	3429026	meth_B73.ref_B73_10:3428818..3429026	12.5	.
B73_chr10	3479624	3493778	LTRRT_48277	B73_chr10	3481783	3482477	meth_B73.ref_B73_10:3481783..3482477	12.1813	.
B73_chr10	3479624	3493778	LTRRT_48277	B73_chr10	3489447	3490396	meth_B73.ref_B73_10:3489447..3490396	6.88935	.
B73_chr10	5466538	5475863	LTRRT_48321	B73_chr10	5474216	5474392	meth_B73.ref_B73_10:5474216..5474392	17.3913	.
B73_chr10	5480771	5487815	LTRRT_48322	B73_chr10	5480417	5480872	meth_B73.ref_B73_10:5480417..5480872	5.46218	.
B73_chr10	5480771	5487815	LTRRT_48322	B73_chr10	5487748	5488459	meth_B73.ref_B73_10:5487748..5488459	6.10329	.
B73_chr10	6118780	6124557	LTRRT_48336	B73_chr10	6123218	6123957	meth_B73.ref_B73_10:6123218..6123957	3.07329	.
B73_chr10	6968677	6977892	LTRRT_48357	B73_chr10	6969182	6969662	meth_B73.ref_B73_10:6969182..6969662	1.66667	.
B73_chr10	6968677	6977892	LTRRT_48357	B73_chr10	6976097	6976887	meth_B73.ref_B73_10:6976097..6976887	2.5974	.
B73_chr10	7930885	7945844	LTRRT_48385	B73_chr10	7943332	7943557	meth_B73.ref_B73_10:7943332..7943557	15.6863	.
B73_chr10	8312499	8327497	LTRRT_48397	B73_chr10	8313333	8313550	meth_B73.ref_B73_10:8313333..8313550	15.0943	.
B73_chr10	8824776	8836784	LTRRT_48403	B73_chr10	8833180	8833358	meth_B73.ref_B73_10:8833180..8833358	15.625	.
B73_chr10	11509855	11513095	LTRRT_48466	B73_chr10	11508136	11509884	meth_B73.ref_B73_10:11508136..11509884	0.453629	.
B73_chr10	11509855	11513095	LTRRT_48466	B73_chr10	11513051	11513565	meth_B73.ref_B73_10:11513051..11513565	9.48276	.
B73_chr10	11597134	11612530	LTRRT_48469	B73_chr10	11598912	11599274	meth_B73.ref_B73_10:11598912..11599274	4.10959	.
B73_chr10	11597134	11612530	LTRRT_48469	B73_chr10	11609435	11610017	meth_B73.ref_B73_10:11609435..11610017	5.35714	.
B73_chr10	12126072	12137881	LTRRT_48482	B73_chr10	12132882	12133066	meth_B73.ref_B73_10:12132882..12133066	8.33333	.
B73_chr10	12256839	12268580	LTRRT_48486	B73_chr10	12267689	12267919	meth_B73.ref_B73_10:12267689..12267919	5.12821	.
B73_chr10	12501313	12509534	LTRRT_48494	B73_chr10	12501523	12501856	meth_B73.ref_B73_10:12501523..12501856	0	.
B73_chr10	12501313	12509534	LTRRT_48494	B73_chr10	12506162	12506357	meth_B73.ref_B73_10:12506162..12506357	4.65116	.
B73_chr10	12647447	12657866	LTRRT_48500	B73_chr10	12646260	12647479	meth_B73.ref_B73_10:12646260..12647479	0.705882	.
B73_chr10	12820248	12829337	LTRRT_48504	B73_chr10	12822812	12823587	meth_B73.ref_B73_10:12822812..12823587	15.7895	.
B73_chr10	13011622	13024662	LTRRT_48511	B73_chr10	13022100	13022255	meth_B73.ref_B73_10:13022100..13022255	3.84615	.
B73_chr10	13864256	13879445	LTRRT_48530	B73_chr10	13864640	13864905	meth_B73.ref_B73_10:13864640..13864905	14.8718	.
B73_chr10	15525098	15539101	LTRRT_48566	B73_chr10	15526187	15526354	meth_B73.ref_B73_10:15526187..15526354	12	.
B73_chr10	15618795	15628554	LTRRT_48570	B73_chr10	15619880	15620734	meth_B73.ref_B73_10:15619880..15620734	7.39857	.
B73_chr10	15618795	15628554	LTRRT_48570	B73_chr10	15627301	15628044	meth_B73.ref_B73_10:15627301..15628044	6.73469	.
B73_chr10	16507099	16519070	LTRRT_48592	B73_chr10	16509611	16509921	meth_B73.ref_B73_10:16509611..16509921	9.65517	.
B73_chr10	16870287	16894352	LTRRT_48603	B73_chr10	16871328	16872541	meth_B73.ref_B73_10:16871328..16872541	0.178571	.
B73_chr10	16870287	16894352	LTRRT_48603	B73_chr10	16890672	16891930	meth_B73.ref_B73_10:16890672..16891930	0.431034	.
B73_chr10	18386296	18391421	LTRRT_48636	B73_chr10	18379016	18386452	meth_B73.ref_B73_10:18379016..18386452	0.687343	.
B73_chr10	18486229	18507466	LTRRT_48640	B73_chr10	18492174	18493493	meth_B73.ref_B73_10:18492174..18493493	2.09924	.
B73_chr10	18486229	18507466	LTRRT_48640	B73_chr10	18494256	18495471	meth_B73.ref_B73_10:18494256..18495471	11.5455	.
B73_chr10	18748432	18753723	LTRRT_48646	B73_chr10	18747727	18752941	meth_B73.ref_B73_10:18747727..18752941	0.834899	.
B73_chr10	18748432	18753723	LTRRT_48646	B73_chr10	18753045	18757245	meth_B73.ref_B73_10:18753045..18757245	2.29885	.
B73_chr10	19255049	19265808	LTRRT_48657	B73_chr10	19256928	19257089	meth_B73.ref_B73_10:19256928..19257089	4.87805	.
B73_chr10	20228587	20242744	LTRRT_48683	B73_chr10	20230657	20231006	meth_B73.ref_B73_10:20230657..20231006	5.88235	.
B73_chr10	20228587	20242744	LTRRT_48683	B73_chr10	20231087	20231391	meth_B73.ref_B73_10:20231087..20231391	17.9894	.
B73_chr10	20228587	20242744	LTRRT_48683	B73_chr10	20238576	20238786	meth_B73.ref_B73_10:20238576..20238786	4.22535	.
B73_chr10	20358666	20370757	LTRRT_48685	B73_chr10	20369551	20370482	meth_B73.ref_B73_10:20369551..20370482	0	.
B73_chr10	21283090	21288242	LTRRT_48706	B73_chr10	21288134	21291815	meth_B73.ref_B73_10:21288134..21291815	0.902935	.
B73_chr10	21283090	21288242	LTRRT_48706	B73_chr10	21281918	21284041	meth_B73.ref_B73_10:21281918..21284041	5.64282	.
B73_chr10	21498663	21505500	LTRRT_48712	B73_chr10	21499355	21499889	meth_B73.ref_B73_10:21499355..21499889	10.303	.
B73_chr10	21498663	21505500	LTRRT_48712	B73_chr10	21503793	21503999	meth_B73.ref_B73_10:21503793..21503999	10.084	.
B73_chr10	21670755	21673779	LTRRT_48719	B73_chr10	21673767	21675697	meth_B73.ref_B73_10:21673767..21675697	1.27389	.
B73_chr10	22017782	22033638	LTRRT_48729	B73_chr10	22025898	22027239	meth_B73.ref_B73_10:22025898..22027239	0.829384	.
B73_chr10	22200289	22215268	LTRRT_48733	B73_chr10	22212660	22213093	meth_B73.ref_B73_10:22212660..22213093	14.7059	.
B73_chr10	22494933	22501879	LTRRT_48741	B73_chr10	22495876	22496306	meth_B73.ref_B73_10:22495876..22496306	13.5065	.
B73_chr10	22494933	22501879	LTRRT_48741	B73_chr10	22501250	22501570	meth_B73.ref_B73_10:22501250..22501570	15.8824	.
B73_chr10	23203435	23212744	LTRRT_48759	B73_chr10	23205631	23205825	meth_B73.ref_B73_10:23205631..23205825	15.625	.
B73_chr10	23455899	23470922	LTRRT_48767	B73_chr10	23457124	23457804	meth_B73.ref_B73_10:23457124..23457804	2.18579	.
B73_chr10	23792055	23803879	LTRRT_48774	B73_chr10	23802435	23802822	meth_B73.ref_B73_10:23802435..23802822	14.7766	.
B73_chr10	24104258	24116054	LTRRT_48784	B73_chr10	24114217	24116068	meth_B73.ref_B73_10:24114217..24116068	0.566802	.
B73_chr10	24199469	24215030	LTRRT_48787	B73_chr10	24212057	24212380	meth_B73.ref_B73_10:24212057..24212380	5.61798	.
B73_chr10	24976752	24994005	LTRRT_48807	B73_chr10	24982812	24983451	meth_B73.ref_B73_10:24982812..24983451	8.47458	.
B73_chr10	25323281	25332620	LTRRT_48816	B73_chr10	25332169	25332470	meth_B73.ref_B73_10:25332169..25332470	17.1429	.
B73_chr10	25367143	25369734	LTRRT_48818	B73_chr10	25369715	25370155	meth_B73.ref_B73_10:25369715..25370155	2.54777	.
B73_chr10	25634631	25638984	LTRRT_48822	B73_chr10	25635684	25636205	meth_B73.ref_B73_10:25635684..25636205	12.5984	.
B73_chr10	25634631	25638984	LTRRT_48822	B73_chr10	25638385	25638662	meth_B73.ref_B73_10:25638385..25638662	14.3678	.
B73_chr10	26394595	26407589	LTRRT_48841	B73_chr10	26403587	26404273	meth_B73.ref_B73_10:26403587..26404273	8.28804	.
B73_chr10	26470555	26483175	LTRRT_48845	B73_chr10	26481934	26482778	meth_B73.ref_B73_10:26481934..26482778	5.07901	.
B73_chr10	27074280	27081398	LTRRT_48858	B73_chr10	27074507	27075350	meth_B73.ref_B73_10:27074507..27075350	6.83333	.
B73_chr10	27074280	27081398	LTRRT_48858	B73_chr10	27080174	27081031	meth_B73.ref_B73_10:27080174..27081031	5.95813	.
B73_chr10	27742412	27751992	LTRRT_48875	B73_chr10	27743523	27744366	meth_B73.ref_B73_10:27743523..27744366	1.81452	.
B73_chr10	27742412	27751992	LTRRT_48875	B73_chr10	27750575	27751376	meth_B73.ref_B73_10:27750575..27751376	0.93633	.
B73_chr10	28925482	28937170	LTRRT_48904	B73_chr10	28924496	28925504	meth_B73.ref_B73_10:28924496..28925504	0.927357	.
B73_chr10	29362619	29372391	LTRRT_48912	B73_chr10	29363895	29364249	meth_B73.ref_B73_10:29363895..29364249	2.64901	.
B73_chr10	29362619	29372391	LTRRT_48912	B73_chr10	29371101	29371843	meth_B73.ref_B73_10:29371101..29371843	4.55635	.
B73_chr10	29711098	29721247	LTRRT_48925	B73_chr10	29712184	29713140	meth_B73.ref_B73_10:29712184..29713140	3.00601	.
B73_chr10	29711098	29721247	LTRRT_48925	B73_chr10	29719874	29720731	meth_B73.ref_B73_10:29719874..29720731	2.52101	.
B73_chr10	30238889	30248097	LTRRT_48935	B73_chr10	30239429	30240403	meth_B73.ref_B73_10:30239429..30240403	1.9656	.
B73_chr10	30238889	30248097	LTRRT_48935	B73_chr10	30246107	30246780	meth_B73.ref_B73_10:30246107..30246780	0.938967	.
B73_chr10	30600627	30616029	LTRRT_48944	B73_chr10	30603141	30603452	meth_B73.ref_B73_10:30603141..30603452	11.7647	.
B73_chr10	30600627	30616029	LTRRT_48944	B73_chr10	30614075	30614249	meth_B73.ref_B73_10:30614075..30614249	8.51064	.
B73_chr10	30634616	30644121	LTRRT_48945	B73_chr10	30644080	30644599	meth_B73.ref_B73_10:30644080..30644599	6.97211	.
B73_chr10	30745422	30754793	LTRRT_48949	B73_chr10	30746429	30747169	meth_B73.ref_B73_10:30746429..30747169	3.95062	.
B73_chr10	30745422	30754793	LTRRT_48949	B73_chr10	30753490	30754216	meth_B73.ref_B73_10:30753490..30754216	2.34043	.
B73_chr10	30757773	30764668	LTRRT_48950	B73_chr10	30762972	30763126	meth_B73.ref_B73_10:30762972..30763126	8.52713	.
B73_chr10	31438684	31453922	LTRRT_48971	B73_chr10	31441397	31441654	meth_B73.ref_B73_10:31441397..31441654	10.0671	.
B73_chr10	31523323	31535083	LTRRT_48972	B73_chr10	31528003	31528155	meth_B73.ref_B73_10:31528003..31528155	17.6471	.
B73_chr10	31787534	31802536	LTRRT_48979	B73_chr10	31789634	31790537	meth_B73.ref_B73_10:31789634..31790537	5.28053	.
B73_chr10	31787534	31802536	LTRRT_48979	B73_chr10	31798246	31799098	meth_B73.ref_B73_10:31798246..31799098	8.84146	.
B73_chr10	32686261	32698751	LTRRT_48990	B73_chr10	32687419	32688194	meth_B73.ref_B73_10:32687419..32688194	1.5748	.
B73_chr10	32686261	32698751	LTRRT_48990	B73_chr10	32695253	32695969	meth_B73.ref_B73_10:32695253..32695969	0.929368	.
B73_chr10	33923460	33926770	LTRRT_49014	B73_chr10	33926716	33927571	meth_B73.ref_B73_10:33926716..33927571	1.62602	.
B73_chr10	34362004	34378433	LTRRT_49022	B73_chr10	34376390	34376562	meth_B73.ref_B73_10:34376390..34376562	5.80357	.
B73_chr10	34383620	34390712	LTRRT_49023	B73_chr10	34385082	34385864	meth_B73.ref_B73_10:34385082..34385864	4.74684	.
B73_chr10	34383620	34390712	LTRRT_49023	B73_chr10	34389499	34390280	meth_B73.ref_B73_10:34389499..34390280	5.81614	.
B73_chr10	34464535	34476746	LTRRT_49026	B73_chr10	34467230	34468635	meth_B73.ref_B73_10:34467230..34468635	0.998004	.
B73_chr10	34464535	34476746	LTRRT_49026	B73_chr10	34474806	34476243	meth_B73.ref_B73_10:34474806..34476243	2.2805	.
B73_chr10	35402462	35415390	LTRRT_49050	B73_chr10	35414517	35414680	meth_B73.ref_B73_10:35414517..35414680	12.1212	.
B73_chr10	35653810	35664043	LTRRT_49057	B73_chr10	35654895	35655879	meth_B73.ref_B73_10:35654895..35655879	3.22953	.
B73_chr10	35653810	35664043	LTRRT_49057	B73_chr10	35662567	35663522	meth_B73.ref_B73_10:35662567..35663522	1.87891	.
B73_chr10	36730920	36736744	LTRRT_49074	B73_chr10	36731772	36731948	meth_B73.ref_B73_10:36731772..36731948	15.5556	.
B73_chr10	36881374	36888212	LTRRT_49076	B73_chr10	36882263	36882583	meth_B73.ref_B73_10:36882263..36882583	15.6425	.
B73_chr10	36881374	36888212	LTRRT_49076	B73_chr10	36886050	36886444	meth_B73.ref_B73_10:36886050..36886444	2.27273	.
B73_chr10	36881374	36888212	LTRRT_49076	B73_chr10	36886484	36886714	meth_B73.ref_B73_10:36886484..36886714	4.34783	.
B73_chr10	37037547	37047071	LTRRT_49081	B73_chr10	37038105	37039204	meth_B73.ref_B73_10:37038105..37039204	3.0543	.
B73_chr10	37037547	37047071	LTRRT_49081	B73_chr10	37044801	37046035	meth_B73.ref_B73_10:37044801..37046035	3.06807	.
B73_chr10	37378011	37398550	LTRRT_49091	B73_chr10	37381039	37382465	meth_B73.ref_B73_10:37381039..37382465	3.7931	.
B73_chr10	37378011	37398550	LTRRT_49091	B73_chr10	37395223	37396292	meth_B73.ref_B73_10:37395223..37396292	9.04818	.
B73_chr10	38345357	38360333	LTRRT_49114	B73_chr10	38347227	38347401	meth_B73.ref_B73_10:38347227..38347401	10.9589	.
B73_chr10	38345357	38360333	LTRRT_49114	B73_chr10	38357835	38357986	meth_B73.ref_B73_10:38357835..38357986	14.8148	.
B73_chr10	39019756	39033851	LTRRT_49126	B73_chr10	39021841	39022577	meth_B73.ref_B73_10:39021841..39022577	6.62338	.
B73_chr10	39019756	39033851	LTRRT_49126	B73_chr10	39024247	39024410	meth_B73.ref_B73_10:39024247..39024410	11.0599	.
B73_chr10	39019756	39033851	LTRRT_49126	B73_chr10	39029555	39030493	meth_B73.ref_B73_10:39029555..39030493	7.39979	.
B73_chr10	39019756	39033851	LTRRT_49126	B73_chr10	39031995	39032305	meth_B73.ref_B73_10:39031995..39032305	7.29927	.
B73_chr10	39489093	39497357	LTRRT_49135	B73_chr10	39489108	39489562	meth_B73.ref_B73_10:39489108..39489562	2.17391	.
B73_chr10	39930072	39943613	LTRRT_49143	B73_chr10	39942223	39942416	meth_B73.ref_B73_10:39942223..39942416	3.0303	.
B73_chr10	40157153	40172718	LTRRT_49149	B73_chr10	40169896	40170257	meth_B73.ref_B73_10:40169896..40170257	8.85417	.
B73_chr10	40265765	40273705	LTRRT_49152	B73_chr10	40266303	40266458	meth_B73.ref_B73_10:40266303..40266458	15.0943	.
B73_chr10	40265765	40273705	LTRRT_49152	B73_chr10	40273119	40273298	meth_B73.ref_B73_10:40273119..40273298	15.8537	.
B73_chr10	40692360	40697888	LTRRT_49164	B73_chr10	40691466	40694839	meth_B73.ref_B73_10:40691466..40694839	2.99964	.
B73_chr10	40936017	40942857	LTRRT_49171	B73_chr10	40937537	40938139	meth_B73.ref_B73_10:40937537..40938139	3.82883	.
B73_chr10	40936017	40942857	LTRRT_49171	B73_chr10	40941878	40942424	meth_B73.ref_B73_10:40941878..40942424	7.46988	.
B73_chr10	41479362	41488686	LTRRT_49183	B73_chr10	41488567	41489793	meth_B73.ref_B73_10:41488567..41489793	1.96802	.
B73_chr10	41646146	41665195	LTRRT_49188	B73_chr10	41647260	41648019	meth_B73.ref_B73_10:41647260..41648019	6.50888	.
B73_chr10	41646146	41665195	LTRRT_49188	B73_chr10	41663921	41664681	meth_B73.ref_B73_10:41663921..41664681	6.46465	.
B73_chr10	42098993	42104521	LTRRT_49192	B73_chr10	42099452	42099606	meth_B73.ref_B73_10:42099452..42099606	8.98876	.
B73_chr10	42454803	42470371	LTRRT_49199	B73_chr10	42456399	42456753	meth_B73.ref_B73_10:42456399..42456753	7.0922	.
B73_chr10	43151606	43165763	LTRRT_49210	B73_chr10	43153594	43153820	meth_B73.ref_B73_10:43153594..43153820	7.31707	.
B73_chr10	43496747	43510275	LTRRT_49218	B73_chr10	43497006	43497798	meth_B73.ref_B73_10:43497006..43497798	3.04054	.
B73_chr10	43496747	43510275	LTRRT_49218	B73_chr10	43498122	43498291	meth_B73.ref_B73_10:43498122..43498291	4.7619	.
B73_chr10	43496747	43510275	LTRRT_49218	B73_chr10	43504718	43505696	meth_B73.ref_B73_10:43504718..43505696	1.10375	.
B73_chr10	43496747	43510275	LTRRT_49218	B73_chr10	43506929	43507340	meth_B73.ref_B73_10:43506929..43507340	4.1958	.
B73_chr10	43496747	43510275	LTRRT_49218	B73_chr10	43499034	43499537	meth_B73.ref_B73_10:43499034..43499537	4.28571	.
B73_chr10	44025022	44039957	LTRRT_49228	B73_chr10	44027194	44027530	meth_B73.ref_B73_10:44027194..44027530	10.1167	.
B73_chr10	44080644	44089804	LTRRT_49229	B73_chr10	44081620	44081887	meth_B73.ref_B73_10:44081620..44081887	13.0435	.
B73_chr10	44080644	44089804	LTRRT_49229	B73_chr10	44081966	44082640	meth_B73.ref_B73_10:44081966..44082640	2.59067	.
B73_chr10	44080644	44089804	LTRRT_49229	B73_chr10	44088312	44089297	meth_B73.ref_B73_10:44088312..44089297	2.00669	.
B73_chr10	44184570	44194033	LTRRT_49231	B73_chr10	44185603	44186362	meth_B73.ref_B73_10:44185603..44186362	3.99306	.
B73_chr10	44184570	44194033	LTRRT_49231	B73_chr10	44192767	44193648	meth_B73.ref_B73_10:44192767..44193648	5.57325	.
B73_chr10	44268042	44273150	LTRRT_49232	B73_chr10	44272600	44272891	meth_B73.ref_B73_10:44272600..44272891	18.4397	.
B73_chr10	44897469	44907257	LTRRT_49247	B73_chr10	44898582	44899445	meth_B73.ref_B73_10:44898582..44899445	4.87395	.
B73_chr10	44897469	44907257	LTRRT_49247	B73_chr10	44905957	44906700	meth_B73.ref_B73_10:44905957..44906700	2.00573	.
B73_chr10	45017295	45026510	LTRRT_49251	B73_chr10	45017683	45018598	meth_B73.ref_B73_10:45017683..45018598	5.02183	.
B73_chr10	45017295	45026510	LTRRT_49251	B73_chr10	45024694	45025406	meth_B73.ref_B73_10:45024694..45025406	6.79612	.
B73_chr10	45039114	45048272	LTRRT_49252	B73_chr10	45043278	45043450	meth_B73.ref_B73_10:45043278..45043450	11.4286	.
B73_chr10	45196278	45203291	LTRRT_49256	B73_chr10	45196952	45197332	meth_B73.ref_B73_10:45196952..45197332	2.54237	.
B73_chr10	45196278	45203291	LTRRT_49256	B73_chr10	45201042	45201701	meth_B73.ref_B73_10:45201042..45201701	1.92308	.
B73_chr10	45959171	45974147	LTRRT_49270	B73_chr10	45961344	45961657	meth_B73.ref_B73_10:45961344..45961657	13.0081	.
B73_chr10	46042455	46052282	LTRRT_49272	B73_chr10	46043569	46044330	meth_B73.ref_B73_10:46043569..46044330	1.03093	.
B73_chr10	46042455	46052282	LTRRT_49272	B73_chr10	46051028	46051771	meth_B73.ref_B73_10:46051028..46051771	1.70213	.
B73_chr10	46198790	46207945	LTRRT_49275	B73_chr10	46199825	46200784	meth_B73.ref_B73_10:46199825..46200784	5.66667	.
B73_chr10	46198790	46207945	LTRRT_49275	B73_chr10	46206486	46207391	meth_B73.ref_B73_10:46206486..46207391	5.15464	.
B73_chr10	46267493	46274371	LTRRT_49277	B73_chr10	46273606	46273819	meth_B73.ref_B73_10:46273606..46273819	0	.
B73_chr10	47478638	47492327	LTRRT_49301	B73_chr10	47487530	47488073	meth_B73.ref_B73_10:47487530..47488073	12.5	.
B73_chr10	47478638	47492327	LTRRT_49301	B73_chr10	47488170	47488495	meth_B73.ref_B73_10:47488170..47488495	13.3333	.
B73_chr10	47495150	47509162	LTRRT_49302	B73_chr10	47497014	47497166	meth_B73.ref_B73_10:47497014..47497166	15.3846	.
B73_chr10	48080196	48093138	LTRRT_49312	B73_chr10	48087043	48087413	meth_B73.ref_B73_10:48087043..48087413	11.9298	.
B73_chr10	48134208	48149206	LTRRT_49313	B73_chr10	48136092	48136385	meth_B73.ref_B73_10:48136092..48136385	12.069	.
B73_chr10	48944885	48960444	LTRRT_49326	B73_chr10	48957625	48957986	meth_B73.ref_B73_10:48957625..48957986	5.39419	.
B73_chr10	51037546	51044392	LTRRT_49374	B73_chr10	51038894	51039600	meth_B73.ref_B73_10:51038894..51039600	3.80435	.
B73_chr10	51037546	51044392	LTRRT_49374	B73_chr10	51043339	51043997	meth_B73.ref_B73_10:51043339..51043997	7.22222	.
B73_chr10	51162620	51170190	LTRRT_49377	B73_chr10	51169918	51170137	meth_B73.ref_B73_10:51169918..51170137	15.5172	.
B73_chr10	51282927	51290519	LTRRT_49381	B73_chr10	51288980	51289501	meth_B73.ref_B73_10:51288980..51289501	11.3636	.
B73_chr10	51546389	51555578	LTRRT_49388	B73_chr10	51547626	51548183	meth_B73.ref_B73_10:51547626..51548183	6.16438	.
B73_chr10	51546389	51555578	LTRRT_49388	B73_chr10	51554487	51555071	meth_B73.ref_B73_10:51554487..51555071	7.03364	.
B73_chr10	51823382	51836184	LTRRT_49396	B73_chr10	51825868	51826206	meth_B73.ref_B73_10:51825868..51826206	18.1564	.
B73_chr10	51823382	51836184	LTRRT_49396	B73_chr10	51826783	51827111	meth_B73.ref_B73_10:51826783..51827111	4.06977	.
B73_chr10	51823382	51836184	LTRRT_49396	B73_chr10	51827245	51827508	meth_B73.ref_B73_10:51827245..51827508	7.29167	.
B73_chr10	51823382	51836184	LTRRT_49396	B73_chr10	51833702	51834509	meth_B73.ref_B73_10:51833702..51834509	2.02703	.
B73_chr10	51928138	51945073	LTRRT_49400	B73_chr10	51928562	51929375	meth_B73.ref_B73_10:51928562..51929375	8.33333	.
B73_chr10	51928138	51945073	LTRRT_49400	B73_chr10	51943161	51943978	meth_B73.ref_B73_10:51943161..51943978	7.13101	.
B73_chr10	51954394	51963575	LTRRT_49402	B73_chr10	51954989	51955711	meth_B73.ref_B73_10:51954989..51955711	5.12821	.
B73_chr10	51954394	51963575	LTRRT_49402	B73_chr10	51959992	51960323	meth_B73.ref_B73_10:51959992..51960323	11.8343	.
B73_chr10	51954394	51963575	LTRRT_49402	B73_chr10	51961815	51962540	meth_B73.ref_B73_10:51961815..51962540	4.67836	.
B73_chr10	51975926	51980937	LTRRT_49403	B73_chr10	51976366	51977237	meth_B73.ref_B73_10:51976366..51977237	8.3682	.
B73_chr10	51975926	51980937	LTRRT_49403	B73_chr10	51977333	51978030	meth_B73.ref_B73_10:51977333..51978030	13.2353	.
B73_chr10	51975926	51980937	LTRRT_49403	B73_chr10	51978600	51978774	meth_B73.ref_B73_10:51978600..51978774	9.7561	.
B73_chr10	51975926	51980937	LTRRT_49403	B73_chr10	51979886	51980576	meth_B73.ref_B73_10:51979886..51980576	5.67686	.
B73_chr10	52063552	52072927	LTRRT_49407	B73_chr10	52063988	52064923	meth_B73.ref_B73_10:52063988..52064923	7.16783	.
B73_chr10	52063552	52072927	LTRRT_49407	B73_chr10	52071321	52071492	meth_B73.ref_B73_10:52071321..52071492	12.8049	.
B73_chr10	52234171	52240876	LTRRT_49412	B73_chr10	52234417	52234709	meth_B73.ref_B73_10:52234417..52234709	11.3402	.
B73_chr10	52245372	52252938	LTRRT_49413	B73_chr10	52246663	52246837	meth_B73.ref_B73_10:52246663..52246837	11.3636	.
B73_chr10	52319551	52323977	LTRRT_49418	B73_chr10	52319781	52320566	meth_B73.ref_B73_10:52319781..52320566	15.6695	.
B73_chr10	52319551	52323977	LTRRT_49418	B73_chr10	52320834	52321147	meth_B73.ref_B73_10:52320834..52321147	14.1935	.
B73_chr10	52319551	52323977	LTRRT_49418	B73_chr10	52323219	52323614	meth_B73.ref_B73_10:52323219..52323614	13.5135	.
B73_chr10	52325171	52332739	LTRRT_49419	B73_chr10	52325655	52325865	meth_B73.ref_B73_10:52325655..52325865	11.9048	.
B73_chr10	52325171	52332739	LTRRT_49419	B73_chr10	52332728	52332928	meth_B73.ref_B73_10:52332728..52332928	14.8148	.
B73_chr10	52332950	52340471	LTRRT_49420	B73_chr10	52333095	52333330	meth_B73.ref_B73_10:52333095..52333330	16.5517	.
B73_chr10	52332950	52340471	LTRRT_49420	B73_chr10	52334152	52334417	meth_B73.ref_B73_10:52334152..52334417	17.9487	.
B73_chr10	52332950	52340471	LTRRT_49420	B73_chr10	52335862	52336020	meth_B73.ref_B73_10:52335862..52336020	5.26316	.
B73_chr10	52611915	52626340	LTRRT_49428	B73_chr10	52613111	52613363	meth_B73.ref_B73_10:52613111..52613363	13.5135	.
B73_chr10	52823184	52838042	LTRRT_49436	B73_chr10	52826252	52827855	meth_B73.ref_B73_10:52826252..52827855	3.38164	.
B73_chr10	52823184	52838042	LTRRT_49436	B73_chr10	52833010	52833169	meth_B73.ref_B73_10:52833010..52833169	12.3596	.
B73_chr10	52823184	52838042	LTRRT_49436	B73_chr10	52834515	52836016	meth_B73.ref_B73_10:52834515..52836016	3.26652	.
B73_chr10	52905090	52920652	LTRRT_49439	B73_chr10	52905940	52906091	meth_B73.ref_B73_10:52905940..52906091	17.6471	.
B73_chr10	53078561	53085431	LTRRT_49444	B73_chr10	53082594	53082779	meth_B73.ref_B73_10:53082594..53082779	8.82353	.
B73_chr10	53346612	53354267	LTRRT_49449	B73_chr10	53346772	53347040	meth_B73.ref_B73_10:53346772..53347040	15.0754	.
B73_chr10	53346612	53354267	LTRRT_49449	B73_chr10	53348111	53348353	meth_B73.ref_B73_10:53348111..53348353	6.66667	.
B73_chr10	53604871	53611701	LTRRT_49453	B73_chr10	53605408	53605993	meth_B73.ref_B73_10:53605408..53605993	4.34783	.
B73_chr10	53604871	53611701	LTRRT_49453	B73_chr10	53609749	53610267	meth_B73.ref_B73_10:53609749..53610267	2.11268	.
B73_chr10	54394136	54404279	LTRRT_49471	B73_chr10	54395427	54396176	meth_B73.ref_B73_10:54395427..54396176	0.635593	.
B73_chr10	54394136	54404279	LTRRT_49471	B73_chr10	54402815	54403783	meth_B73.ref_B73_10:54402815..54403783	2.44444	.
B73_chr10	54662768	54669669	LTRRT_49481	B73_chr10	54664323	54665014	meth_B73.ref_B73_10:54664323..54665014	8.09524	.
B73_chr10	54662768	54669669	LTRRT_49481	B73_chr10	54668622	54669328	meth_B73.ref_B73_10:54668622..54669328	11.4804	.
B73_chr10	54832730	54835801	LTRRT_49486	B73_chr10	54835734	54836375	meth_B73.ref_B73_10:54835734..54836375	1.37931	.
B73_chr10	54955626	54961069	LTRRT_49490	B73_chr10	54960703	54961803	meth_B73.ref_B73_10:54960703..54961803	1.43149	.
B73_chr10	55740371	55747963	LTRRT_49509	B73_chr10	55747535	55747704	meth_B73.ref_B73_10:55747535..55747704	9.09091	.
B73_chr10	55782309	55796038	LTRRT_49511	B73_chr10	55784225	55785173	meth_B73.ref_B73_10:55784225..55785173	5.06135	.
B73_chr10	55782309	55796038	LTRRT_49511	B73_chr10	55791928	55792816	meth_B73.ref_B73_10:55791928..55792816	7.30159	.
B73_chr10	56387648	56392699	LTRRT_49525	B73_chr10	56385461	56389601	meth_B73.ref_B73_10:56385461..56389601	2.22474	.
B73_chr10	56387648	56392699	LTRRT_49525	B73_chr10	56391799	56395450	meth_B73.ref_B73_10:56391799..56395450	3.08617	.
B73_chr10	57408493	57423428	LTRRT_49553	B73_chr10	57409274	57409493	meth_B73.ref_B73_10:57409274..57409493	4.44444	.
B73_chr10	57497419	57507574	LTRRT_49555	B73_chr10	57497931	57498908	meth_B73.ref_B73_10:57497931..57498908	2.12766	.
B73_chr10	57497419	57507574	LTRRT_49555	B73_chr10	57505530	57506484	meth_B73.ref_B73_10:57505530..57506484	0.34662	.
B73_chr10	58437052	58451172	LTRRT_49577	B73_chr10	58446021	58446173	meth_B73.ref_B73_10:58446021..58446173	16.6667	.
B73_chr10	59039456	59055031	LTRRT_49591	B73_chr10	59052851	59053020	meth_B73.ref_B73_10:59052851..59053020	14.2857	.
B73_chr10	59147081	59162103	LTRRT_49594	B73_chr10	59159563	59159803	meth_B73.ref_B73_10:59159563..59159803	11.7647	.
B73_chr10	59195847	59200746	LTRRT_49596	B73_chr10	59196207	59196460	meth_B73.ref_B73_10:59196207..59196460	5.67376	.
B73_chr10	59195847	59200746	LTRRT_49596	B73_chr10	59198835	59199127	meth_B73.ref_B73_10:59198835..59199127	6.42857	.
B73_chr10	61106585	61121625	LTRRT_49653	B73_chr10	61115402	61115665	meth_B73.ref_B73_10:61115402..61115665	16.6667	.
B73_chr10	61126911	61132199	LTRRT_49654	B73_chr10	61130806	61136202	meth_B73.ref_B73_10:61130806..61136202	0.312045	.
B73_chr10	61243571	61252075	LTRRT_49657	B73_chr10	61243752	61244437	meth_B73.ref_B73_10:61243752..61244437	0	.
B73_chr10	61243571	61252075	LTRRT_49657	B73_chr10	61244555	61245522	meth_B73.ref_B73_10:61244555..61245522	0	.
B73_chr10	61243571	61252075	LTRRT_49657	B73_chr10	61248702	61250143	meth_B73.ref_B73_10:61248702..61250143	0.277778	.
B73_chr10	61423558	61434877	LTRRT_49662	B73_chr10	61425227	61426043	meth_B73.ref_B73_10:61425227..61426043	0.244499	.
B73_chr10	61423558	61434877	LTRRT_49662	B73_chr10	61426970	61427216	meth_B73.ref_B73_10:61426970..61427216	0	.
B73_chr10	61423558	61434877	LTRRT_49662	B73_chr10	61432703	61433480	meth_B73.ref_B73_10:61432703..61433480	0	.
B73_chr10	61423558	61434877	LTRRT_49662	B73_chr10	61434501	61434692	meth_B73.ref_B73_10:61434501..61434692	0	.
B73_chr10	61457885	61467885	LTRRT_49663	B73_chr10	61467858	61468436	meth_B73.ref_B73_10:61467858..61468436	2.14286	.
B73_chr10	61825143	61835974	LTRRT_49670	B73_chr10	61832261	61832558	meth_B73.ref_B73_10:61832261..61832558	2.77778	.
B73_chr10	63183105	63191387	LTRRT_49712	B73_chr10	63183298	63184894	meth_B73.ref_B73_10:63183298..63184894	1.77305	.
B73_chr10	63349083	63357886	LTRRT_49716	B73_chr10	63349488	63350404	meth_B73.ref_B73_10:63349488..63350404	6.09418	.
B73_chr10	63349083	63357886	LTRRT_49716	B73_chr10	63355981	63356886	meth_B73.ref_B73_10:63355981..63356886	3.40909	.
B73_chr10	66114235	66126277	LTRRT_49784	B73_chr10	66126226	66126949	meth_B73.ref_B73_10:66126226..66126949	0.4329	.
B73_chr10	66308484	66320426	LTRRT_49791	B73_chr10	66310836	66311013	meth_B73.ref_B73_10:66310836..66311013	0	.
B73_chr10	66308484	66320426	LTRRT_49791	B73_chr10	66311084	66311529	meth_B73.ref_B73_10:66311084..66311529	0	.
B73_chr10	66308484	66320426	LTRRT_49791	B73_chr10	66319372	66320066	meth_B73.ref_B73_10:66319372..66320066	5.38117	.
B73_chr10	67136542	67151548	LTRRT_49807	B73_chr10	67149063	67149225	meth_B73.ref_B73_10:67149063..67149225	16.2011	.
B73_chr10	67183609	67194030	LTRRT_49808	B73_chr10	67183995	67185284	meth_B73.ref_B73_10:67183995..67185284	0.192678	.
B73_chr10	67183609	67194030	LTRRT_49808	B73_chr10	67189904	67191138	meth_B73.ref_B73_10:67189904..67191138	0.173913	.
B73_chr10	67208032	67220521	LTRRT_49809	B73_chr10	67219199	67219356	meth_B73.ref_B73_10:67219199..67219356	12.5	.
B73_chr10	67542757	67556583	LTRRT_49821	B73_chr10	67544510	67545239	meth_B73.ref_B73_10:67544510..67545239	3.49206	.
B73_chr10	67542757	67556583	LTRRT_49821	B73_chr10	67545539	67545721	meth_B73.ref_B73_10:67545539..67545721	7.82609	.
B73_chr10	67542757	67556583	LTRRT_49821	B73_chr10	67546216	67546538	meth_B73.ref_B73_10:67546216..67546538	16.1074	.
B73_chr10	67542757	67556583	LTRRT_49821	B73_chr10	67552227	67552999	meth_B73.ref_B73_10:67552227..67552999	0.983607	.
B73_chr10	67542757	67556583	LTRRT_49821	B73_chr10	67553238	67553810	meth_B73.ref_B73_10:67553238..67553810	8.6728	.
B73_chr10	67542757	67556583	LTRRT_49821	B73_chr10	67553961	67554318	meth_B73.ref_B73_10:67553961..67554318	13.3929	.
B73_chr10	67663439	67668893	LTRRT_49826	B73_chr10	67668882	67672304	meth_B73.ref_B73_10:67668882..67672304	0.39383	.
B73_chr10	67750463	67757971	LTRRT_49830	B73_chr10	67750941	67752063	meth_B73.ref_B73_10:67750941..67752063	0.162338	.
B73_chr10	67750463	67757971	LTRRT_49830	B73_chr10	67755337	67756552	meth_B73.ref_B73_10:67755337..67756552	0	.
B73_chr10	67806262	67815452	LTRRT_49831	B73_chr10	67814434	67814650	meth_B73.ref_B73_10:67814434..67814650	18.6047	.
B73_chr10	68367883	68377201	LTRRT_49844	B73_chr10	68368989	68369537	meth_B73.ref_B73_10:68368989..68369537	8	.
B73_chr10	68367883	68377201	LTRRT_49844	B73_chr10	68376227	68376837	meth_B73.ref_B73_10:68376227..68376837	12.4688	.
B73_chr10	68455394	68460960	LTRRT_49846	B73_chr10	68460656	68465404	meth_B73.ref_B73_10:68460656..68465404	2.8913	.
B73_chr10	68465862	68471927	LTRRT_49847	B73_chr10	68466277	68466968	meth_B73.ref_B73_10:68466277..68466968	1.01892	.
B73_chr10	68849616	68863757	LTRRT_49854	B73_chr10	68852695	68853818	meth_B73.ref_B73_10:68852695..68853818	12.931	.
B73_chr10	68849616	68863757	LTRRT_49854	B73_chr10	68860872	68861312	meth_B73.ref_B73_10:68860872..68861312	8.60534	.
B73_chr10	68849616	68863757	LTRRT_49854	B73_chr10	68861461	68861730	meth_B73.ref_B73_10:68861461..68861730	12.1951	.
B73_chr10	69511801	69521499	LTRRT_49870	B73_chr10	69512028	69512724	meth_B73.ref_B73_10:69512028..69512724	6.20347	.
B73_chr10	69511801	69521499	LTRRT_49870	B73_chr10	69519841	69520403	meth_B73.ref_B73_10:69519841..69520403	16.2252	.
B73_chr10	70333883	70349147	LTRRT_49886	B73_chr10	70341094	70341292	meth_B73.ref_B73_10:70341094..70341292	17.2414	.
B73_chr10	70333883	70349147	LTRRT_49886	B73_chr10	70341589	70342988	meth_B73.ref_B73_10:70341589..70342988	3.55781	.
B73_chr10	70333883	70349147	LTRRT_49886	B73_chr10	70343092	70345294	meth_B73.ref_B73_10:70343092..70345294	1.22471	.
B73_chr10	71198015	71212829	LTRRT_49906	B73_chr10	71201259	71201449	meth_B73.ref_B73_10:71201259..71201449	13.6364	.
B73_chr10	71198015	71212829	LTRRT_49906	B73_chr10	71201633	71202571	meth_B73.ref_B73_10:71201633..71202571	7.35027	.
B73_chr10	71198015	71212829	LTRRT_49906	B73_chr10	71209865	71210803	meth_B73.ref_B73_10:71209865..71210803	3.63071	.
B73_chr10	71256974	71264914	LTRRT_49907	B73_chr10	71258282	71258808	meth_B73.ref_B73_10:71258282..71258808	1.90476	.
B73_chr10	71256974	71264914	LTRRT_49907	B73_chr10	71262722	71263190	meth_B73.ref_B73_10:71262722..71263190	2.19298	.
B73_chr10	71760071	71770365	LTRRT_49917	B73_chr10	71761682	71762567	meth_B73.ref_B73_10:71761682..71762567	0.462963	.
B73_chr10	71897472	71909123	LTRRT_49922	B73_chr10	71902392	71902575	meth_B73.ref_B73_10:71902392..71902575	16.6667	.
B73_chr10	71978356	71987571	LTRRT_49926	B73_chr10	71976914	71978543	meth_B73.ref_B73_10:71976914..71978543	1.87424	.
B73_chr10	72641008	72652930	LTRRT_49944	B73_chr10	72643188	72644021	meth_B73.ref_B73_10:72643188..72644021	4.32692	.
B73_chr10	73163590	73170462	LTRRT_49958	B73_chr10	73165354	73165712	meth_B73.ref_B73_10:73165354..73165712	11.7021	.
B73_chr10	73163590	73170462	LTRRT_49958	B73_chr10	73169483	73170218	meth_B73.ref_B73_10:73169483..73170218	7.50552	.
B73_chr10	73599537	73601988	LTRRT_49969	B73_chr10	73598888	73599615	meth_B73.ref_B73_10:73598888..73599615	1.80995	.
B73_chr10	75289724	75301113	LTRRT_50006	B73_chr10	75292017	75292567	meth_B73.ref_B73_10:75292017..75292567	8.33333	.
B73_chr10	75289724	75301113	LTRRT_50006	B73_chr10	75292627	75292797	meth_B73.ref_B73_10:75292627..75292797	0	.
B73_chr10	75289724	75301113	LTRRT_50006	B73_chr10	75299256	75299747	meth_B73.ref_B73_10:75299256..75299747	10.4167	.
B73_chr10	76182394	76187862	LTRRT_50021	B73_chr10	76180915	76182408	meth_B73.ref_B73_10:76180915..76182408	1.84697	.
B73_chr10	76182394	76187862	LTRRT_50021	B73_chr10	76187835	76189288	meth_B73.ref_B73_10:76187835..76189288	0.654372	.
B73_chr10	76258796	76272331	LTRRT_50024	B73_chr10	76272321	76274364	meth_B73.ref_B73_10:76272321..76274364	0.323974	.
B73_chr10	76483221	76497915	LTRRT_50031	B73_chr10	76485398	76485708	meth_B73.ref_B73_10:76485398..76485708	10.119	.
B73_chr10	77379600	77386437	LTRRT_50049	B73_chr10	77379996	77380696	meth_B73.ref_B73_10:77379996..77380696	5.21739	.
B73_chr10	77379600	77386437	LTRRT_50049	B73_chr10	77384377	77385100	meth_B73.ref_B73_10:77384377..77385100	6.26223	.
B73_chr10	78327730	78338949	LTRRT_50073	B73_chr10	78333873	78334603	meth_B73.ref_B73_10:78333873..78334603	2.8169	.
B73_chr10	78645763	78655540	LTRRT_50077	B73_chr10	78646148	78646873	meth_B73.ref_B73_10:78646148..78646873	7.51174	.
B73_chr10	78645763	78655540	LTRRT_50077	B73_chr10	78653565	78654345	meth_B73.ref_B73_10:78653565..78654345	4.28571	.
B73_chr10	79523505	79539277	LTRRT_50096	B73_chr10	79526348	79527171	meth_B73.ref_B73_10:79526348..79527171	3.49908	.
B73_chr10	79523505	79539277	LTRRT_50096	B73_chr10	79530722	79531482	meth_B73.ref_B73_10:79530722..79531482	2.33645	.
B73_chr10	79663905	79674725	LTRRT_50103	B73_chr10	79673206	79674501	meth_B73.ref_B73_10:79673206..79674501	1.5625	.
B73_chr10	79968667	79982195	LTRRT_50108	B73_chr10	79969743	79970000	meth_B73.ref_B73_10:79969743..79970000	0.78125	.
B73_chr10	79968667	79982195	LTRRT_50108	B73_chr10	79977991	79978318	meth_B73.ref_B73_10:79977991..79978318	1.33333	.
B73_chr10	80002999	80006086	LTRRT_50109	B73_chr10	80003913	80004940	meth_B73.ref_B73_10:80003913..80004940	0	.
B73_chr10	81061100	81069084	LTRRT_50133	B73_chr10	81051302	81061102	meth_B73.ref_B73_10:81051302..81061102	0.608971	.
B73_chr10	81308619	81315915	LTRRT_50142	B73_chr10	81307861	81308639	meth_B73.ref_B73_10:81307861..81308639	4.61538	.
B73_chr10	81681559	81690788	LTRRT_50150	B73_chr10	81682894	81683347	meth_B73.ref_B73_10:81682894..81683347	12.5	.
B73_chr10	82689645	82701379	LTRRT_50169	B73_chr10	82696140	82696325	meth_B73.ref_B73_10:82696140..82696325	6.45161	.
B73_chr10	82927170	82932885	LTRRT_50180	B73_chr10	82932859	82933127	meth_B73.ref_B73_10:82932859..82933127	0	.
B73_chr10	83382835	83388051	LTRRT_50189	B73_chr10	83379987	83390753	meth_B73.ref_B73_10:83379987..83390753	2.71426	.
B73_chr10	83686558	83699671	LTRRT_50197	B73_chr10	83688272	83689049	meth_B73.ref_B73_10:83688272..83689049	1.81818	.
B73_chr10	83686558	83699671	LTRRT_50197	B73_chr10	83695630	83695798	meth_B73.ref_B73_10:83695630..83695798	0	.
B73_chr10	83686558	83699671	LTRRT_50197	B73_chr10	83695955	83696435	meth_B73.ref_B73_10:83695955..83696435	0.819672	.
B73_chr10	83686558	83699671	LTRRT_50197	B73_chr10	83696681	83697571	meth_B73.ref_B73_10:83696681..83697571	7.93651	.
B73_chr10	83686558	83699671	LTRRT_50197	B73_chr10	83689458	83690214	meth_B73.ref_B73_10:83689458..83690214	6.0423	.
B73_chr10	83773374	83782696	LTRRT_50201	B73_chr10	83777726	83777914	meth_B73.ref_B73_10:83777726..83777914	16.6667	.
B73_chr10	84308534	84317773	LTRRT_50215	B73_chr10	84309536	84310324	meth_B73.ref_B73_10:84309536..84310324	4.46247	.
B73_chr10	84308534	84317773	LTRRT_50215	B73_chr10	84316513	84317219	meth_B73.ref_B73_10:84316513..84317219	6.52174	.
B73_chr10	86626387	86635537	LTRRT_50262	B73_chr10	86626884	86627829	meth_B73.ref_B73_10:86626884..86627829	5.52764	.
B73_chr10	86626387	86635537	LTRRT_50262	B73_chr10	86633545	86634504	meth_B73.ref_B73_10:86633545..86634504	3.68764	.
B73_chr10	86691829	86698853	LTRRT_50263	B73_chr10	86697172	86697330	meth_B73.ref_B73_10:86697172..86697330	5.55556	.
B73_chr10	87051583	87058511	LTRRT_50275	B73_chr10	87050092	87051667	meth_B73.ref_B73_10:87050092..87051667	1.0929	.
B73_chr10	89247776	89256922	LTRRT_50329	B73_chr10	89248277	89249236	meth_B73.ref_B73_10:89248277..89249236	1.99275	.
B73_chr10	89247776	89256922	LTRRT_50329	B73_chr10	89254934	89255921	meth_B73.ref_B73_10:89254934..89255921	4.60829	.
B73_chr10	89809321	89819128	LTRRT_50335	B73_chr10	89810396	89811300	meth_B73.ref_B73_10:89810396..89811300	5.53846	.
B73_chr10	89809321	89819128	LTRRT_50335	B73_chr10	89817822	89818762	meth_B73.ref_B73_10:89817822..89818762	5.59846	.
B73_chr10	90144182	90153950	LTRRT_50343	B73_chr10	90146745	90147207	meth_B73.ref_B73_10:90146745..90147207	0	.
B73_chr10	90144182	90153950	LTRRT_50343	B73_chr10	90153125	90153628	meth_B73.ref_B73_10:90153125..90153628	1.31579	.
B73_chr10	90651235	90656845	LTRRT_50357	B73_chr10	90656830	90657572	meth_B73.ref_B73_10:90656830..90657572	0.322061	.
B73_chr10	90766537	90777021	LTRRT_50360	B73_chr10	90774969	90776349	meth_B73.ref_B73_10:90774969..90776349	0	.
B73_chr10	90766537	90777021	LTRRT_50360	B73_chr10	90776499	90776721	meth_B73.ref_B73_10:90776499..90776721	0	.
B73_chr10	91030324	91039487	LTRRT_50366	B73_chr10	91030344	91030515	meth_B73.ref_B73_10:91030344..91030515	17.7215	.
B73_chr10	91950471	91967172	LTRRT_50394	B73_chr10	91957492	91958194	meth_B73.ref_B73_10:91957492..91958194	2.31362	.
B73_chr10	91950471	91967172	LTRRT_50394	B73_chr10	91961807	91962509	meth_B73.ref_B73_10:91961807..91962509	3.5533	.
B73_chr10	92166972	92176505	LTRRT_50400	B73_chr10	92168287	92169095	meth_B73.ref_B73_10:92168287..92169095	3.87097	.
B73_chr10	92166972	92176505	LTRRT_50400	B73_chr10	92174873	92175037	meth_B73.ref_B73_10:92174873..92175037	3.7037	.
B73_chr10	92166972	92176505	LTRRT_50400	B73_chr10	92175136	92175998	meth_B73.ref_B73_10:92175136..92175998	2.1611	.
B73_chr10	92542292	92551628	LTRRT_50409	B73_chr10	92541017	92542516	meth_B73.ref_B73_10:92541017..92542516	6.12245	.
B73_chr10	92833291	92845646	LTRRT_50415	B73_chr10	92834607	92834759	meth_B73.ref_B73_10:92834607..92834759	7.31707	.
B73_chr10	94609343	94623241	LTRRT_50454	B73_chr10	94621846	94622206	meth_B73.ref_B73_10:94621846..94622206	12.1622	.
B73_chr10	94799096	94804348	LTRRT_50458	B73_chr10	94803142	94803964	meth_B73.ref_B73_10:94803142..94803964	10.2857	.
B73_chr10	94799096	94804348	LTRRT_50458	B73_chr10	94804218	94805634	meth_B73.ref_B73_10:94804218..94805634	2.45353	.
B73_chr10	94799096	94804348	LTRRT_50458	B73_chr10	94797174	94799208	meth_B73.ref_B73_10:94797174..94799208	1.80772	.
B73_chr10	96840571	96853716	LTRRT_50504	B73_chr10	96841532	96842367	meth_B73.ref_B73_10:96841532..96842367	0	.
B73_chr10	96840571	96853716	LTRRT_50504	B73_chr10	96842698	96843298	meth_B73.ref_B73_10:96842698..96843298	2.88462	.
B73_chr10	96840571	96853716	LTRRT_50504	B73_chr10	96849007	96850065	meth_B73.ref_B73_10:96849007..96850065	0.226757	.
B73_chr10	96840571	96853716	LTRRT_50504	B73_chr10	96850389	96850678	meth_B73.ref_B73_10:96850389..96850678	0.787402	.
B73_chr10	96840571	96853716	LTRRT_50504	B73_chr10	96851464	96851635	meth_B73.ref_B73_10:96851464..96851635	2.27273	.
B73_chr10	96929979	96935331	LTRRT_50507	B73_chr10	96929060	96929990	meth_B73.ref_B73_10:96929060..96929990	1.30081	.
B73_chr10	96944427	96949087	LTRRT_50508	B73_chr10	96946771	96947503	meth_B73.ref_B73_10:96946771..96947503	0.83632	.
B73_chr10	96944427	96949087	LTRRT_50508	B73_chr10	96941889	96944496	meth_B73.ref_B73_10:96941889..96944496	0.725222	.
B73_chr10	96986707	96994531	LTRRT_50509	B73_chr10	96988222	96989617	meth_B73.ref_B73_10:96988222..96989617	1.05263	.
B73_chr10	96986707	96994531	LTRRT_50509	B73_chr10	96992796	96994191	meth_B73.ref_B73_10:96992796..96994191	2.97937	.
B73_chr10	97253704	97261668	LTRRT_50517	B73_chr10	97253896	97255357	meth_B73.ref_B73_10:97253896..97255357	1.50115	.
B73_chr10	97253704	97261668	LTRRT_50517	B73_chr10	97258485	97259945	meth_B73.ref_B73_10:97258485..97259945	0.404858	.
B73_chr10	97754369	97759956	LTRRT_50536	B73_chr10	97756428	97756593	meth_B73.ref_B73_10:97756428..97756593	17.1875	.
B73_chr10	97811371	97815191	LTRRT_50538	B73_chr10	97810325	97811408	meth_B73.ref_B73_10:97810325..97811408	0.593472	.
B73_chr10	97811371	97815191	LTRRT_50538	B73_chr10	97815165	97815663	meth_B73.ref_B73_10:97815165..97815663	2.11268	.
B73_chr10	98205853	98220429	LTRRT_50547	B73_chr10	98209052	98209991	meth_B73.ref_B73_10:98209052..98209991	7.76302	.
B73_chr10	98205853	98220429	LTRRT_50547	B73_chr10	98217178	98218311	meth_B73.ref_B73_10:98217178..98218311	5.25273	.
B73_chr10	98235159	98245647	LTRRT_50548	B73_chr10	98237420	98238218	meth_B73.ref_B73_10:98237420..98238218	0.531915	.
B73_chr10	98235159	98245647	LTRRT_50548	B73_chr10	98244306	98245069	meth_B73.ref_B73_10:98244306..98245069	9.48276	.
B73_chr10	98685230	98688324	LTRRT_50556	B73_chr10	98687365	98688820	meth_B73.ref_B73_10:98687365..98688820	0.83632	.
B73_chr10	99426852	99442158	LTRRT_50575	B73_chr10	99439539	99439718	meth_B73.ref_B73_10:99439539..99439718	19.1083	.
B73_chr10	100329039	100339532	LTRRT_50592	B73_chr10	100327290	100329182	meth_B73.ref_B73_10:100327290..100329182	3.67253	.
B73_chr10	100564758	100577440	LTRRT_50598	B73_chr10	100568708	100569695	meth_B73.ref_B73_10:100568708..100569695	3.15789	.
B73_chr10	100869339	100882492	LTRRT_50607	B73_chr10	100870058	100870540	meth_B73.ref_B73_10:100870058..100870540	3.37079	.
B73_chr10	100869339	100882492	LTRRT_50607	B73_chr10	100877993	100878505	meth_B73.ref_B73_10:100877993..100878505	2.95567	.
B73_chr10	101660290	101669659	LTRRT_50626	B73_chr10	101662071	101662333	meth_B73.ref_B73_10:101662071..101662333	12.5	.
B73_chr10	102862305	102877713	LTRRT_50658	B73_chr10	102864957	102865131	meth_B73.ref_B73_10:102864957..102865131	7.40741	.
B73_chr10	103892797	103904004	LTRRT_50682	B73_chr10	103899250	103899908	meth_B73.ref_B73_10:103899250..103899908	6.34249	.
B73_chr10	103984542	103998509	LTRRT_50683	B73_chr10	103989234	103989387	meth_B73.ref_B73_10:103989234..103989387	6.66667	.
B73_chr10	104616963	104623791	LTRRT_50693	B73_chr10	104618307	104619039	meth_B73.ref_B73_10:104618307..104619039	6.41283	.
B73_chr10	104616963	104623791	LTRRT_50693	B73_chr10	104622582	104623313	meth_B73.ref_B73_10:104622582..104623313	10.6339	.
B73_chr10	105804492	105813608	LTRRT_50724	B73_chr10	105806216	105806380	meth_B73.ref_B73_10:105806216..105806380	8	.
B73_chr10	106635418	106650821	LTRRT_50738	B73_chr10	106638136	106638507	meth_B73.ref_B73_10:106638136..106638507	12.3288	.
B73_chr10	106836117	106841662	LTRRT_50739	B73_chr10	106834689	106836359	meth_B73.ref_B73_10:106834689..106836359	2.58621	.
B73_chr10	107142142	107147947	LTRRT_50746	B73_chr10	107145757	107146059	meth_B73.ref_B73_10:107145757..107146059	7.40741	.
B73_chr10	108081540	108095293	LTRRT_50771	B73_chr10	108080619	108081586	meth_B73.ref_B73_10:108080619..108081586	0.704225	.
B73_chr10	108095441	108105597	LTRRT_50773	B73_chr10	108099930	108100124	meth_B73.ref_B73_10:108099930..108100124	15	.
B73_chr10	108318177	108323788	LTRRT_50779	B73_chr10	108316645	108318300	meth_B73.ref_B73_10:108316645..108318300	5.32633	.
B73_chr10	108567668	108580483	LTRRT_50782	B73_chr10	108569720	108569997	meth_B73.ref_B73_10:108569720..108569997	13.5802	.
B73_chr10	108567668	108580483	LTRRT_50782	B73_chr10	108570104	108570689	meth_B73.ref_B73_10:108570104..108570689	12.8463	.
B73_chr10	108567668	108580483	LTRRT_50782	B73_chr10	108571178	108571584	meth_B73.ref_B73_10:108571178..108571584	8.87097	.
B73_chr10	108567668	108580483	LTRRT_50782	B73_chr10	108576970	108578140	meth_B73.ref_B73_10:108576970..108578140	12.514	.
B73_chr10	108567668	108580483	LTRRT_50782	B73_chr10	108578572	108578898	meth_B73.ref_B73_10:108578572..108578898	6.89655	.
B73_chr10	108953760	108960659	LTRRT_50789	B73_chr10	108955271	108955818	meth_B73.ref_B73_10:108955271..108955818	5.9501	.
B73_chr10	108953760	108960659	LTRRT_50789	B73_chr10	108959584	108959775	meth_B73.ref_B73_10:108959584..108959775	13.9037	.
B73_chr10	108953760	108960659	LTRRT_50789	B73_chr10	108959837	108960098	meth_B73.ref_B73_10:108959837..108960098	17.6724	.
B73_chr10	108962890	108969757	LTRRT_50790	B73_chr10	108963395	108964079	meth_B73.ref_B73_10:108963395..108964079	3.01724	.
B73_chr10	108962890	108969757	LTRRT_50790	B73_chr10	108967595	108968420	meth_B73.ref_B73_10:108967595..108968420	5.11182	.
B73_chr10	110353821	110359439	LTRRT_50824	B73_chr10	110359024	110360341	meth_B73.ref_B73_10:110359024..110360341	1.9802	.
B73_chr10	111006903	111014580	LTRRT_50838	B73_chr10	111007462	111008511	meth_B73.ref_B73_10:111007462..111008511	0	.
B73_chr10	111006903	111014580	LTRRT_50838	B73_chr10	111011924	111013024	meth_B73.ref_B73_10:111011924..111013024	0.4158	.
B73_chr10	111117022	111123177	LTRRT_50840	B73_chr10	111122248	111122525	meth_B73.ref_B73_10:111122248..111122525	16.8539	.
B73_chr10	112081064	112086557	LTRRT_50861	B73_chr10	112086516	112087701	meth_B73.ref_B73_10:112086516..112087701	0.0821693	.
B73_chr10	113596910	113612584	LTRRT_50899	B73_chr10	113597946	113598882	meth_B73.ref_B73_10:113597946..113598882	2.37624	.
B73_chr10	113596910	113612584	LTRRT_50899	B73_chr10	113611324	113612201	meth_B73.ref_B73_10:113611324..113612201	4.98155	.
B73_chr10	115367722	115379509	LTRRT_50929	B73_chr10	115368060	115368743	meth_B73.ref_B73_10:115368060..115368743	1.60256	.
B73_chr10	115367722	115379509	LTRRT_50929	B73_chr10	115375629	115376402	meth_B73.ref_B73_10:115375629..115376402	4.43864	.
B73_chr10	116376195	116387711	LTRRT_50951	B73_chr10	116378041	116378195	meth_B73.ref_B73_10:116378041..116378195	14.4737	.
B73_chr10	116464133	116474781	LTRRT_50954	B73_chr10	116469242	116469885	meth_B73.ref_B73_10:116469242..116469885	0.634921	.
B73_chr10	116845474	116854399	LTRRT_50961	B73_chr10	116845761	116845919	meth_B73.ref_B73_10:116845761..116845919	11.9048	.
B73_chr10	117136701	117146095	LTRRT_50966	B73_chr10	117135979	117136900	meth_B73.ref_B73_10:117135979..117136900	4.10557	.
B73_chr10	117619860	117629022	LTRRT_50983	B73_chr10	117627221	117627927	meth_B73.ref_B73_10:117627221..117627927	2.0649	.
B73_chr10	117619860	117629022	LTRRT_50983	B73_chr10	117620364	117621320	meth_B73.ref_B73_10:117620364..117621320	2.54777	.
B73_chr10	117654179	117661020	LTRRT_50984	B73_chr10	117655700	117656302	meth_B73.ref_B73_10:117655700..117656302	9.71429	.
B73_chr10	117654179	117661020	LTRRT_50984	B73_chr10	117659963	117660175	meth_B73.ref_B73_10:117659963..117660175	16.1017	.
B73_chr10	117654179	117661020	LTRRT_50984	B73_chr10	117660230	117660587	meth_B73.ref_B73_10:117660230..117660587	6.79612	.
B73_chr10	118347800	118361403	LTRRT_51000	B73_chr10	118358125	118358280	meth_B73.ref_B73_10:118358125..118358280	0	.
B73_chr10	119000288	119005086	LTRRT_51014	B73_chr10	119000005	119000298	meth_B73.ref_B73_10:119000005..119000298	2.90698	.
B73_chr10	119000288	119005086	LTRRT_51014	B73_chr10	119001211	119003051	meth_B73.ref_B73_10:119001211..119003051	1.87185	.
B73_chr10	119982671	119994272	LTRRT_51043	B73_chr10	119984971	119985163	meth_B73.ref_B73_10:119984971..119985163	10	.
B73_chr10	120073295	120080702	LTRRT_51046	B73_chr10	120079118	120081777	meth_B73.ref_B73_10:120079118..120081777	1.12123	.
B73_chr10	120081838	120089113	LTRRT_51047	B73_chr10	120089022	120089886	meth_B73.ref_B73_10:120089022..120089886	2.33766	.
B73_chr10	120338086	120342887	LTRRT_51057	B73_chr10	120342737	120343892	meth_B73.ref_B73_10:120342737..120343892	3.41463	.
B73_chr10	120476783	120481033	LTRRT_51063	B73_chr10	120480984	120481728	meth_B73.ref_B73_10:120480984..120481728	0.967118	.
B73_chr10	120528454	120542194	LTRRT_51066	B73_chr10	120530160	120530320	meth_B73.ref_B73_10:120530160..120530320	0	.
B73_chr10	121155713	121171291	LTRRT_51080	B73_chr10	121157430	121157753	meth_B73.ref_B73_10:121157430..121157753	14.6341	.
B73_chr10	121414363	121417707	LTRRT_51083	B73_chr10	121412219	121414447	meth_B73.ref_B73_10:121412219..121414447	0.295639	.
B73_chr10	122627111	122632333	LTRRT_51111	B73_chr10	122632271	122634572	meth_B73.ref_B73_10:122632271..122634572	3.05707	.
B73_chr10	123059979	123071228	LTRRT_51124	B73_chr10	123060343	123061456	meth_B73.ref_B73_10:123060343..123061456	0.269542	.
B73_chr10	123059979	123071228	LTRRT_51124	B73_chr10	123067580	123068737	meth_B73.ref_B73_10:123067580..123068737	0	.
B73_chr10	123481488	123489557	LTRRT_51136	B73_chr10	123481137	123481543	meth_B73.ref_B73_10:123481137..123481543	5.48387	.
B73_chr10	123680545	123695591	LTRRT_51144	B73_chr10	123682416	123682724	meth_B73.ref_B73_10:123682416..123682724	6.89655	.
B73_chr10	123928299	123941067	LTRRT_51153	B73_chr10	123940241	123940603	meth_B73.ref_B73_10:123940241..123940603	10.5263	.
B73_chr10	124295884	124305218	LTRRT_51161	B73_chr10	124294161	124296106	meth_B73.ref_B73_10:124294161..124296106	2.25261	.
B73_chr10	124321149	124332905	LTRRT_51163	B73_chr10	124332376	124332652	meth_B73.ref_B73_10:124332376..124332652	10.2564	.
B73_chr10	126640910	126657135	LTRRT_51218	B73_chr10	126640249	126640932	meth_B73.ref_B73_10:126640249..126640932	1.26783	.
B73_chr10	126640910	126657135	LTRRT_51218	B73_chr10	126656952	126659325	meth_B73.ref_B73_10:126656952..126659325	0.579065	.
B73_chr10	128382349	128387673	LTRRT_51252	B73_chr10	128380943	128382575	meth_B73.ref_B73_10:128380943..128382575	1.80451	.
B73_chr10	128382349	128387673	LTRRT_51252	B73_chr10	128382686	128382864	meth_B73.ref_B73_10:128382686..128382864	18.1818	.
B73_chr10	128382349	128387673	LTRRT_51252	B73_chr10	128386540	128389535	meth_B73.ref_B73_10:128386540..128389535	1.1348	.
B73_chr10	129049203	129052494	LTRRT_51270	B73_chr10	129049590	129052099	meth_B73.ref_B73_10:129049590..129052099	1.72779	.
B73_chr10	129049203	129052494	LTRRT_51270	B73_chr10	129052488	129053259	meth_B73.ref_B73_10:129052488..129053259	2.52207	.
B73_chr10	129049203	129052494	LTRRT_51270	B73_chr10	129039864	129049327	meth_B73.ref_B73_10:129039864..129049327	1.44147	.
B73_chr10	129905263	129912814	LTRRT_51294	B73_chr10	129912203	129912417	meth_B73.ref_B73_10:129912203..129912417	14.3519	.
B73_chr10	130240443	130254602	LTRRT_51300	B73_chr10	130253722	130253892	meth_B73.ref_B73_10:130253722..130253892	0	.
B73_chr10	130466523	130470781	LTRRT_51307	B73_chr10	130470752	130475792	meth_B73.ref_B73_10:130470752..130475792	0.199369	.
B73_chr10	130547630	130556102	LTRRT_51309	B73_chr10	130545400	130547642	meth_B73.ref_B73_10:130545400..130547642	1.70306	.
B73_chr10	131465095	131470871	LTRRT_51333	B73_chr10	131464569	131465097	meth_B73.ref_B73_10:131464569..131465097	1.09589	.
B73_chr10	131714562	131719844	LTRRT_51338	B73_chr10	131712563	131714593	meth_B73.ref_B73_10:131712563..131714593	0.964392	.
B73_chr10	132173323	132182462	LTRRT_51351	B73_chr10	132173684	132174776	meth_B73.ref_B73_10:132173684..132174776	3.39893	.
B73_chr10	132173323	132182462	LTRRT_51351	B73_chr10	132180469	132181411	meth_B73.ref_B73_10:132180469..132181411	5.00626	.
B73_chr10	132302662	132307703	LTRRT_51357	B73_chr10	132307683	132310236	meth_B73.ref_B73_10:132307683..132310236	1.03681	.
B73_chr10	132641596	132655560	LTRRT_51367	B73_chr10	132647800	132647969	meth_B73.ref_B73_10:132647800..132647969	14.2857	.
B73_chr10	132827088	132835418	LTRRT_51376	B73_chr10	132835406	132838615	meth_B73.ref_B73_10:132835406..132838615	0.797448	.
B73_chr10	133455372	133460791	LTRRT_51397	B73_chr10	133460693	133472333	meth_B73.ref_B73_10:133460693..133472333	1.21739	.
B73_chr10	133747260	133754692	LTRRT_51404	B73_chr10	133750984	133751315	meth_B73.ref_B73_10:133750984..133751315	15.1852	.
B73_chr10	133747260	133754692	LTRRT_51404	B73_chr10	133752599	133753647	meth_B73.ref_B73_10:133752599..133753647	5.88235	.
B73_chr10	134487373	134506815	LTRRT_51427	B73_chr10	134490668	134493455	meth_B73.ref_B73_10:134490668..134493455	0.455466	.
B73_chr10	134487373	134506815	LTRRT_51427	B73_chr10	134493618	134496804	meth_B73.ref_B73_10:134493618..134496804	0.85026	.
B73_chr10	134941384	134954976	LTRRT_51435	B73_chr10	134954937	134962749	meth_B73.ref_B73_10:134954937..134962749	0.709607	.
B73_chr10	135091735	135096685	LTRRT_51440	B73_chr10	135096664	135096913	meth_B73.ref_B73_10:135096664..135096913	0	.
B73_chr10	135239414	135247642	LTRRT_51443	B73_chr10	135238864	135239481	meth_B73.ref_B73_10:135238864..135239481	1.69492	.
B73_chr10	135239414	135247642	LTRRT_51443	B73_chr10	135247477	135248586	meth_B73.ref_B73_10:135247477..135248586	0.819672	.
B73_chr10	135368932	135384119	LTRRT_51445	B73_chr10	135374228	135378048	meth_B73.ref_B73_10:135374228..135378048	1.11157	.
B73_chr10	135646672	135655329	LTRRT_51450	B73_chr10	135653173	135654440	meth_B73.ref_B73_10:135653173..135654440	0.13369	.
B73_chr10	135646672	135655329	LTRRT_51450	B73_chr10	135654634	135655001	meth_B73.ref_B73_10:135654634..135655001	1.28205	.
B73_chr10	136272212	136279720	LTRRT_51464	B73_chr10	136278157	136279541	meth_B73.ref_B73_10:136278157..136279541	1.15741	.
B73_chr10	136272212	136279720	LTRRT_51464	B73_chr10	136279612	136281266	meth_B73.ref_B73_10:136279612..136281266	1.0574	.
B73_chr10	137707491	137719022	LTRRT_51505	B73_chr10	137708206	137708411	meth_B73.ref_B73_10:137708206..137708411	12.3457	.
B73_chr10	137795430	137807450	LTRRT_51508	B73_chr10	137799376	137799990	meth_B73.ref_B73_10:137799376..137799990	0.381679	.
B73_chr10	137795430	137807450	LTRRT_51508	B73_chr10	137806320	137806954	meth_B73.ref_B73_10:137806320..137806954	0	.
B73_chr10	137825702	137840643	LTRRT_51509	B73_chr10	137827852	137828041	meth_B73.ref_B73_10:137827852..137828041	4.47761	.
B73_chr10	137825702	137840643	LTRRT_51509	B73_chr10	137838320	137838782	meth_B73.ref_B73_10:137838320..137838782	7.5	.
B73_chr10	137868134	137882006	LTRRT_51511	B73_chr10	137874282	137874452	meth_B73.ref_B73_10:137874282..137874452	15.7895	.
B73_chr10	137868134	137882006	LTRRT_51511	B73_chr10	137881434	137881640	meth_B73.ref_B73_10:137881434..137881640	13.7931	.
B73_chr10	137988417	137993617	LTRRT_51514	B73_chr10	137980668	137988477	meth_B73.ref_B73_10:137980668..137988477	0.676027	.
B73_chr10	137995963	138007548	LTRRT_51515	B73_chr10	138007520	138008527	meth_B73.ref_B73_10:138007520..138008527	2.51397	.
B73_chr10	138504135	138513125	LTRRT_51527	B73_chr10	138506785	138506937	meth_B73.ref_B73_10:138506785..138506937	15.5556	.
B73_chr10	138901205	138910855	LTRRT_51538	B73_chr10	138904144	138904404	meth_B73.ref_B73_10:138904144..138904404	2.63158	.
B73_chr10	138962382	138967485	LTRRT_51539	B73_chr10	138960570	138962441	meth_B73.ref_B73_10:138960570..138962441	0.976562	.
B73_chr10	139090252	139099663	LTRRT_51545	B73_chr10	139089559	139090274	meth_B73.ref_B73_10:139089559..139090274	1.66667	.
B73_chr10	139546524	139552659	LTRRT_51561	B73_chr10	139552657	139553107	meth_B73.ref_B73_10:139552657..139553107	0.338983	.
B73_chr10	139553093	139558453	LTRRT_51562	B73_chr10	139552657	139553107	meth_B73.ref_B73_10:139552657..139553107	0.338983	.
B73_chr10	139553093	139558453	LTRRT_51562	B73_chr10	139558436	139559234	meth_B73.ref_B73_10:139558436..139559234	3.20856	.
B73_chr10	139807176	139813400	LTRRT_51569	B73_chr10	139806505	139807211	meth_B73.ref_B73_10:139806505..139807211	2.81955	.
B73_chr10	139807176	139813400	LTRRT_51569	B73_chr10	139813386	139814414	meth_B73.ref_B73_10:139813386..139814414	1.75953	.
B73_chr10	139901733	139908376	LTRRT_51573	B73_chr10	139908330	139909056	meth_B73.ref_B73_10:139908330..139909056	1.55239	.
B73_chr10	141199249	141208484	LTRRT_51601	B73_chr10	141208463	141209593	meth_B73.ref_B73_10:141208463..141209593	3.61174	.
B73_chr10	141799152	141808094	LTRRT_51618	B73_chr10	141799787	141799993	meth_B73.ref_B73_10:141799787..141799993	6	.
B73_chr10	142745532	142759408	LTRRT_51644	B73_chr10	142755335	142755513	meth_B73.ref_B73_10:142755335..142755513	17.3077	.
B73_chr10	143011379	143017558	LTRRT_51647	B73_chr10	143017524	143019519	meth_B73.ref_B73_10:143017524..143019519	0.570885	.
B73_chr10	143021532	143027749	LTRRT_51648	B73_chr10	143027715	143028443	meth_B73.ref_B73_10:143027715..143028443	1.00125	.
B73_chr10	143868595	143881703	LTRRT_51670	B73_chr10	143881698	143882703	meth_B73.ref_B73_10:143881698..143882703	4.7486	.
B73_chr10	143896651	143902004	LTRRT_51671	B73_chr10	143895157	143896784	meth_B73.ref_B73_10:143895157..143896784	1.44404	.
B73_chr10	144070113	144073576	LTRRT_51675	B73_chr10	144068913	144074358	meth_B73.ref_B73_10:144068913..144074358	0.762347	.
B73_chr10	144170516	144176564	LTRRT_51679	B73_chr10	144176523	144177522	meth_B73.ref_B73_10:144176523..144177522	1.82584	.
B73_chr10	144427142	144430913	LTRRT_51686	B73_chr10	144424518	144427191	meth_B73.ref_B73_10:144424518..144427191	0.485699	.
B73_chr10	144771617	144774864	LTRRT_51695	B73_chr10	144770946	144771697	meth_B73.ref_B73_10:144770946..144771697	1.85644	.
B73_chr10	144771617	144774864	LTRRT_51695	B73_chr10	144774749	144775529	meth_B73.ref_B73_10:144774749..144775529	0.898588	.
B73_chr10	144884205	144894147	LTRRT_51699	B73_chr10	144889079	144889489	meth_B73.ref_B73_10:144889079..144889489	12.5806	.
B73_chr10	144952527	144957990	LTRRT_51703	B73_chr10	144957976	144958559	meth_B73.ref_B73_10:144957976..144958559	0.115207	.
B73_chr10	144952527	144957990	LTRRT_51703	B73_chr10	144947913	144952551	meth_B73.ref_B73_10:144947913..144952551	2.10012	.
B73_chr10	145155030	145160170	LTRRT_51708	B73_chr10	145160005	145161339	meth_B73.ref_B73_10:145160005..145161339	4.55426	.
B73_chr10	145693103	145695356	LTRRT_51724	B73_chr10	145692443	145693526	meth_B73.ref_B73_10:145692443..145693526	8.62801	.
B73_chr10	145693103	145695356	LTRRT_51724	B73_chr10	145695144	145696815	meth_B73.ref_B73_10:145695144..145696815	2.1555	.
B73_chr10	145902242	145907623	LTRRT_51730	B73_chr10	145907594	145909914	meth_B73.ref_B73_10:145907594..145909914	1.16369	.
B73_chr10	145902242	145907623	LTRRT_51730	B73_chr10	145899440	145902283	meth_B73.ref_B73_10:145899440..145902283	0.351247	.
B73_chr10	145960704	145964962	LTRRT_51731	B73_chr10	145959619	145960928	meth_B73.ref_B73_10:145959619..145960928	0.732601	.
B73_chr10	145967031	145981307	LTRRT_51732	B73_chr10	145978250	145978495	meth_B73.ref_B73_10:145978250..145978495	12.963	.
B73_chr10	146486093	146498241	LTRRT_51745	B73_chr10	146494851	146495036	meth_B73.ref_B73_10:146494851..146495036	0	.
B73_chr10	146647974	146656063	LTRRT_51751	B73_chr10	146649535	146649955	meth_B73.ref_B73_10:146649535..146649955	4.47761	.
B73_chr10	146647974	146656063	LTRRT_51751	B73_chr10	146650313	146650484	meth_B73.ref_B73_10:146650313..146650484	0	.
B73_chr10	146647974	146656063	LTRRT_51751	B73_chr10	146650635	146651271	meth_B73.ref_B73_10:146650635..146651271	1.08696	.
B73_chr10	146647974	146656063	LTRRT_51751	B73_chr10	146654027	146654578	meth_B73.ref_B73_10:146654027..146654578	0.925926	.
B73_chr10	146647974	146656063	LTRRT_51751	B73_chr10	146654735	146654912	meth_B73.ref_B73_10:146654735..146654912	0	.
B73_chr10	146647974	146656063	LTRRT_51751	B73_chr10	146655204	146655699	meth_B73.ref_B73_10:146655204..146655699	0	.
B73_chr10	147150085	147163667	LTRRT_51759	B73_chr10	147151152	147151357	meth_B73.ref_B73_10:147151152..147151357	4.54545	.
B73_chr10	147418897	147425061	LTRRT_51767	B73_chr10	147415969	147418899	meth_B73.ref_B73_10:147415969..147418899	0.180777	.
B73_chr10	147846460	147851661	LTRRT_51777	B73_chr10	147846426	147848719	meth_B73.ref_B73_10:147846426..147848719	0.576923	.
B73_chr10	147846460	147851661	LTRRT_51777	B73_chr10	147851503	147852600	meth_B73.ref_B73_10:147851503..147852600	2.55639	.
B73_chr10	147846460	147851661	LTRRT_51777	B73_chr10	147848749	147850771	meth_B73.ref_B73_10:147848749..147850771	1.15858	.
B73_chr10	148335651	148339524	LTRRT_51790	B73_chr10	148334384	148338906	meth_B73.ref_B73_10:148334384..148338906	2.07736	.
B73_chr10	148335651	148339524	LTRRT_51790	B73_chr10	148339294	148341916	meth_B73.ref_B73_10:148339294..148341916	0.801221	.
B73_chr10	148425741	148434093	LTRRT_51794	B73_chr10	148425880	148426333	meth_B73.ref_B73_10:148425880..148426333	0	.
B73_chr10	148572772	148578788	LTRRT_51800	B73_chr10	148577655	148578365	meth_B73.ref_B73_10:148577655..148578365	2.42792	.
B73_chr10	148812790	148817964	LTRRT_51808	B73_chr10	148817937	148823742	meth_B73.ref_B73_10:148817937..148823742	0.789344	.
B73_chr10	148940017	148942960	LTRRT_51811	B73_chr10	148936955	148940028	meth_B73.ref_B73_10:148936955..148940028	1.90311	.
B73_chr10	148961748	148967217	LTRRT_51812	B73_chr10	148960757	148962578	meth_B73.ref_B73_10:148960757..148962578	2.96736	.
B73_chr10	148961748	148967217	LTRRT_51812	B73_chr10	148963706	148964473	meth_B73.ref_B73_10:148963706..148964473	9.10891	.
B73_chr10	148961748	148967217	LTRRT_51812	B73_chr10	148962616	148963666	meth_B73.ref_B73_10:148962616..148963666	15.0255	.
B73_chr10	149708089	149713396	LTRRT_51829	B73_chr10	149704519	149708120	meth_B73.ref_B73_10:149704519..149708120	1.9469	.
B73_chr10	149778154	149794389	LTRRT_51833	B73_chr10	149776431	149778221	meth_B73.ref_B73_10:149776431..149778221	3.03556	.
B73_chr10	149778154	149794389	LTRRT_51833	B73_chr10	149794306	149799161	meth_B73.ref_B73_10:149794306..149799161	1.49845	.
B73_chr10	151069201	151076168	LTRRT_51865	B73_chr10	151068543	151069203	meth_B73.ref_B73_10:151068543..151069203	0.706215	.
B73_chr10	151069201	151076168	LTRRT_51865	B73_chr10	151074147	151074625	meth_B73.ref_B73_10:151074147..151074625	0.864553	.
B73_chr10	151069201	151076168	LTRRT_51865	B73_chr10	151075355	151075551	meth_B73.ref_B73_10:151075355..151075551	6.25	.
B73_chr10	151740715	151752013	LTRRT_51879	B73_chr10	151743564	151743850	meth_B73.ref_B73_10:151743564..151743850	0	.
B73_chr10	152033694	152041468	LTRRT_51885	B73_chr10	152040965	152041144	meth_B73.ref_B73_10:152040965..152041144	24.5902	.
B73_chr10	152127054	152132968	LTRRT_51886	B73_chr10	152132541	152132710	meth_B73.ref_B73_10:152132541..152132710	9.14634	.
